SECTION_KEY,USER_ID
A&S111-001-2026010,TJWI249
A&S111-001-2026030,TJWI249
A&S112-001-2026010,TJWI249
A&S112-001-2026030,TJWI249
A&S140-001-2026010,SMFA227
A&S140-001-2026030,SMFA227
A&S140-002-2026010,TNTI223
A&S140-002-2026030,TNTI223
A&S141-001-2026010,CSBROW6
A&S141-001-2026010,KGBR235
A&S141-002-2026010,AMLE289
A&S141-002-2026010,CSBROW6
A&S141-003-2026010,AMLE289
A&S141-003-2026010,CSBROW6
A&S141-004-2026010,CSBROW6
A&S141-004-2026010,KGBR235
A&S141-005-2026010,AMLE289
A&S141-005-2026010,CSBROW6
A&S141-006-2026010,AMLE289
A&S141-006-2026010,CSBROW6
A&S141-007-2026010,CSBROW6
A&S141-007-2026010,KGBR235
A&S141-008-2026010,CSBROW6
A&S141-008-2026010,KGBR235
A&S160-001-2026010,BCHE224
A&S160-001-2026030,BCHE224
A&S161-001-2026010,MSINOUE
A&S300-001-2026030,MRBAKE00
A&S300-001-2026030,PDHISL2
A&S300-201-2026030,MADI255
A&S300-202-2026030,SRDA227
A&S306-001-2026010,MALOVE2
A&S310-001-2026030,JMAB224
A&S350-201-2026030,NKE222
A&S350-202-2026030,JCMU245
A&S350-202-2026030,JLRI282
A&S350-202-2026030,KRBO251
A&S350-202-2026030,MDWI245
A&S420-201-2026030,JMAB224
A&S430-201-2026010,JLHUMA2
A&S602-201-2026010,CSBROW6
A-E120-001-2026010,CLGI228
A-E120-001-2026030,SABAIR2
A-E120-002-2026010,APWO224
A-E120-002-2026030,CLGI228
A-E120-003-2026010,ELHA265
A-E120-003-2026030,APWO224
A-E120-004-2026010,DJKA227
A-E120-004-2026030,DJKA227
A-E120-005-2026030,ELHA265
A-E200-001-2026010,SABAIR2
A-E200-001-2026030,RICHARD
A-E200-002-2026010,SABAIR2
A-E200-002-2026030,SABAIR2
A-E200-003-2026010,RJSM235
A-E200-003-2026030,RJSM235
A-E200-004-2026010,APWO224
A-E200-004-2026030,RICHARD
A-E300-001-2026030,JLST291
A-E362-001-2026010,SABAIR2
A-E395-001-2026030,JLST291
A-E395-002-2026030,RICHARD
A-E515-001-2026030,APWO224
A-E577-001-2026010,JLST291
A-E578-001-2026030,SABAIR2
A-E581-001-2026030,JLST291
A-E695-001-2026010,RICHARD
A-E695-001-2026030,RICHARD
A-E695-002-2026010,JLST291
A-E695-002-2026030,JLST291
A-E695-010-2026050,RICHARD
A-E748-001-2026010,RICHARD
A-E748-001-2026030,JLST291
A-E748-002-2026010,JLST291
A-E748-002-2026030,RICHARD
A-E748-010-2026050,RICHARD
A-H101-001-2026010,JKMI222
A-H101-001-2026030,MHSU226
A-H101-002-2026010,MHSU226
A-H101-002-2026030,ABHAYS0
A-H101-002-2026030,ZDHA228
A-H101-003-2026010,MHSU226
A-H101-003-2026030,ABHAYS0
A-H101-004-2026030,JKMI222
A-H105-001-2026010,ABHAYS0
A-H105-001-2026010,ZDHA228
A-H105-001-2026030,MHSU226
A-H106-001-2026010,WHEELER
A-H106-001-2026030,WHEELER
A-H106-002-2026010,ABHAYS0
A-H106-002-2026030,ABHAYS0
A-H106-003-2026010,ABHAYS0
A-H106-003-2026030,WHEELER
A-H106-004-2026010,SFKI228
A-H106-004-2026030,SFKI228
A-H300-001-2026030,ACHRIST
A-H301-001-2026010,SFKI228
A-H304-001-2026030,SFKI228
A-H310-001-2026030,PWA264
A-H314-001-2026010,ACHRIST
A-H323-001-2026030,ACHRIST
A-H341-001-2026030,SMFA244
A-H342-001-2026030,MEKI243
A-H343-001-2026010,PWA264
A-H350-001-2026010,MEKI243
A-H370-001-2026010,SMFA244
A-H370-002-2026010,SMFA244
A-H399-001-2026010,LAPAYN2
A-H399-001-2026030,LAPAYN2
A-H399-002-2026010,BAL237
A-H399-002-2026030,BAL237
A-H399-003-2026010,MEKI243
A-H399-010-2026050,LAPAYN2
A-H502-001-2026030,BAL237
A-H502-002-2026030,SHO252
A-H504-001-2026010,PWA264
A-H510-001-2026010,PWA264
A-H510-002-2026030,ACHRIST
A-H510-003-2026030,MEKI243
A-H526-001-2026030,PWA264
A-H527-001-2026030,SMFA244
A-H528-001-2026030,MEKI243
A-H555-001-2026010,ACHRIST
A-H592-001-2026010,TSU224
A-H598-001-2026030,SMFA244
A-H598-002-2026010,SMFA244
A-H598-010-2026050,MEKI243
A-H599-001-2026010,MEKI243
A-H599-001-2026030,LAPAYN2
A-H604-001-2026010,PWA264
A-H626-001-2026030,PWA264
A-H627-001-2026030,SMFA244
A-H628-001-2026030,MEKI243
A-H650-001-2026010,MEKI243
A-H655-001-2026010,ACHRIST
A-H738-001-2026030,ACHRIST
A-H748-001-2026010,ACHRIST
A-H748-001-2026030,ACHRIST
A-H768-001-2026010,MEKI243
A-H768-002-2026030,PWA264
A-H768-003-2026030,MEKI243
A-H780-001-2026010,PWA264
A-H780-002-2026030,ACHRIST
A-H780-003-2026030,MEKI243
A-H780-010-2026050,MEKI243
A-S001-001-2026030,BAL237
A-S101-001-2026010,MCPAGE0
A-S102-001-2026010,EMSHIP4
A-S102-001-2026030,CDTR227
A-S102-002-2026010,CDTR227
A-S102-002-2026030,PMRO227
A-S102-002-2026030,TJLO236
A-S102-003-2026010,AHA447
A-S102-003-2026030,IASH225
A-S102-003-2026030,PMRO227
A-S102-004-2026010,HEYO227
A-S102-004-2026030,HEYO227
A-S102-005-2026010,KWH242
A-S102-005-2026030,AHA447
A-S102-006-2026010,EMSHIP4
A-S103-001-2026030,SMVE229
A-S103-002-2026010,BRGO222
A-S103-002-2026030,BRGO222
A-S103-003-2026010,IASH225
A-S103-003-2026010,JCO225
A-S103-003-2026030,KWH242
A-S103-004-2026010,SMVE229
A-S130-001-2026010,AHA447
A-S130-001-2026030,RAWE233
A-S130-002-2026010,AHA447
A-S130-002-2026010,JTDOCK00
A-S130-002-2026030,RAWE233
A-S130-003-2026010,FTA230
A-S130-003-2026030,DES240
A-S130-003-2026030,JTDOCK00
A-S130-004-2026010,PBAD223
A-S130-004-2026030,AHA447
A-S130-005-2026010,RAWE233
A-S130-005-2026030,PBAD223
A-S130-006-2026010,RAWE233
A-S130-006-2026030,AHA447
A-S200-001-2026010,AMBASS2
A-S200-001-2026030,MTBU237
A-S200-002-2026010,AMBASS2
A-S200-002-2026010,RTJO236
A-S200-002-2026030,AMBASS2
A-S200-003-2026010,HESM232
A-S200-003-2026030,AMBASS2
A-S200-004-2026010,MTBU237
A-S200-004-2026030,HAST230
A-S200-005-2026010,ASE288
A-S200-005-2026030,HAST230
A-S200-006-2026010,ASE288
A-S200-210-2026050,STGO230
A-S200-211-2026050,PMRO227
A-S280-201-2026010,DCL229
A-S280-201-2026030,DCL229
A-S280-202-2026010,DCL229
A-S280-202-2026030,DCL229
A-S280-203-2026010,LAWA222
A-S280-203-2026030,LAWA222
A-S280-204-2026010,ADDE232
A-S280-204-2026030,LAWA222
A-S280-205-2026010,ADDE232
A-S280-205-2026030,ADDE232
A-S280-206-2026010,JHWA232
A-S280-206-2026030,ADDE232
A-S280-207-2026010,JHWA232
A-S280-207-2026030,JHWA232
A-S280-208-2026010,EHO250
A-S280-208-2026030,JHWA232
A-S280-209-2026010,EHO250
A-S280-209-2026030,EHO250
A-S280-210-2026010,MSSI226
A-S280-210-2026030,EHO250
A-S280-210-2026050,HAST230
A-S280-211-2026030,MSSI226
A-S280-211-2026050,ADDE232
A-S280-212-2026030,MSSI226
A-S280-212-2026050,DCL229
A-S285-001-2026010,JLME249
A-S285-001-2026010,TJLO236
A-S285-001-2026030,JLME249
A-S285-002-2026010,JLME249
A-S285-002-2026030,JLME249
A-S285-002-2026030,RTJO236
A-S285-003-2026010,PJGI224
A-S285-003-2026030,LAPAYN2
A-S285-004-2026010,PJGI224
A-S285-004-2026030,PJGI224
A-S285-005-2026030,PJGI224
A-S300-001-2026010,GHA235
A-S300-001-2026030,JSO233
A-S300-002-2026010,JSO233
A-S300-002-2026030,JSO233
A-S300-003-2026010,JSO233
A-S305-001-2026010,FKE228
A-S306-001-2026010,DMALONE
A-S310-001-2026010,BSM225
A-S310-001-2026030,BSM225
A-S310-002-2026010,PBAD223
A-S311-001-2026010,BSM225
A-S311-001-2026030,JHNO224
A-S320-001-2026010,JMC259
A-S320-001-2026030,JALE237
A-S320-002-2026010,DWI243
A-S321-001-2026030,JALE237
A-S322-001-2026030,DWI243
A-S330-001-2026030,PBAD223
A-S331-001-2026010,JHNO224
A-S331-001-2026030,BSM225
A-S335-001-2026010,DES240
A-S335-001-2026030,DES240
A-S335-002-2026030,JHNO224
A-S335-003-2026010,JHNO224
A-S340-001-2026010,HAST230
A-S340-001-2026030,HAST230
A-S340-002-2026010,HAST230
A-S340-002-2026030,STGO230
A-S340-003-2026010,HAST230
A-S340-003-2026030,STGO230
A-S340-010-2026050,MCPAGE0
A-S341-001-2026010,DWI243
A-S341-002-2026010,CEB223
A-S341-002-2026030,CEB223
A-S342-001-2026010,MCI226
A-S342-001-2026030,DWI243
A-S343-001-2026010,AMBASS2
A-S343-001-2026030,PMRO227
A-S344-001-2026030,MCPAGE0
A-S345-001-2026010,DSTRA2
A-S345-001-2026030,CEB223
A-S346-001-2026010,LAPAYN2
A-S346-001-2026030,LAPAYN2
A-S347-002-2026030,AMBASS2
A-S349-001-2026010,CEB223
A-S350-001-2026010,CTO225
A-S350-001-2026030,CTO225
A-S351-001-2026010,CIGR224
A-S352-001-2026030,CIGR224
A-S360-001-2026010,GBIBB1
A-S361-001-2026030,JCO225
A-S364-001-2026030,HESM232
A-S370-001-2026010,WST222
A-S370-001-2026030,WST222
A-S370-002-2026030,RLSCRO1
A-S371-001-2026010,WST222
A-S371-001-2026030,WST222
A-S380-001-2026010,GHA235
A-S380-001-2026030,JLME249
A-S384-001-2026010,JLME249
A-S385-001-2026010,JSO233
A-S387-001-2026030,JSO233
A-S390-001-2026030,HESM232
A-S390-002-2026010,HESM232
A-S390-002-2026030,PEMAST2
A-S390-003-2026010,JMC259
A-S390-004-2026010,JCO225
A-S390-005-2026010,JCO225
A-S390-006-2026010,LAPAYN2
A-S395-001-2026010,LAPAYN2
A-S395-001-2026030,MCPAGE0
A-S395-002-2026010,JHNO224
A-S395-002-2026030,JHNO224
A-S395-003-2026010,GBIBB1
A-S395-003-2026030,WST222
A-S395-004-2026010,JCO225
A-S395-004-2026030,STGO230
A-S395-005-2026010,CEB223
A-S395-005-2026030,RADAM3
A-S395-006-2026010,MCPAGE0
A-S395-006-2026030,CEB223
A-S395-007-2026030,JCO225
A-S395-008-2026030,DSTRA2
A-S395-009-2026030,LAPAYN2
A-S395-010-2026030,GHA235
A-S398-001-2026010,BSM225
A-S398-001-2026030,BSM225
A-S398-002-2026010,JHNO224
A-S398-002-2026030,STGO230
A-S398-003-2026030,DMALONE
A-S398-010-2026050,MCPAGE0
A-S398-211-2026050,PMRO227
A-S399-001-2026010,LAPAYN2
A-S399-001-2026030,LAPAYN2
A-S399-010-2026020,LAPAYN2
A-S399-010-2026050,LAPAYN2
A-S446-001-2026030,DMALONE
A-S490-001-2026010,BAL237
A-S490-001-2026030,DMALONE
A-S510-001-2026010,BSM225
A-S510-001-2026030,JHNO224
A-S511-001-2026010,BSM225
A-S511-001-2026030,JHNO224
A-S520-001-2026010,JMC259
A-S521-001-2026010,DWI243
A-S521-001-2026030,JALE237
A-S521-002-2026030,DWI243
A-S530-001-2026010,JHNO224
A-S530-001-2026030,PBAD223
A-S535-001-2026030,STGO230
A-S540-001-2026010,MCI226
A-S541-001-2026030,MCI226
A-S546-001-2026010,DMALONE
A-S546-001-2026030,DSTRA2
A-S547-001-2026010,MCPAGE0
A-S547-001-2026030,MCI226
A-S547-002-2026030,MCPAGE0
A-S549-001-2026010,CEB223
A-S552-001-2026030,CIGR224
A-S560-001-2026010,GBIBB1
A-S561-001-2026030,JCO225
A-S570-001-2026010,WST222
A-S570-001-2026030,RLSCRO1
A-S571-001-2026010,WST222
A-S571-001-2026030,RLSCRO1
A-S580-001-2026010,FKE228
A-S580-001-2026030,GHA235
A-S581-001-2026010,FKE228
A-S581-001-2026030,GHA235
A-S586-001-2026010,RADAM3
A-S596-001-2026010,JCO225
A-S610-001-2026030,JHNO224
A-S611-001-2026030,JHNO224
A-S620-001-2026010,DWI243
A-S621-001-2026030,DWI243
A-S630-001-2026030,BSM225
A-S630-002-2026010,BRGO222
A-S630-002-2026030,BRGO222
A-S630-003-2026030,DES240
A-S630-004-2026010,JMC259
A-S630-004-2026030,JMC259
A-S630-005-2026010,JHNO224
A-S630-005-2026030,JHNO224
A-S630-006-2026010,DWI243
A-S630-006-2026030,DWI243
A-S660-001-2026010,GBIBB1
A-S661-001-2026030,JCO225
A-S670-001-2026010,WST222
A-S670-001-2026030,RLSCRO1
A-S671-001-2026010,WST222
A-S671-001-2026030,RLSCRO1
A-S680-001-2026010,FKE228
A-S680-001-2026030,GHA235
A-S681-001-2026010,FKE228
A-S681-001-2026030,GHA235
A-S710-001-2026010,JHNO224
A-S710-001-2026030,JHNO224
A-S720-001-2026010,DWI243
A-S720-002-2026010,JMC259
A-S730-001-2026010,BRGO222
A-S730-002-2026030,JMC259
A-S730-003-2026010,DWI243
A-S730-003-2026030,DWI243
A-S740-001-2026010,CIGR224
A-S740-001-2026030,CIGR224
A-S750-001-2026010,GBIBB1
A-S750-001-2026030,GBIBB1
A-S750-002-2026010,BRGO222
A-S750-002-2026030,BRGO222
A-S770-001-2026010,RLSCRO1
A-S770-001-2026030,RLSCRO1
A-S770-002-2026010,WST222
A-S770-003-2026030,WST222
A-S777-001-2026010,DMALONE
A-S777-001-2026030,DMALONE
A-S777-002-2026010,DSTRA2
A-S777-002-2026030,DSTRA2
A-S777-003-2026010,CEB223
A-S777-004-2026010,DWI243
A-S779-001-2026010,RADAM3
A-S779-001-2026030,RADAM3
A-S779-002-2026010,GHA235
A-S779-002-2026030,FKE228
A-S779-003-2026010,FKE228
A-S780-001-2026010,RADAM3
A-S780-001-2026030,RADAM3
A-S780-002-2026010,GBIBB1
A-S780-002-2026030,GBIBB1
A-S780-003-2026030,DWI243
A-S780-004-2026010,DMALONE
A-S780-004-2026030,BRGO222
A-S780-005-2026010,CIGR224
A-S780-005-2026030,DMALONE
A-S780-006-2026010,DWI243
A-S780-006-2026030,JMC259
A-S780-007-2026030,MCI226
A-S780-008-2026010,RLSCRO1
A-S780-008-2026030,CIGR224
A-S780-009-2026010,CEB223
A-S780-009-2026030,RLSCRO1
A-S780-010-2026010,WST222
A-S780-010-2026030,CEB223
A-S780-010-2026050,DWI243
A-S780-011-2026010,DSTRA2
A-S780-011-2026030,WST222
A-S780-011-2026050,JMC259
A-S780-012-2026010,GHA235
A-S780-012-2026030,DSTRA2
A-S780-013-2026010,MCI226
A-S780-013-2026030,CEB223
A-S793-001-2026010,DMALONE
A-S795-001-2026010,RADAM3
A-S795-001-2026030,RADAM3
A-S795-002-2026010,GBIBB1
A-S795-002-2026030,GBIBB1
A-S795-003-2026010,BRGO222
A-S795-003-2026030,GHA235
A-S795-004-2026010,DMALONE
A-S795-004-2026030,BRGO222
A-S795-005-2026010,JMC259
A-S795-005-2026030,DMALONE
A-S795-006-2026010,DWI243
A-S795-006-2026030,JMC259
A-S795-007-2026010,CIGR224
A-S795-007-2026030,MCI226
A-S795-008-2026010,RLSCRO1
A-S795-008-2026030,CIGR224
A-S795-009-2026010,CEB223
A-S795-009-2026030,RLSCRO1
A-S795-010-2026010,WST222
A-S795-010-2026030,CEB223
A-S795-010-2026050,DWI243
A-S795-011-2026010,DSTRA2
A-S795-011-2026030,WST222
A-S795-011-2026050,JMC259
A-S795-012-2026010,GHA235
A-S795-012-2026030,DSTRA2
A-S795-013-2026010,MCI226
A-S795-013-2026030,DWI243
A-S795-014-2026010,FKE228
A-S799-001-2026010,RADAM3
A-S799-001-2026030,RADAM3
A-S799-002-2026010,GBIBB1
A-S799-002-2026030,JHNO224
A-S799-003-2026010,BRGO222
A-S799-003-2026030,BRGO222
A-S799-004-2026010,DMALONE
A-S799-004-2026030,GHA235
A-S799-005-2026010,JMC259
A-S799-005-2026030,DMALONE
A-S799-006-2026010,MCI226
A-S799-006-2026030,JMC259
A-S799-007-2026010,CIGR224
A-S799-007-2026030,MCI226
A-S799-008-2026010,RLSCRO1
A-S799-008-2026030,CIGR224
A-S799-009-2026010,RSHAY
A-S799-009-2026030,RLSCRO1
A-S799-010-2026010,WST222
A-S799-010-2026030,FKE228
A-S799-010-2026050,DWI243
A-S799-011-2026010,DSTRA2
A-S799-011-2026030,WST222
A-S799-011-2026050,JMC259
A-S799-012-2026010,GHA235
A-S799-012-2026030,DSTRA2
A-S799-013-2026030,DWI243
AAD103-001-2026010,KSPELL2
AAD150-001-2026010,MLTURN01
AAD150-001-2026030,MLTURN01
AAD180-001-2026030,KSPELL2
AAD203-001-2026030,MLTURN01
AAD240-001-2026010,KSPELL2
AAD240-001-2026010,MCMA279
AAD240-001-2026030,KSPELL2
AAD240-001-2026030,MCMA279
AAD299-001-2026010,RSH226
AAD300-001-2026010,KSPELL2
AAD303-001-2026030,KSPELL2
AAD305-001-2026030,MLTURN01
AAD310-001-2026030,KSPELL2
AAD320-001-2026010,RWPH222
AAD350-001-2026010,YJU224
AAD353-001-2026010,MLTURN01
AAD370-001-2026030,STLL222
AAD380-001-2026010,MLTURN01
AAD395-001-2026010,RSH226
AAD395-001-2026030,KSPELL2
AAD395-002-2026030,KSPELL2
AAD395-030-2026020,RSH226
AAD399-001-2026010,KSPELL2
AAD399-001-2026030,MLTURN01
AAD399-010-2026050,RSH226
AAD403-001-2026030,MLTURN01
AAD410-001-2026010,JESC238
AAD420-001-2026030,JRWE231
AAD425-001-2026010,LDHA234
AAD450-001-2026030,KSPELL2
AAD480-001-2026030,JESC238
AAD498-201-2026010,MLTURN01
AAD498-201-2026030,MLTURN01
AAD498-210-2026050,MLTURN01
AAD499-201-2026010,MLTURN01
AAD499-201-2026030,MLTURN01
AAD499-210-2026050,MLTURN01
AAD510-201-2026010,KSPELL2
AAD510-202-2026010,KSPELL2
AAD521-201-2026010,KEHO260
AAD521-202-2026010,KEHO260
AAD521-210-2026050,KEHO260
AAD521-211-2026050,KEHO260
AAD542-201-2026030,MWIBRA0
AAD542-202-2026030,MWIBRA0
AAD595-201-2026030,JRWE231
AAD595-202-2026030,JRWE231
AAD620-201-2026010,JESC238
AAD620-201-2026030,JESC238
AAD625-201-2026030,ECGA238
AAD625-201-2026030,RWPH222
AAD629-201-2026030,RWPH222
AAD630-210-2026050,CMO242
AAD640-201-2026010,ECGA238
AAD640-201-2026010,RWPH222
AAD640-201-2026030,NDDE226
AAD651-201-2026030,LDHA234
AAD655-201-2026010,ZTMA230
AAD665-201-2026030,TCBU230
AAD680-201-2026010,ZTMA230
AAD690-201-2026010,NDDE226
AAD695-201-2026010,RSH226
AAD695-201-2026030,LDHA234
AAD695-202-2026010,RWPH222
AAD695-202-2026030,JRWE231
AAD695-210-2026050,RSH226
AAD695-212-2026050,RWPH222
AAD699-201-2026010,NDDE226
AAD699-210-2026050,RSH226
AAD720-201-2026010,JRWE231
AAD720-201-2026030,JRWE231
AAD757-201-2026030,JESC238
AAD757-201-2026030,RSH226
AAD757-202-2026030,JRWE231
AAD757-202-2026030,LDHA234
AAD757-202-2026030,RSH226
AAD767-201-2026010,JTNE232
AAD767-201-2026010,KDBRAD2
AAD767-201-2026010,RSH226
AAD767-201-2026010,YJU224
AAD767-201-2026030,JTNE232
AAD767-201-2026030,KDBRAD2
AAD767-201-2026030,RSH226
AAD767-202-2026010,NHU222
AAD767-202-2026010,OAAD223
AAD767-202-2026010,RSH226
AAD767-202-2026010,YJU224
AAD767-202-2026030,JESC238
AAD767-202-2026030,NHU222
AAD767-202-2026030,OAAD223
AAD767-202-2026030,RSH226
AAD767-203-2026010,ASRH225
AAD767-203-2026010,MWSH226
AAD767-203-2026010,RSH226
AAD767-203-2026030,ASRH225
AAD767-203-2026030,MWSH226
AAD767-203-2026030,RSH226
AAD767-204-2026010,ASRH225
AAD767-204-2026010,RSH226
AAD767-204-2026010,YJU224
AAD767-204-2026010,ZTMA230
AAD767-204-2026030,ASRH225
AAD767-204-2026030,RSH226
AAD767-204-2026030,ZTMA230
AAD767-205-2026010,JESC238
AAD767-205-2026010,JRWE231
AAD767-205-2026010,YJU224
AAD767-205-2026030,JESC238
AAD767-205-2026030,JRWE231
AAD767-207-2026010,JJENSEN
AAD767-207-2026010,JRWE231
AAD767-207-2026010,RWPH222
AAD767-207-2026030,JJENSEN
AAD767-207-2026030,JRWE231
AAD767-207-2026030,RSH226
AAD767-207-2026030,RWPH222
AAD767-209-2026010,ASRH225
AAD767-209-2026010,JLE240
AAD767-209-2026010,JRWE231
AAD767-209-2026010,YJU224
AAD767-209-2026030,ASRH225
AAD767-209-2026030,JLE240
AAD767-209-2026030,JRWE231
AAD767-209-2026030,YJU224
AAD767-210-2026010,RJST254
AAD767-210-2026010,RSH226
AAD767-210-2026010,TCBU230
AAD767-210-2026010,YJU224
AAD795-201-2026010,YJU224
AAS100-001-2026010,DECL223
AAS100-003-2026010,DECL223
AAS100-004-2026010,DECL223
AAS200-001-2026010,ACZI223
AAS200-001-2026030,DWH249
AAS235-001-2026030,CUEM222
AAS235-002-2026010,MEHA319
AAS235-002-2026030,MEHA319
AAS235-201-2026010,KMFO229
AAS235-201-2026030,JARO249
AAS235-202-2026010,KMFO229
AAS235-210-2026050,JARO249
AAS253-001-2026010,HJJO231
AAS254-001-2026030,SRDA227
AAS260-001-2026010,NBR265
AAS264-001-2026030,KEW222
AAS264-002-2026010,MAJE234
AAS264-002-2026030,AVDOOL2
AAS264-201-2026010,MAJE234
AAS264-201-2026030,NSWR222
AAS300-001-2026030,JMC230
AAS400-001-2026010,GCWR223
AAS400-001-2026030,GCWR223
AAS400-002-2026010,DSBE239
AAS400-002-2026030,DWH249
AAS400-003-2026010,HJJO231
AAS400-003-2026030,DSBE239
AAS400-004-2026010,DSBE239
AAS400-006-2026030,KDNE229
AAS400-007-2026010,SCHEIN
AAS400-008-2026010,RHA365
AAS400-008-2026030,AHA270
AAS400-009-2026030,PWA264
AAS400-010-2026030,LPE259
AAS401-001-2026010,BLO247
AAS432-001-2026010,DLWA249
AAS433-201-2026010,ASLIBE2
AAS500-201-2026010,LPE259
AAS500-201-2026030,DSBE239
AAS616-001-2026030,KTYLE2
ABT101-001-2026010,LNUN223
ABT101-001-2026010,RLHI227
ABT120-001-2026030,ZWA301
ABT120-002-2026030,ZWA301
ABT201-001-2026010,ENAD222
ABT201-001-2026030,OTSYU2
ABT301-001-2026010,AEPA225
ABT301-002-2026010,ADOWNIE
ABT301-002-2026030,CMRO267
ABT301-003-2026010,OTSYU2
ABT301-003-2026030,ARBE243
ABT310-001-2026010,JDU282
ABT310-001-2026030,JDU282
ABT360-001-2026010,LJBR240
ABT360-001-2026030,TMWILK2
ABT394-001-2026030,KRCORB3
ABT394-201-2026010,KRCORB3
ABT395-010-2026050,OTSYU2
ABT396-010-2026050,ENAD222
ABT460-001-2026010,NMTE222
ABT460-001-2026030,LMO225
ABT461G-001-2026010,CFOX
ABT461G-001-2026030,JDU282
ABT480-001-2026030,FARMAN
ABT480-002-2026010,BMJO263
ABT480-003-2026030,TIZ222
ABT495-001-2026010,AGHUNT00
ABT495-001-2026010,TMWILK2
ABT495-001-2026010,VSH237
ABT495-001-2026030,AAL609
ABT495-001-2026030,AGHUNT00
ABT495-001-2026030,TMWILK2
ABT495-002-2026010,AGHUNT00
ABT495-002-2026010,ARSK228
ABT495-002-2026010,LMO225
ACC200-001-2026010,HNI235
ACC200-001-2026030,HNI235
ACC200-002-2026010,HNI235
ACC200-002-2026030,JWSIEB0
ACC200-003-2026010,ACAST5
ACC200-003-2026030,HNI235
ACC200-004-2026010,HNI235
ACC200-004-2026030,HNI235
ACC200-005-2026030,RBU225
ACC200-006-2026010,HNI235
ACC200-201-2026010,RBU225
ACC200-201-2026030,JESM222
ACC200-202-2026010,JESM222
ACC200-202-2026030,RBU225
ACC200-203-2026010,RBU225
ACC200-210-2026050,RBU225
ACC200-211-2026050,JESM222
ACC201-001-2026010,TLEWI3
ACC201-001-2026030,ARO427
ACC201-002-2026010,AKH295
ACC201-002-2026030,ARO427
ACC201-003-2026010,ANGELAM
ACC201-004-2026010,AKH295
ACC201-004-2026030,CJMILL6
ACC201-006-2026010,CJMILL6
ACC201-006-2026030,BCO252
ACC201-007-2026030,ANGELAM
ACC201-201-2026010,JESM222
ACC201-201-2026030,JESM222
ACC201-202-2026010,JESM222
ACC201-210-2026050,JESM222
ACC201-211-2026050,JESM222
ACC221-201-2026010,JESM222
ACC221-201-2026030,JESM222
ACC301-001-2026010,TKL227
ACC301-001-2026030,CJMILL6
ACC301-002-2026010,TKL227
ACC301-002-2026030,CJMILL6
ACC301-003-2026030,ONDAVI0
ACC301-004-2026030,ONDAVI0
ACC301-005-2026010,MCLAR1
ACC301-005-2026030,ONDAVI0
ACC301-201-2026010,MCLAR1
ACC301-201-2026030,HNI235
ACC301-210-2026050,MKE325
ACC302-001-2026010,DFI245
ACC302-001-2026030,VCFE222
ACC302-002-2026010,DFI245
ACC302-003-2026010,DFI245
ACC302-003-2026030,VCFE222
ACC302-004-2026030,VCFE222
ACC302-201-2026010,MCLAR1
ACC302-201-2026030,MKE325
ACC302-210-2026050,MKE325
ACC356-201-2026010,JWSIEB0
ACC356-201-2026010,WGE224
ACC356-201-2026030,WGE224
ACC357-201-2026010,MJST294
ACC357-202-2026010,MJST294
ACC360-201-2026030,TLEWI3
ACC395-001-2026010,ONDAVI0
ACC395-001-2026030,ONDAVI0
ACC395-002-2026010,ONDAVI0
ACC395-002-2026030,ONDAVI0
ACC395-010-2026050,ONDAVI0
ACC399-001-2026010,ONDAVI0
ACC399-001-2026030,ONDAVI0
ACC399-002-2026030,ONDAVI0
ACC399-003-2026030,JWSIEB0
ACC399-004-2026030,ONDAVI0
ACC399-005-2026030,ONDAVI0
ACC399-006-2026030,ONDAVI0
ACC399-010-2026050,ONDAVI0
ACC403-001-2026030,AJO341
ACC403-002-2026010,ONDAVI0
ACC403-002-2026030,AJO341
ACC403-003-2026010,ONDAVI0
ACC403-003-2026030,AJO341
ACC403-201-2026030,ONDAVI0
ACC407-001-2026010,TLEWI3
ACC407-001-2026030,TLEWI3
ACC407-002-2026010,TLEWI3
ACC407-002-2026030,TLEWI3
ACC407-201-2026010,TLEWI3
ACC407-210-2026050,TLEWI3
ACC418-001-2026030,RBU225
ACC418-002-2026010,RBU225
ACC418-201-2026030,RBU225
ACC424-001-2026030,ZJU222
ACC424-002-2026010,LYA254
ACC424-002-2026030,ZJU222
ACC424-003-2026010,LYA254
ACC424-004-2026010,LYA254
ACC424-201-2026030,LYA254
ACC434-201-2026010,JPAYN4
ACC444-201-2026030,SZSM222
ACC450-001-2026030,MCA229
ACC450-201-2026030,MCA229
ACC457-201-2026030,TLEWI3
ACC475-001-2026010,CJMILL6
ACC475-001-2026030,MKE325
ACC475-002-2026010,CJMILL6
ACC475-002-2026030,MKE325
ACC475-003-2026030,MKE325
ACC475-004-2026010,HNI235
ACC475-004-2026030,CJMILL6
ACC475-201-2026030,PNA242
ACC507-201-2026010,CAWESO2
ACC507-401-2026010,CAWESO2
ACC516-001-2026010,MCLAR1
ACC590-001-2026010,TLEWI3
ACC590-001-2026030,MCA229
ACC590-002-2026010,JPAYN4
ACC601-001-2026010,DZIEB2
ACC603-001-2026030,JPAYN4
ACC605-001-2026010,JPAYN4
ACC610-001-2026030,JWSIEB0
ACC617-201-2026030,SLU255
ACC617-202-2026030,SLU255
ACC619-001-2026010,JWSIEB0
ACC621-001-2026010,JESM222
ACC624-201-2026030,SZSM222
ACC625-010-2026050,PNA242
ACC628-001-2026010,JWSIEB0
ACC628-201-2026010,JWSIEB0
ACC628-202-2026010,JLBUSH2
ACC628-401-2026010,JWSIEB0
ACC628-402-2026010,JLBUSH2
ACC634-201-2026010,JPAYN4
ACC637-001-2026010,TLEWI3
ACC637-201-2026010,TLEWI3
ACC659-201-2026030,HNXI222
ACC700-001-2026010,SLU255
ACC700-001-2026030,HNXI222
ACC700-002-2026010,SLU255
ACC790-001-2026010,MCA229
ACC790-001-2026030,MCA229
ACC795-001-2026010,MCA229
ACC795-001-2026030,MCA229
AEA110-001-2026010,KAMA225
AEA362-001-2026010,CDKNIG2
AEA362-001-2026010,JRKU228
AEA362-002-2026010,CDKNIG2
AEA371-001-2026030,REP222
AEA495-001-2026030,SRSP224
AEA580-001-2026010,SRSP224
AEA583-001-2026030,REP222
AEA586-001-2026010,JRKU228
AEA586-001-2026010,REP222
AEA586-002-2026010,HCH331
AEA586-002-2026010,REP222
AEA586-004-2026010,HCH331
AEA586-004-2026010,REP222
AEA592-001-2026010,SRSP224
AEA592-001-2026030,REP222
AEC110-001-2026010,KNYO224
AEC300-001-2026030,SZH295
AEC300-002-2026030,SEBALA2
AEC300-003-2026030,HFWIEM2
AEC301-001-2026010,AMMA263
AEC301-001-2026030,AMMA263
AEC302-001-2026010,JDSHEP2
AEC302-001-2026030,SISAACS
AEC302-002-2026010,JDSHEP2
AEC302-002-2026030,SISAACS
AEC302-003-2026030,JDSHEP2
AEC303-001-2026010,ADREUM2
AEC303-001-2026030,JKSC222
AEC305-001-2026010,WSNELL
AEC305-201-2026010,RMBROW00
AEC305-201-2026030,RMBROW00
AEC306-201-2026010,RMBROW00
AEC306-201-2026030,RMBROW00
AEC306-202-2026010,RMBROW00
AEC306-202-2026030,RMBROW00
AEC311-001-2026010,KBURDINE
AEC312-001-2026030,CJST223
AEC314-001-2026010,GEGA226
AEC324-001-2026010,BNTHOM3
AEC324-401-2026030,MWMCCA0
AEC325-001-2026030,JCNICH1
AEC326-001-2026010,JKSC222
AEC326-401-2026030,ELMITC2
AEC340-001-2026010,EMROE2
AEC340-001-2026030,SISAACS
AEC361-710-2026050,TAWOODS
AEC395-701-2026030,RMBROW00
AEC396-710-2026050,CJST223
AEC399-010-2026050,AMMA263
AEC399-210-2026050,AMMA263
AEC422-001-2026010,TAWOODS
AEC422-001-2026030,SHSAGH2
AEC425-001-2026010,LAVI228
AEC431-001-2026010,JKSC222
AEC445G-001-2026010,JKSC222
AEC445G-001-2026030,SCBU225
AEC483-001-2026010,TCKE230
AEC490-001-2026030,HHO285
AEC490-001-2026030,SZH295
AEC503-001-2026010,CJST223
AEC532-001-2026030,TBMARK0
AEC601-001-2026010,KNYO224
AEC602-001-2026030,KNYO224
AEC603-001-2026010,JMSHOC2
AEC605-001-2026010,SCBU225
AEC624-001-2026010,ZYU232
AEC625-001-2026030,SZH295
AEC653-001-2026030,TCKE230
AEC724-001-2026030,SCBU225
AEC796-001-2026010,KNYO224
AEM585-201-2026010,DLGR231
AEM585-201-2026010,LDHA234
AEM585-201-2026030,DLGR231
AEM585-201-2026030,LDHA234
AEM585-202-2026010,DLGR231
AEM585-202-2026010,LDHA234
AEM585-202-2026030,DLGR231
AEM585-202-2026030,LDHA234
AEM588-201-2026030,AMJA290
AEM588-202-2026030,AMJA290
AEM590-201-2026010,STLL222
AEM590-202-2026010,STLL222
AEM590-210-2026050,STLL222
AEM590-211-2026050,STLL222
AEN252-001-2026030,DJSTAM0
AEN252-002-2026030,DJSTAM0
AEN341-001-2026030,CROFCHE
AEN341-201-2026010,CROFCHE
AEN341-201-2026030,CROFCHE
AEN341-210-2026050,CROFCHE
AEN461G-001-2026030,MDI227
AER220-001-2026010,KATZ
AER220-001-2026030,FTA229
AER220-002-2026010,KATZ
AER220-002-2026030,MRE252
AER220-210-2026050,FTA229
AER245-001-2026030,JTHENN1
AER245-001-2026030,SCBA228
AER245-002-2026030,JTHENN1
AER245-002-2026030,SCBA228
AER245-003-2026030,JTHENN1
AER245-003-2026030,SCBA228
AER245-004-2026030,JTHENN1
AER245-004-2026030,SCBA228
AER245-005-2026030,JTHENN1
AER245-005-2026030,SCBA228
AER251-001-2026010,JZU230
AER251-001-2026030,JSC226
AER251-010-2026010,JGA246
AER305-001-2026010,HCH298
AER305-001-2026030,HCH298
AER310-001-2026010,HPO234
AER310-001-2026030,JAKERR0
AER310-001-2026030,RHA351
AER310-002-2026010,HPO234
AER310-002-2026030,RHA351
AER310-003-2026010,HPO234
AER310-004-2026010,HPO234
AER310-004-2026030,JAKERR0
AER310-004-2026030,RHA351
AER310-005-2026010,HPO234
AER310-005-2026030,JAKERR0
AER310-005-2026030,RHA351
AER310-006-2026030,JAKERR0
AER310-006-2026030,RHA351
AER320-001-2026030,CEAM223
AER320-001-2026030,SJPO228
AER325-001-2026010,DPSEKU0
AER325-001-2026030,MDO228
AER325-010-2026030,JFMA228
AER325-210-2026050,KATZ
AER330-001-2026010,DFR260
AER330-001-2026030,SMBE264
AER330-210-2026050,FTA229
AER335-001-2026030,FTA229
AER345-001-2026030,TMSEIG2
AER355-001-2026010,JXU239
AER380-001-2026030,MEGR259
AER380-001-2026030,ZRST223
AER390-001-2026010,TMSEIG2
AER390-001-2026030,TMSEIG2
AER395-001-2026010,MEGR259
AER395-001-2026030,SJPO228
AER395-002-2026010,SJPO228
AER395-002-2026030,JSC226
AER395-003-2026010,JSC226
AER395-003-2026030,HPO234
AER395-004-2026010,HPO234
AER395-004-2026030,TMSEIG2
AER395-005-2026010,TMSEIG2
AER395-005-2026030,DFR260
AER395-006-2026010,DFR260
AER395-006-2026030,HLI306
AER395-007-2026010,SCBA228
AER395-007-2026030,XSU231
AER395-008-2026030,SCBA228
AER410-001-2026010,RHA351
AER410-002-2026010,RHA351
AER411-001-2026010,JTHENN1
AER411-001-2026030,MDO228
AER411-001-2026030,STEPHEN
AER412-001-2026030,JEESTE0
AER412-001-2026030,JTHENN1
AER440-001-2026010,MDO228
AER440-001-2026030,JPARKER
AER447-001-2026010,JBHO223
AER501-001-2026010,JDBO227
AER501-001-2026030,JFWE223
AER501-010-2026010,MBA319
AER516-001-2026010,SSI297
AER530-001-2026010,SJPO228
AER531-001-2026010,SCBA228
AER545-010-2026030,HLI306
AER590-010-2026030,JFMA228
AER599-005-2026030,DFR260
AER632-001-2026030,AMA244
AER634-001-2026030,SCBA228
AER641-001-2026010,JFWE223
AER644-001-2026010,TMSEIG2
AER672-001-2026030,JXU239
AER676-001-2026030,HPO234
AER699-005-2026030,DFR260
AER748-001-2026010,SJPO228
AER748-001-2026030,MRE252
AER748-002-2026010,MEGR259
AER749-001-2026010,AMA244
AER749-001-2026030,AMA244
AER757-001-2026010,JFWE223
AER757-001-2026030,JFWE223
AER767-001-2026010,SJPO228
AER767-001-2026030,SJPO228
AER767-002-2026010,AMA244
AER767-002-2026030,AMA244
AER767-003-2026010,SCBA228
AER767-003-2026030,TMSEIG2
AER767-004-2026010,TMSEIG2
AER767-004-2026030,SCBA228
AER767-005-2026010,JFMA228
AER767-005-2026030,JFMA228
AER767-006-2026030,JBHO223
AER767-007-2026030,KLIU5
AER768-001-2026010,AMA244
AER768-001-2026030,MRE252
AER768-002-2026010,MRE252
AER768-002-2026030,SJPO228
AER768-003-2026010,MEGR259
AER768-003-2026030,JFMA228
AER768-004-2026010,DPSEKU0
AER768-004-2026030,MEGR259
AER768-005-2026010,XSU231
AER768-005-2026030,SCBA228
AER768-006-2026030,XSU231
AER768-007-2026030,HEKARA2
AER780-001-2026030,SJPO228
AER780-002-2026030,TMSEIG2
AER780-003-2026030,SSMITH
AER780-004-2026010,DPSEKU0
AER780-004-2026030,KLIU5
AER780-005-2026010,SJPO228
AER780-005-2026030,XSU231
AER780-006-2026010,AMA244
AER780-006-2026030,SCBA228
AER780-007-2026030,DPSEKU0
AER780-008-2026030,HEKARA2
AER780-030-2026020,SSMITH
AER790-001-2026030,SJPO228
AER799-001-2026010,JFWE223
AER799-001-2026030,JFWE223
AES101-001-2026010,DHMCNE2
AES301-001-2026030,EDOS225
AES320-010-2026050,DHMCNE2
AES416G-001-2026010,ERHA235
AES490-001-2026030,DHMCNE2
AFE100-001-2026010,RLDO227
AFE100-001-2026030,KAMA225
AFE100-002-2026010,VGHAHN2
AFE100-002-2026030,MEGR270
AFE100-003-2026010,WCCENT2
AFE100-003-2026030,CBWI247
AFE100-004-2026010,KAMA225
AFE100-004-2026030,HZAN222
AFE100-005-2026010,MDI227
AFE100-005-2026030,VGHAHN2
AFE100-006-2026010,SLY240
AFE100-006-2026030,KBU283
AFE100-007-2026010,KBU283
AFE100-008-2026010,MVRU223
AFE100-009-2026010,CBWI247
AFE100-010-2026010,DJFOXW2
AFE100-011-2026010,ARST226
AFE100-012-2026010,DAWE227
AFE100-013-2026010,ALWE268
AFE100-014-2026010,TMWILK2
AFE100-015-2026010,AELA235
AFE100-016-2026010,JNDI223
AFE100-017-2026010,CDKNIG2
AFE100-018-2026010,WDR223
AFE100-019-2026010,ASBO244
AFE100-021-2026010,DJSTAM0
AFE100-022-2026010,MASM264
AFE100-023-2026010,KSHA232
AFE100-024-2026010,KPE226
AFE100-025-2026010,JYOUNG
AFE100-026-2026010,KAMA225
AFE100-027-2026010,MEGR270
AFE105-001-2026010,KNPO224
AFE105-001-2026030,CAPA227
AFE105-001-2026030,KNPO224
AFE109-001-2026030,RLHI227
AFE220-201-2026030,DJFOXW2
AFE300-001-2026010,WCCENT2
AFE300-001-2026030,WCCENT2
AFE300-002-2026010,RLDO227
AFE300-002-2026030,RLDO227
AFE300-004-2026010,MJFRIE2
AFE300-005-2026030,MJFRIE2
AFE300-006-2026030,HGHE234
AFE300-007-2026010,HGHE234
AFE300-007-2026030,SRSP224
AFE300-008-2026010,RLHI227
AFE300-008-2026030,AELA235
AFE300-009-2026010,CROFCHE
AFE300-009-2026010,HBE257
AFE300-009-2026030,RLHI227
AFE300-010-2026010,ARST226
AFE300-010-2026030,SFCRAD2
AFE300-010-2026050,BNBE226
AFE300-010-2026050,HBE257
AFE300-201-2026010,DJGO227
AFE300-202-2026030,RLHI227
AFE305-201-2026030,KWKE222
AFE320-201-2026030,DJFOXW2
AFE330-001-2026010,RLDO227
AFE330-001-2026010,SFCRAD2
AFE342-201-2026030,EMROE2
AFE390-001-2026010,SISAACS
AFE396-701-2026030,AFHOSI2
AFE396-701-2026030,EMDE224
AFE396-701-2026030,NLHU222
AFE396-710-2026050,IMBALK2
AFE396-711-2026050,CROFCHE
AFE396-711-2026050,HBE257
AFE399-210-2026050,ARABAD2
AFE490-201-2026010,SFCRAD2
AFS111-001-2026010,BSLI225
AFS111-002-2026010,BSLI225
AFS111-003-2026010,BSLI225
AFS112-001-2026010,MDWI270
AFS113-001-2026030,BSLI225
AFS113-002-2026030,BSLI225
AFS114-001-2026030,MDWI270
AFS211-001-2026010,DWSULL2
AFS211-002-2026010,DWSULL2
AFS212-001-2026010,MDWI270
AFS213-001-2026030,JWNO232
AFS213-002-2026030,JWNO232
AFS214-001-2026030,MDWI270
AFS311-001-2026010,MDWI270
AFS312-001-2026010,MDWI270
AFS313-001-2026030,MDWI270
AFS314-001-2026030,MDWI270
AFS411-001-2026010,JWNO232
AFS412-001-2026010,MDWI270
AFS413-001-2026030,DWSULL2
AFS414-001-2026030,MDWI270
AIS101-002-2026010,GKZA222
AIS102-001-2026030,GKZA222
AIS201-001-2026010,GKZA222
AIS228-001-2026010,MAZA226
AIS301-001-2026010,APA286
AIS311-001-2026010,APA286
AIS330-001-2026030,MAZA226
AIS338-001-2026010,GKZA222
AIS345-001-2026030,APA286
AIS395-001-2026010,GKZA222
AIS395-001-2026030,GKZA222
AIS430-001-2026010,APA286
AIS435-001-2026030,MAZA226
AIS495G-001-2026010,APA286
AIS495G-001-2026030,APA286
AMS101-001-2026010,MDTO235
AMS101-001-2026010,TJWE243
AMS101-002-2026010,MDTO235
AMS101-002-2026010,TJWE243
AMS101-003-2026010,MDTO235
AMS101-003-2026010,TJWE243
AMS101-004-2026010,MDTO235
AMS101-004-2026010,TJWE243
AMS102-001-2026030,MDTO235
AMS102-001-2026030,TJWE243
AMS102-002-2026030,MDTO235
AMS102-002-2026030,TJWE243
AMS102-003-2026030,MDTO235
AMS102-003-2026030,TJWE243
AMS102-004-2026030,MDTO235
AMS102-004-2026030,TJWE243
AMS201-001-2026010,CICA229
AMS201-001-2026010,LAFO238
AMS201-002-2026010,CICA229
AMS201-002-2026010,LAFO238
AMS201-003-2026010,CICA229
AMS201-003-2026010,LAFO238
AMS202-001-2026030,LAFO238
AMS202-002-2026030,LAFO238
AMS202-003-2026030,LAFO238
AMS250-001-2026010,MDTO235
AMS250-001-2026030,AROV223
AMS250-001-2026030,LAFO238
AMS250-001-2026030,MDTO235
AMS250-002-2026010,LAFO238
AMS250-002-2026030,LAFO238
AMS301-001-2026010,JHA280
AMS301-002-2026010,JHA280
AMS301-003-2026010,JHA280
AMS302-001-2026030,JHA280
AMS302-002-2026030,JHA280
AMS302-003-2026030,JHA280
AMS320-001-2026010,AROV223
AMS320-001-2026030,AROV223
AMS350-001-2026010,JHA280
AMS350-001-2026030,AROV223
AMS350-001-2026030,JHA280
AMS350-002-2026010,AROV223
AMS350-002-2026030,AROV223
AMS395-001-2026030,AROV223
AMS401-001-2026010,AROV223
AMS401-002-2026010,AROV223
AMS401-003-2026010,AROV223
AMS402-001-2026030,AROV223
AMS402-002-2026030,AROV223
AMS402-003-2026030,AROV223
AN105-201-2026010,DLFE224
AN105-201-2026030,DLFE224
AN105-201-2026050,JCWELC2
AN105-202-2026010,DLFE224
AN105-202-2026030,DLFE224
AN105-203-2026010,DLFE224
AN105-203-2026030,DLFE224
AN105-204-2026010,DLFE224
AN105-204-2026030,DLFE224
AN105-205-2026010,DLFE224
AN105-205-2026030,DLFE224
AN105-210-2026020,DLFE224
AN300-201-2026010,DSIANITA
AN300-201-2026030,DSIANITA
AN300-201-2026050,DSIANITA
AN300-401-2026010,TGGROL00
AN300-701-2026030,DPATE3
AN303-001-2026010,HSU237
AN303-001-2026030,CCH241
AN306-001-2026010,SZSM222
AN306-001-2026030,SZSM222
AN306-401-2026010,SZSM222
AN306-401-2026030,SZSM222
AN324-001-2026010,JKAYAL2
AN324-001-2026030,AMA631
AN324-002-2026010,JKAYAL2
AN324-002-2026030,AMA631
AN324-210-2026050,AMA631
AN395-001-2026010,TGGROL00
AN395-001-2026030,TGGROL00
AN395-701-2026030,DPATE3
AN406G-201-2026010,CCH241
AN406G-201-2026030,CCH241
AN420G-001-2026010,RCMAHA00
AN420G-001-2026030,RCMAHA00
AN420G-002-2026010,RCMAHA00
AN450G-001-2026010,RCMAHA00
AN450G-001-2026030,RCMAHA00
AN450G-002-2026030,RCMAHA00
AN624-201-2026010,CACO333
AN624-201-2026030,AMA631
AN624-401-2026030,AMA631
AN650-201-2026030,WACONN0
ANA109-001-2026010,KEGU224
ANA109-001-2026010,LGBA232
ANA109-001-2026030,ARICH3
ANA109-001-2026030,IMO245
ANA109-001-2026030,KEGU224
ANA109-002-2026010,KEGU224
ANA109-002-2026010,LGBA232
ANA110-001-2026010,KEGU224
ANA110-001-2026010,LGBA232
ANA110-001-2026030,KEGU224
ANA110-001-2026030,LGBA232
ANA110-002-2026030,KEGU224
ANA110-002-2026030,LGBA232
ANA209-001-2026010,ARICH3
ANA209-001-2026010,BRMACP
ANA209-001-2026010,KPL222
ANA209-001-2026010,SRFR223
ANA209-001-2026030,BRMACP
ANA209-001-2026030,SRFR223
ANA209-201-2026010,GBING
ANA209-201-2026030,GBING
ANA210-201-2026010,GBING
ANA210-201-2026030,GBING
ANA394-001-2026010,SRFR223
ANA394-001-2026010,WJAL223
ANA394-001-2026030,WJAL223
ANA394-002-2026010,ABA237
ANA394-002-2026010,SRFR223
ANA394-002-2026030,ABA237
ANA394-003-2026010,SJCH239
ANA394-003-2026010,SRFR223
ANA394-003-2026030,SJCH239
ANA394-004-2026010,PVMO224
ANA394-004-2026030,DLE325
ANA394-005-2026010,LHBRAD2
ANA394-005-2026010,SRFR223
ANA394-005-2026030,LHBRAD2
ANA394-006-2026010,ANST265
ANA394-006-2026010,SRFR223
ANA394-006-2026030,ANST265
ANA394-007-2026010,AABA228
ANA394-007-2026010,SRFR223
ANA394-007-2026030,RLCOOP1
ANA394-008-2026010,DLE325
ANA394-008-2026010,SRFR223
ANA394-008-2026030,SSI337
ANA394-009-2026010,AST335
ANA394-009-2026010,SRFR223
ANA394-009-2026030,AST335
ANA394-010-2026010,BTGOLD2
ANA394-010-2026010,SRFR223
ANA394-010-2026030,AABA228
ANA394-010-2026050,JFR235
ANA394-010-2026050,SRFR223
ANA394-011-2026010,POR223
ANA394-011-2026010,SRFR223
ANA394-011-2026030,SJFI230
ANA394-011-2026050,ABA237
ANA394-011-2026050,SRFR223
ANA394-012-2026010,JCGE224
ANA394-012-2026010,SRFR223
ANA394-012-2026030,MSE285
ANA394-012-2026050,RLCOOP1
ANA394-012-2026050,SRFR223
ANA394-013-2026010,GREGG
ANA394-013-2026010,SRFR223
ANA394-013-2026030,GREGG
ANA394-013-2026050,SRFR223
ANA394-014-2026010,DDO260
ANA394-014-2026010,SRFR223
ANA394-014-2026030,POR223
ANA394-015-2026010,LJVA222
ANA394-015-2026010,SRFR223
ANA394-015-2026030,RCGRON0
ANA394-016-2026010,JMORG2
ANA394-016-2026010,SRFR223
ANA394-016-2026030,JMORG2
ANA394-017-2026010,PATSULL
ANA394-017-2026010,SRFR223
ANA394-017-2026030,PATSULL
ANA394-018-2026010,JMRO237
ANA394-018-2026010,SRFR223
ANA394-018-2026030,JMRO237
ANA394-019-2026010,SRFR223
ANA394-019-2026010,SSU223
ANA394-019-2026030,JCGE224
ANA394-020-2026030,JALILE2
ANA395-001-2026010,LHBRAD2
ANA395-001-2026010,SRFR223
ANA395-001-2026030,LHBRAD2
ANA395-002-2026010,KEGU224
ANA395-002-2026010,SRFR223
ANA395-002-2026030,KEGU224
ANA395-003-2026010,SRFR223
ANA395-003-2026030,CCROF2
ANA395-004-2026010,GREGG
ANA395-004-2026010,SRFR223
ANA395-004-2026030,GREGG
ANA395-005-2026010,ARICH3
ANA395-005-2026010,SRFR223
ANA395-005-2026030,ARICH3
ANA395-006-2026010,KPL222
ANA395-006-2026010,SRFR223
ANA395-006-2026030,KPL222
ANA395-010-2026050,GREGG
ANA395-011-2026050,KPL222
ANA395-012-2026050,SRFR223
ANA395-013-2026050,GREGG
ANA395-014-2026050,MJDUNC0
ANA410G-001-2026010,GREGG
ANA410G-001-2026010,PATSULL
ANA410G-001-2026030,GREGG
ANA410G-001-2026030,PATSULL
ANA417G-001-2026010,KEGU224
ANA417G-001-2026010,RCGRON0
ANA417G-001-2026010,SRFR223
ANA417G-001-2026030,KEGU224
ANA417G-001-2026030,RCGRON0
ANA503-001-2026010,SRFR223
ANA503-001-2026030,SRFR223
ANA503-002-2026010,RCGRON0
ANA503-002-2026030,ARICH3
ANA503-003-2026010,ARICH3
ANA503-003-2026030,KEGU224
ANA503-004-2026010,KPL222
ANA503-004-2026030,KPL222
ANA503-010-2026050,ARICH3
ANA530-001-2026010,BRMACP
ANA534-001-2026030,ARICH3
ANA534-001-2026030,BRMACP
ANA534-001-2026030,RCGRON0
ANA534-001-2026030,WACASS1
ANA600-001-2026010,ABA237
ANA600-002-2026010,RCGRON0
ANA600-002-2026030,ARICH3
ANA609-001-2026030,ARICH3
ANA609-001-2026030,KEGU224
ANA609-001-2026030,KPL222
ANA609-010-2026050,ARICH3
ANA609-010-2026050,KEGU224
ANA609-010-2026050,KPL222
ANA609-010-2026050,SRFR223
ANA611-001-2026030,BRMACP
ANA611-001-2026030,KEGU224
ANA611-001-2026030,KPL222
ANA611-001-2026030,SRFR223
ANA611-001-2026030,WACASS1
ANA611-002-2026030,KPL222
ANA611-002-2026030,SRFR223
ANA611-003-2026030,BRMACP
ANA611-003-2026030,KEGU224
ANA611-003-2026030,KPL222
ANA611-003-2026030,SRFR223
ANA611-003-2026030,WACASS1
ANA811-001-2026030,BRMACP
ANA811-001-2026030,KEGU224
ANA811-001-2026030,KPL222
ANA811-001-2026030,SRFR223
ANA811-001-2026030,WACASS1
ANA811-501-2026030,BRMACP
ANA811-501-2026030,KEGU224
ANA811-501-2026030,KPL222
ANA811-501-2026030,SRFR223
ANS815-001-2026030,MEHARN2
ANS815-001-2026030,METSCHE
ANS825-001-2026010,MEHARN2
ANS825-001-2026010,METSCHE
ANS825-001-2026030,MEHARN2
ANS825-001-2026030,METSCHE
ANS852-007-2026030,PSLOA0
ANS852-008-2026030,PSLOA0
ANS852-009-2026030,PSLOA0
ANS931-002-2026010,PKE228
ANT101-001-2026010,HAWORN0
ANT101-001-2026010,JGHO232
ANT101-001-2026030,MLMU257
ANT101-001-2026030,RMBONZ2
ANT101-002-2026010,HAWORN0
ANT101-002-2026010,JGHO232
ANT101-002-2026030,MLMU257
ANT101-002-2026030,RMBONZ2
ANT101-003-2026010,HAWORN0
ANT101-003-2026010,JGHO232
ANT101-003-2026030,MLMU257
ANT101-003-2026030,RMBONZ2
ANT101-004-2026010,KCHO239
ANT101-004-2026010,SEPL222
ANT101-004-2026030,JMCDO2
ANT101-005-2026010,KCHO239
ANT101-005-2026010,SEPL222
ANT101-006-2026010,KCHO239
ANT101-006-2026010,SEPL222
ANT101-007-2026010,JMCDO2
ANT102-001-2026010,JGKE225
ANT102-001-2026010,RMBONZ2
ANT102-001-2026030,SEKO227
ANT102-001-2026030,SEPL222
ANT102-002-2026010,JGKE225
ANT102-002-2026010,RMBONZ2
ANT102-002-2026030,SEKO227
ANT102-002-2026030,SEPL222
ANT102-003-2026010,JGKE225
ANT102-003-2026010,RMBONZ2
ANT102-003-2026030,SEKO227
ANT102-003-2026030,SEPL222
ANT102-004-2026010,SEKO227
ANT102-004-2026010,SEPL222
ANT102-005-2026010,SEKO227
ANT102-005-2026010,SEPL222
ANT102-006-2026010,SEKO227
ANT102-006-2026010,SEPL222
ANT103-001-2026010,KMO227
ANT103-001-2026010,MOMI226
ANT103-001-2026030,JMCDO2
ANT103-001-2026030,MOMI226
ANT103-002-2026010,KMO227
ANT103-002-2026010,MOMI226
ANT103-002-2026030,JMCDO2
ANT103-002-2026030,MOMI226
ANT103-003-2026010,KMO227
ANT103-003-2026010,MOMI226
ANT103-003-2026030,JMCDO2
ANT103-003-2026030,MOMI226
ANT103-004-2026010,JMCDO2
ANT103-201-2026030,KMO227
ANT105-001-2026010,CCH379
ANT105-001-2026030,MJFE237
ANT105-201-2026010,CCH379
ANT105-201-2026030,HRE230
ANT160-001-2026010,DEKING
ANT160-001-2026010,SMI345
ANT160-001-2026030,KCH365
ANT160-001-2026030,RMBONZ2
ANT160-002-2026010,DEKING
ANT160-002-2026010,SMI345
ANT160-002-2026030,KCH365
ANT160-002-2026030,RMBONZ2
ANT160-003-2026010,DEKING
ANT160-003-2026010,SMI345
ANT160-003-2026030,KCH365
ANT160-003-2026030,RMBONZ2
ANT160-004-2026010,DEKING
ANT160-004-2026010,NHE250
ANT160-004-2026030,HAL321
ANT160-004-2026030,RMBONZ2
ANT160-005-2026010,DEKING
ANT160-005-2026010,NHE250
ANT160-005-2026030,HAL321
ANT160-005-2026030,RMBONZ2
ANT160-006-2026010,DEKING
ANT160-006-2026010,NHE250
ANT160-006-2026030,HAL321
ANT160-006-2026030,RMBONZ2
ANT160-007-2026010,AJMA359
ANT160-007-2026010,MTME241
ANT160-007-2026030,AJMA359
ANT160-007-2026030,MTME241
ANT160-008-2026010,AJMA359
ANT160-008-2026010,MTME241
ANT160-008-2026030,AJMA359
ANT160-008-2026030,MTME241
ANT160-009-2026010,AJMA359
ANT160-009-2026010,MTME241
ANT160-009-2026030,AJMA359
ANT160-009-2026030,MTME241
ANT160-010-2026010,AJMA359
ANT160-010-2026010,RTA269
ANT160-010-2026030,AJMA359
ANT160-010-2026030,RTA269
ANT160-011-2026010,AJMA359
ANT160-011-2026010,RTA269
ANT160-011-2026030,AJMA359
ANT160-011-2026030,RTA269
ANT160-012-2026010,AJMA359
ANT160-012-2026010,RTA269
ANT160-012-2026030,AJMA359
ANT160-012-2026030,RTA269
ANT160-013-2026010,KCH365
ANT160-013-2026010,RMBONZ2
ANT160-013-2026030,DVA225
ANT160-013-2026030,KCHO239
ANT160-014-2026010,KCH365
ANT160-014-2026010,RMBONZ2
ANT160-014-2026030,DVA225
ANT160-014-2026030,KCHO239
ANT160-015-2026010,KCH365
ANT160-015-2026010,RMBONZ2
ANT160-015-2026030,DVA225
ANT160-015-2026030,KCHO239
ANT160-016-2026010,BPTH226
ANT160-016-2026010,RMBONZ2
ANT160-016-2026030,DVA225
ANT160-016-2026030,SMI345
ANT160-017-2026010,BPTH226
ANT160-017-2026010,RMBONZ2
ANT160-017-2026030,DVA225
ANT160-017-2026030,SMI345
ANT160-018-2026010,BPTH226
ANT160-018-2026010,RMBONZ2
ANT160-018-2026030,DVA225
ANT160-018-2026030,SMI345
ANT160-019-2026010,MPWH223
ANT160-019-2026030,GWCH223
ANT160-201-2026010,UDVARDY
ANT160-201-2026030,UDVARDY
ANT160-202-2026010,BLO247
ANT160-202-2026030,DVA225
ANT160-203-2026010,DVA225
ANT160-230-2026020,NHE250
ANT220-001-2026010,EKOCH3
ANT220-001-2026030,EKOCH3
ANT220-201-2026010,UDVARDY
ANT220-201-2026030,UDVARDY
ANT220-202-2026030,CAFE231
ANT221-001-2026010,SEPL222
ANT221-001-2026030,SEPL222
ANT225-001-2026010,CAFE231
ANT225-001-2026030,CAFE231
ANT225-002-2026030,CLIGGET
ANT230-001-2026010,GWCH223
ANT230-001-2026010,HAWORN0
ANT230-001-2026030,HAWORN0
ANT230-001-2026030,JGKE225
ANT230-002-2026010,GWCH223
ANT230-002-2026010,HAWORN0
ANT230-002-2026030,HAWORN0
ANT230-002-2026030,JGKE225
ANT230-003-2026010,GWCH223
ANT230-003-2026010,HAWORN0
ANT230-003-2026030,HAWORN0
ANT230-003-2026030,JGKE225
ANT230-004-2026010,HAWORN0
ANT230-004-2026010,MLMU257
ANT230-004-2026030,DJBE240
ANT230-005-2026010,HAWORN0
ANT230-005-2026010,MLMU257
ANT230-006-2026010,HAWORN0
ANT230-006-2026010,MLMU257
ANT240-001-2026010,CAPOOL0
ANT240-001-2026030,DVA225
ANT241-001-2026010,RWJEFF1
ANT241-001-2026030,SRHUTS2
ANT242-001-2026030,SRHUTS2
ANT242-002-2026010,DVA225
ANT296-001-2026010,DVA225
ANT301-001-2026010,DEKING
ANT302-001-2026030,JMCDO2
ANT310-001-2026030,AEKI222
ANT312-001-2026010,ELBU226
ANT314-001-2026030,RMBONZ2
ANT320-001-2026010,RMBONZ2
ANT321-001-2026030,MGO240
ANT326-001-2026010,CAFE231
ANT327-001-2026030,NHE250
ANT329-001-2026010,EKOCH3
ANT332-001-2026030,HRE230
ANT334-001-2026030,SEPL222
ANT335-001-2026030,DEKING
ANT336-001-2026030,DEKING
ANT351-001-2026030,CAPOOL0
ANT351-002-2026010,RWJEFF1
ANT354-002-2026010,HAWORN0
ANT355-001-2026010,MJFE237
ANT381-001-2026030,CCH379
ANT395-001-2026010,RMBONZ2
ANT395-002-2026010,CCH379
ANT395-003-2026010,CLIGGET
ANT395-004-2026010,CAFE231
ANT395-005-2026010,SRHUTS2
ANT395-006-2026010,RWJEFF1
ANT395-007-2026010,DEKING
ANT395-008-2026010,AEKI222
ANT395-009-2026010,EKOCH3
ANT395-010-2026010,BLO247
ANT395-011-2026010,SMLYON3
ANT395-012-2026010,JMCDO2
ANT395-013-2026010,KMO227
ANT395-014-2026010,SEPL222
ANT395-015-2026010,CAPOOL0
ANT395-016-2026010,JRA277
ANT395-017-2026010,HRE230
ANT395-017-2026030,HRE230
ANT395-018-2026010,JJSC252
ANT395-018-2026030,JJSC252
ANT395-020-2026010,UDVARDY
ANT395-021-2026010,MPWH223
ANT395-021-2026030,MPWH223
ANT395-022-2026010,HAWORN0
ANT395-022-2026030,HAWORN0
ANT395-023-2026030,PBMINK2
ANT395-024-2026010,LGU252
ANT395-024-2026030,LGU252
ANT395-025-2026010,ZKO222
ANT399-001-2026010,RMBONZ2
ANT399-002-2026010,CCH379
ANT399-003-2026010,CLIGGET
ANT399-004-2026010,CAFE231
ANT399-005-2026010,SRHUTS2
ANT399-006-2026010,RWJEFF1
ANT399-007-2026010,DEKING
ANT399-008-2026010,AEKI222
ANT399-009-2026010,EKOCH3
ANT399-010-2026010,BLO247
ANT399-011-2026010,SMLYON3
ANT399-011-2026010,TJWI249
ANT399-012-2026010,JMCDO2
ANT399-012-2026030,TJWI249
ANT399-013-2026010,KMO227
ANT399-014-2026010,SEPL222
ANT399-015-2026010,CAPOOL0
ANT399-016-2026010,JRA277
ANT399-017-2026010,HRE230
ANT399-018-2026010,JJSC252
ANT399-020-2026010,UDVARDY
ANT399-021-2026010,MPWH223
ANT399-022-2026010,HAWORN0
ANT399-023-2026010,LGU252
ANT399-023-2026030,PBMINK2
ANT399-024-2026010,PBMINK2
ANT399-024-2026030,LGU252
ANT399-025-2026030,CBMABE2
ANT429-001-2026030,AJMA359
ANT433-201-2026010,UDVARDY
ANT480-201-2026030,ELBU226
ANT515-001-2026030,BOSCH
ANT525-001-2026010,JMCDO2
ANT534-001-2026030,KSEN223
ANT536-201-2026030,AEKI222
ANT580-003-2026010,RWJEFF1
ANT580-003-2026030,CAPOOL0
ANT581-001-2026010,RMBONZ2
ANT581-002-2026010,CCH379
ANT581-003-2026010,CLIGGET
ANT581-004-2026010,CAFE231
ANT581-004-2026030,GMCROT2
ANT581-005-2026010,SRHUTS2
ANT581-006-2026010,RWJEFF1
ANT581-007-2026010,DEKING
ANT581-008-2026010,AEKI222
ANT581-009-2026010,EKOCH3
ANT581-010-2026010,BLO247
ANT581-011-2026010,SMLYON3
ANT581-012-2026010,JMCDO2
ANT581-013-2026010,KMO227
ANT581-014-2026010,SEPL222
ANT581-015-2026010,CAPOOL0
ANT581-016-2026010,JRA277
ANT581-017-2026010,HRE230
ANT581-018-2026010,JJSC252
ANT581-020-2026010,UDVARDY
ANT581-021-2026010,MPWH223
ANT581-022-2026010,HAWORN0
ANT581-024-2026030,PBMINK2
ANT582-001-2026010,BLO247
ANT582-001-2026030,UDVARDY
ANT583-001-2026010,HAWORN0
ANT583-003-2026030,CCH379
ANT583-005-2026030,HRE230
ANT601-001-2026030,EKOCH3
ANT610-001-2026010,MPWH223
ANT620-201-2026010,SLOLDH2
ANT621-001-2026030,HATU225
ANT653-001-2026010,CAPOOL0
ANT660-001-2026030,CLIGGET
ANT662-001-2026010,RMBONZ2
ANT662-002-2026010,CCH379
ANT662-003-2026010,CLIGGET
ANT662-004-2026010,CAFE231
ANT662-005-2026010,SRHUTS2
ANT662-006-2026010,RWJEFF1
ANT662-007-2026010,DEKING
ANT662-008-2026010,AEKI222
ANT662-009-2026010,EKOCH3
ANT662-010-2026010,BLO247
ANT662-011-2026010,SMLYON3
ANT662-012-2026010,JMCDO2
ANT662-013-2026010,KMO227
ANT662-014-2026010,SEPL222
ANT662-015-2026010,CAPOOL0
ANT662-016-2026010,JRA277
ANT662-017-2026010,HRE230
ANT662-018-2026010,JJSC252
ANT662-020-2026010,UDVARDY
ANT662-021-2026010,MPWH223
ANT662-022-2026010,HAWORN0
ANT680-201-2026030,ELBU226
ANT734-001-2026010,KMO227
ANT748-001-2026010,RMBONZ2
ANT748-002-2026010,CCH379
ANT748-003-2026010,CLIGGET
ANT748-004-2026010,CAFE231
ANT748-005-2026010,SRHUTS2
ANT748-006-2026010,RWJEFF1
ANT748-007-2026010,DEKING
ANT748-008-2026010,AEKI222
ANT748-009-2026010,EKOCH3
ANT748-010-2026010,BLO247
ANT748-011-2026010,SMLYON3
ANT748-012-2026010,JMCDO2
ANT748-013-2026010,KMO227
ANT748-014-2026010,SEPL222
ANT748-015-2026010,CAPOOL0
ANT748-016-2026010,JRA277
ANT748-017-2026010,HRE230
ANT748-018-2026010,JJSC252
ANT748-020-2026010,UDVARDY
ANT748-021-2026010,MPWH223
ANT748-022-2026010,HAWORN0
ANT749-001-2026010,RMBONZ2
ANT749-002-2026010,CCH379
ANT749-003-2026010,CLIGGET
ANT749-004-2026010,CAFE231
ANT749-005-2026010,SRHUTS2
ANT749-006-2026010,RWJEFF1
ANT749-007-2026010,DEKING
ANT749-008-2026010,AEKI222
ANT749-009-2026010,EKOCH3
ANT749-010-2026010,BLO247
ANT749-011-2026010,SMLYON3
ANT749-012-2026010,JMCDO2
ANT749-013-2026010,KMO227
ANT749-014-2026010,SEPL222
ANT749-015-2026010,CAPOOL0
ANT749-016-2026010,JRA277
ANT749-017-2026010,HRE230
ANT749-018-2026010,JJSC252
ANT749-020-2026010,UDVARDY
ANT749-021-2026010,MPWH223
ANT749-022-2026010,HAWORN0
ANT750-001-2026010,RMBONZ2
ANT750-002-2026010,CCH379
ANT750-003-2026010,CLIGGET
ANT750-004-2026010,CAFE231
ANT750-005-2026010,SRHUTS2
ANT750-006-2026010,RWJEFF1
ANT750-007-2026010,DEKING
ANT750-008-2026010,AEKI222
ANT750-009-2026010,EKOCH3
ANT750-010-2026010,BLO247
ANT750-011-2026010,SMLYON3
ANT750-012-2026010,JMCDO2
ANT750-013-2026010,KMO227
ANT750-014-2026010,SEPL222
ANT750-015-2026010,CAPOOL0
ANT750-016-2026010,JRA277
ANT750-017-2026010,HRE230
ANT750-018-2026010,JJSC252
ANT750-020-2026010,UDVARDY
ANT750-021-2026010,MPWH223
ANT750-022-2026010,HAWORN0
ANT757-001-2026010,DEKING
ANT757-001-2026030,RMBONZ2
ANT757-002-2026010,RWJEFF1
ANT757-002-2026030,CCH379
ANT757-003-2026010,CAPOOL0
ANT757-003-2026030,CLIGGET
ANT757-004-2026010,CAFE231
ANT757-004-2026030,CAFE231
ANT757-005-2026010,EKOCH3
ANT757-005-2026030,SRHUTS2
ANT757-006-2026030,RWJEFF1
ANT757-007-2026030,DEKING
ANT757-008-2026030,AEKI222
ANT757-009-2026030,EKOCH3
ANT757-010-2026030,BLO247
ANT757-011-2026030,SMLYON3
ANT757-012-2026030,JMCDO2
ANT757-013-2026030,KMO227
ANT757-014-2026030,SEPL222
ANT757-015-2026030,CAPOOL0
ANT757-016-2026030,JRA277
ANT757-017-2026030,HRE230
ANT757-018-2026030,JJSC252
ANT757-020-2026030,UDVARDY
ANT757-021-2026030,MPWH223
ANT757-022-2026030,HAWORN0
ANT760-001-2026010,RMBONZ2
ANT760-002-2026010,CCH379
ANT760-003-2026010,CLIGGET
ANT760-004-2026010,CAFE231
ANT760-005-2026010,SRHUTS2
ANT760-006-2026010,RWJEFF1
ANT760-007-2026010,DEKING
ANT760-008-2026010,AEKI222
ANT760-009-2026010,EKOCH3
ANT760-010-2026010,BLO247
ANT760-011-2026010,SMLYON3
ANT760-012-2026010,JMCDO2
ANT760-013-2026010,KMO227
ANT760-014-2026010,SEPL222
ANT760-015-2026010,CAPOOL0
ANT760-016-2026010,JRA277
ANT760-017-2026010,HRE230
ANT760-018-2026010,JJSC252
ANT760-020-2026010,UDVARDY
ANT760-021-2026010,MPWH223
ANT760-022-2026010,HAWORN0
ANT767-001-2026010,RMBONZ2
ANT767-002-2026010,CCH379
ANT767-003-2026010,CLIGGET
ANT767-004-2026010,CAFE231
ANT767-005-2026010,SRHUTS2
ANT767-006-2026010,RWJEFF1
ANT767-007-2026010,DEKING
ANT767-008-2026010,AEKI222
ANT767-009-2026010,EKOCH3
ANT767-010-2026010,BLO247
ANT767-011-2026010,SMLYON3
ANT767-012-2026010,JMCDO2
ANT767-013-2026010,KMO227
ANT767-014-2026010,SEPL222
ANT767-015-2026010,CAPOOL0
ANT767-016-2026010,JRA277
ANT767-017-2026010,HRE230
ANT767-018-2026010,JJSC252
ANT767-020-2026010,UDVARDY
ANT767-021-2026010,MPWH223
ANT767-022-2026010,HAWORN0
ANT768-001-2026010,RMBONZ2
ANT768-002-2026010,CCH379
ANT768-003-2026010,CLIGGET
ANT768-004-2026010,CAFE231
ANT768-005-2026010,SRHUTS2
ANT768-006-2026010,RWJEFF1
ANT768-007-2026010,DEKING
ANT768-008-2026010,AEKI222
ANT768-009-2026010,EKOCH3
ANT768-010-2026010,BLO247
ANT768-011-2026010,SMLYON3
ANT768-012-2026010,JMCDO2
ANT768-013-2026010,KMO227
ANT768-014-2026010,SEPL222
ANT768-015-2026010,CAPOOL0
ANT768-016-2026010,JRA277
ANT768-017-2026010,HRE230
ANT768-018-2026010,JJSC252
ANT768-020-2026010,UDVARDY
ANT768-021-2026010,MPWH223
ANT768-022-2026010,HAWORN0
ANT769-001-2026010,RMBONZ2
ANT769-002-2026010,CCH379
ANT769-003-2026010,CLIGGET
ANT769-004-2026010,CAFE231
ANT769-005-2026010,SRHUTS2
ANT769-006-2026010,RWJEFF1
ANT769-007-2026010,DEKING
ANT769-008-2026010,AEKI222
ANT769-009-2026010,EKOCH3
ANT769-010-2026010,BLO247
ANT769-011-2026010,SMLYON3
ANT769-012-2026010,JMCDO2
ANT769-013-2026010,KMO227
ANT769-014-2026010,SEPL222
ANT769-015-2026010,CAPOOL0
ANT769-016-2026010,JRA277
ANT769-017-2026010,HRE230
ANT769-018-2026010,JJSC252
ANT769-020-2026010,UDVARDY
ANT769-021-2026010,MPWH223
ANT769-022-2026010,HAWORN0
ANT790-001-2026010,RMBONZ2
ANT790-002-2026010,CCH379
ANT790-003-2026010,CLIGGET
ANT790-004-2026010,CAFE231
ANT790-005-2026010,SRHUTS2
ANT790-006-2026010,RWJEFF1
ANT790-007-2026010,DEKING
ANT790-008-2026010,AEKI222
ANT790-009-2026010,EKOCH3
ANT790-010-2026010,BLO247
ANT790-011-2026010,SMLYON3
ANT790-012-2026010,JMCDO2
ANT790-013-2026010,KMO227
ANT790-014-2026010,SEPL222
ANT790-015-2026010,CAPOOL0
ANT790-016-2026010,JRA277
ANT790-017-2026010,HRE230
ANT790-018-2026010,JJSC252
ANT790-020-2026010,UDVARDY
ANT790-021-2026010,MPWH223
ANT790-022-2026010,HAWORN0
APP200-001-2026030,ACR288
APP200-001-2026030,JSFRIE0
APP200-002-2026010,ACR288
APP200-002-2026010,KSEN223
APP200-004-2026010,EKPE238
APP200-004-2026010,KSEN223
APP200-201-2026010,ACR288
APP200-201-2026030,JSFRIE0
APP200-201-2026030,LMOR223
APP200-202-2026010,EKPE238
APP200-210-2026050,AFJE223
APP395-001-2026030,KSEN223
APP395-002-2026030,JSFRIE0
APP399-001-2026030,KSEN223
APP399-002-2026030,JSFRIE0
APP536-201-2026030,AEKI222
APP700-201-2026010,KSEN223
ARC101-001-2026030,ASCO250
ARC101-001-2026030,GCA267
ARC110-001-2026010,AJMA227
ARC111-001-2026030,JDHE242
ARC111-001-2026030,LCHE229
ARC111-001-2026030,MADR231
ARC111-002-2026030,JDHE242
ARC111-002-2026030,LCHE229
ARC111-002-2026030,MADR231
ARC111-003-2026030,JDHE242
ARC111-003-2026030,LCHE229
ARC111-003-2026030,MADR231
ARC111-004-2026030,JDHE242
ARC111-004-2026030,LCHE229
ARC111-004-2026030,MADR231
ARC111-005-2026030,JDHE242
ARC111-005-2026030,LCHE229
ARC111-005-2026030,MADR231
ARC111-006-2026030,JDHE242
ARC111-006-2026030,LCHE229
ARC111-006-2026030,MADR231
ARC111-007-2026030,JDHE242
ARC111-007-2026030,LCHE229
ARC111-007-2026030,MADR231
ARC111-008-2026030,JDHE242
ARC111-008-2026030,LCHE229
ARC111-008-2026030,MADR231
ARC151-001-2026010,JLE337
ARC151-002-2026010,LTLE00
ARC151-003-2026010,RHA235
ARC151-004-2026010,MELODY
ARC151-005-2026010,MRSUMM00
ARC151-006-2026010,OADU222
ARC152-001-2026030,JLE337
ARC152-002-2026030,RHA235
ARC152-003-2026030,MELODY
ARC152-004-2026030,LTLE00
ARC152-005-2026030,GCA267
ARC152-006-2026030,OADU222
ARC203-001-2026010,GCA267
ARC212-001-2026010,JDHE242
ARC213-001-2026030,AJMA227
ARC213-001-2026030,IPE233
ARC213-001-2026030,JGO299
ARC213-001-2026030,SWYO224
ARC231-001-2026010,JSHINE2
ARC253-001-2026010,OBRYANM
ARC253-001-2026030,WMA249
ARC253-002-2026010,MBMCKA2
ARC253-003-2026010,LKA255
ARC253-004-2026010,JMBROO00
ARC253-005-2026010,JSHINE2
ARC253-006-2026010,KPBL222
ARC254-001-2026010,JNFUGA0
ARC254-001-2026030,OBRYANM
ARC254-002-2026030,ESKA226
ARC254-003-2026030,LKA255
ARC254-004-2026030,JMBROO00
ARC254-005-2026030,JAVO231
ARC254-006-2026030,KPBL222
ARC314-001-2026010,WMILLER
ARC314-002-2026010,WMILLER
ARC314-003-2026010,WMILLER
ARC314-004-2026010,WMILLER
ARC332-001-2026010,BSWET0
ARC333-001-2026030,AFLA227
ARC333-001-2026030,BSWET0
ARC333-001-2026030,MJCO276
ARC355-001-2026010,AEA226
ARC355-002-2026010,JEMA296
ARC355-003-2026010,WMA249
ARC355-004-2026010,JRA299
ARC356-001-2026010,JRA299
ARC356-001-2026030,AEA226
ARC356-002-2026030,JEMA296
ARC356-003-2026030,WMA249
ARC356-004-2026030,JSHINE2
ARC356-005-2026030,BSWET0
ARC405-001-2026030,MRSUMM00
ARC405-401-2026010,MRSUMM00
ARC405-402-2026010,MRSUMM00
ARC410-001-2026010,JJO289
ARC410-001-2026030,LKA255
ARC410-002-2026030,ACH250
ARC434-001-2026030,ASRA252
ARC434-001-2026030,BSEI222
ARC434-001-2026030,SNST238
ARC435-001-2026010,JEMA296
ARC457-001-2026010,BSWET0
ARC457-001-2026030,SCROGGIN
ARC457-002-2026010,JJO289
ARC457-002-2026010,JNFUGA0
ARC457-003-2026010,JAVO231
ARC457-004-2026010,SCROGGIN
ARC457-710-2026050,OBRYANM
ARC457-711-2026050,SCROGGIN
ARC499-001-2026010,JJO289
ARC499-003-2026030,RHA235
ARC499-005-2026030,JNFUGA0
ARC499-007-2026030,WMA249
ARC499-008-2026030,LKA255
ARC499-710-2026050,OBRYANM
ARC499-711-2026050,SCROGGIN
ARC510-001-2026010,ESKA226
ARC510-001-2026010,JJO289
ARC511-001-2026010,JDHE242
ARC511-001-2026030,JDHE242
ARC512-001-2026010,AJMA227
ARC513-001-2026030,WMILLER
ARC513-002-2026030,ESKA226
ARC514-001-2026030,WMILLER
ARC514-002-2026030,AJMA227
ARC533-401-2026010,ASRA252
ARC550-001-2026010,GPRO222
ARC551-001-2026030,SCROGGIN
ARC590-001-2026010,OBRYANM
ARC591-001-2026010,JLE337
ARC592-001-2026030,SCROGGIN
ARC599-001-2026030,EKLA239
ARC599-002-2026030,RHA235
ARC599-003-2026030,JNFUGA0
ARC599-004-2026010,BSWET0
ARC599-004-2026030,BSWET0
ARC599-006-2026030,LKA255
ARC599-007-2026010,JEMA296
ARC599-009-2026010,JJO289
ARC631-001-2026010,EKLA239
ARC631-001-2026030,EKLA239
ARC634-001-2026030,WMA249
ARC641-001-2026010,JJO289
ARC642-001-2026010,BSWET0
ARC642-001-2026030,JLE337
ARC658-001-2026010,BSWET0
ARC658-001-2026030,JJO289
ARC658-002-2026010,JJO289
ARC658-002-2026010,JNFUGA0
ARC658-003-2026010,JAVO231
ARC658-004-2026010,SCROGGIN
ARC658-005-2026010,OBRYANM
ARC658-006-2026010,OBRYANM
ARC658-710-2026050,OBRYANM
ARC658-711-2026050,SCROGGIN
ARC659-001-2026010,GPRO222
ARC659-001-2026030,SCROGGIN
ARC699-001-2026010,JJO289
ARC699-001-2026030,JJO289
ARC699-002-2026030,ASRA252
ARC699-005-2026030,MRSUMM00
ARC699-010-2026050,JJO289
ARC749-001-2026010,AEFI222
ARC749-002-2026010,AEFI222
ARC750-001-2026010,GPRO222
ARC750-001-2026030,EKLA239
ARC750-002-2026010,EERUHL2
ARC750-002-2026010,EJZA223
ARC750-002-2026030,MRSUMM00
ARC759-001-2026030,MBMCKA2
ARC799-001-2026010,JJO289
ARC799-001-2026030,JJO289
ARC799-002-2026030,ASRA252
ART291-001-2026010,RADAM3
ART291-001-2026030,GHA235
ART291-002-2026010,JCO225
ART291-002-2026030,JCO225
ART291-003-2026010,JMC259
ART291-003-2026030,CEB223
ART291-004-2026010,DMALONE
ART291-004-2026030,BSM225
ART291-005-2026010,HESM232
ART291-005-2026030,CIGR224
ART291-006-2026010,CIGR224
ART291-006-2026030,PEMAST2
ART291-007-2026010,BSM225
ART291-007-2026030,LAPAYN2
ART291-008-2026010,DSTRA2
ART291-008-2026030,JHNO224
ART291-009-2026010,MCI226
ART291-009-2026030,DWI243
ART291-010-2026010,PEMAST2
ART291-010-2026030,MCI226
ART291-011-2026010,GHA235
ART291-011-2026030,BRGO222
ART291-012-2026010,BRGO222
ART291-012-2026030,WST222
ART291-013-2026010,WST222
ART291-014-2026010,DWI243
ART301-001-2026010,BAL237
ART301-001-2026030,CEGO233
ART302-001-2026010,DSTRA2
ART302-001-2026030,DSTRA2
ART504-001-2026010,MEKI243
ART505-001-2026010,BAL237
ART768-001-2026010,MEKI243
ART768-001-2026030,PWA264
ART768-002-2026030,MEKI243
ART794-001-2026010,BAL237
ART794-001-2026030,BAL237
ART795-001-2026010,MEKI243
ART795-001-2026030,MEKI243
ART796-001-2026010,MEKI243
ART796-001-2026030,MEKI243
ART797-001-2026010,MEKI243
ART797-001-2026030,MEKI243
ART797-001-2026050,MEKI243
ART797-002-2026030,PWA264
ASC101-001-2026010,CMYO230
ASC101-001-2026010,JLWAHR2
ASC101-001-2026030,JLWAHR2
ASC101-002-2026010,CMYO230
ASC101-002-2026010,JLWAHR2
ASC101-002-2026030,JLWAHR2
ASC101-003-2026010,CMYO230
ASC101-003-2026010,JLWAHR2
ASC101-003-2026030,JLWAHR2
ASC101-004-2026010,CMYO230
ASC101-004-2026010,JLWAHR2
ASC101-004-2026030,JLWAHR2
ASC101-005-2026010,CMYO230
ASC101-005-2026010,JLWAHR2
ASC101-005-2026030,JLWAHR2
ASC101-006-2026010,CMYO230
ASC101-006-2026010,JLWAHR2
ASC102-001-2026030,DAARON
ASC102-002-2026030,DAARON
ASC205-001-2026010,MGROSS2
ASC205-001-2026030,MGROSS2
ASC209-201-2026010,AAMC264
ASC209-201-2026030,AAMC264
ASC220-001-2026010,CRHE249
ASC300-001-2026010,GKRENT2
ASC303-001-2026030,GKRENT2
ASC310-001-2026010,CFTE222
ASC310-001-2026030,CFTE222
ASC310-002-2026010,BLA290
ASC310-002-2026010,CFTE222
ASC310-002-2026030,CFTE222
ASC311-001-2026010,LLAWRENC
ASC320-001-2026010,HID223
ASC320-001-2026010,MGROSS2
ASC320-002-2026010,HID223
ASC320-002-2026010,MGROSS2
ASC320-003-2026010,HID223
ASC320-003-2026010,MGROSS2
ASC320-004-2026010,HID223
ASC320-004-2026010,MGROSS2
ASC321-001-2026030,LHAYES
ASC323-001-2026010,LHAYES
ASC325-001-2026010,KLUR222
ASC325-001-2026030,KLUR222
ASC325-210-2026050,KLUR222
ASC362-001-2026010,DAARON
ASC362-001-2026030,DAARON
ASC362-002-2026030,DAARON
ASC364-001-2026010,PBRID2
ASC364-001-2026030,PBRID2
ASC364-002-2026010,PBRID2
ASC364-002-2026030,PBRID2
ASC378-001-2026010,SAAD232
ASC380-001-2026030,EVANZANT
ASC380-210-2026050,JLWAHR2
ASC382-001-2026010,AMLE236
ASC382-002-2026010,AMLE236
ASC389-001-2026030,LLAWRENC
ASC399-203-2026010,CFTE222
ASC399-204-2026010,AMLE236
ASC399-210-2026050,AMLE236
ASC399-211-2026050,AMLE236
ASC399-230-2026020,AMLE236
ASC404-001-2026010,DAARON
ASC406-001-2026010,DBULLOCK
ASC408-001-2026030,AMLE236
ASC408-002-2026030,AMLE236
ASC410-001-2026030,LLAWRENC
ASC440-001-2026030,JPJA222
ASC440-001-2026030,SAAD232
ASC470-001-2026010,EVANZANT
ASC470-001-2026030,EVANZANT
ASC680-001-2026010,DHARMON
ASC683-001-2026010,RJTR224
ASC684-001-2026030,DHARMON
ASC748-001-2026030,DHARMON
ASC767-011-2026010,JMATTHEW
ASC770-001-2026010,KMCLEOD
ASC771-001-2026030,KMCLEOD
ASC780-001-2026010,SPSUMA2
ASC780-002-2026010,MNEWMAN
ASL101-001-2026010,DRWI240
ASL101-201-2026010,BEBO251
ASL101-202-2026010,BEBO251
ASL102-001-2026030,DRWI240
ASL102-002-2026030,DRWI240
ASL102-201-2026030,BEBO251
ASL201-001-2026010,DRWI240
ASL201-201-2026010,BEBO251
ASL202-201-2026030,BEBO251
AST191-001-2026010,YSU262
AST191-001-2026030,GARY
AST191-001-2026030,RMA260
AST191-001-2026030,SCLE241
AST191-002-2026010,YSU262
AST191-002-2026030,GARY
AST191-002-2026030,RMA260
AST191-002-2026030,SCLE241
AST191-401-2026010,TGKNAU00
AST191-401-2026030,TGKNAU00
AST192-001-2026010,RJWI222
AST192-001-2026030,SUPER234
AST192-201-2026010,SUPER234
AST395-001-2026010,YSU262
AST395-002-2026010,RJWI222
AST395-003-2026010,SUPER234
AST639-001-2026030,RLSA239
AST639-001-2026030,RMA260
AT120-001-2026010,JMCL224
AT120-001-2026010,KEEV226
AT600-010-2026050,CLSI223
AT600-010-2026050,KBNO228
AT601-010-2026050,MCHO222
AT602-010-2026050,TBUTTE2
AT603-001-2026010,TBUTTE2
AT604-010-2026050,JMCL224
AT604-010-2026050,KBNO228
AT610-001-2026010,KBNO228
AT610-001-2026010,MSM328
AT620-001-2026030,KBNO228
AT620-001-2026030,MSM328
AT630-001-2026010,JMCL224
AT631-001-2026030,MSM328
AT631-001-2026030,NHE232
AT632-001-2026010,CLSI223
AT632-001-2026010,NHE232
AT633-010-2026050,MSM328
AT634-001-2026010,JMCL224
AT635-001-2026030,KBNO228
AT635-001-2026030,MSM328
AT640-001-2026010,CLSI223
AT641-001-2026030,CLSI223
AT642-010-2026050,CLSI223
AT643-001-2026010,CLSI223
AT644-001-2026010,CLSI223
AT645-001-2026030,CLSI223
AT680-001-2026030,PAGR224
AT691-010-2026050,ADSCIA0
AT691-010-2026050,KBNO228
AT693-001-2026030,CLSI223
AT695-001-2026010,DTO245
AT695-001-2026010,KKO238
AT695-001-2026010,MSM328
AT696-001-2026030,CLSI223
AT696-001-2026030,MSM328
AT697-001-2026010,CLSI223
AT700-001-2026030,TBUTTE2
AT702-001-2026030,JMCL224
AT704-001-2026030,JMCL224
AT777-001-2026010,PAGR224
AT778-001-2026030,PAGR224
AUD800-010-2026050,TACLIN2
AUD810-010-2026050,IWI237
AUD815-010-2026050,AOLSO2
AUD815-010-2026050,DESZ222
AUD815-010-2026050,IWI237
B&E120-001-2026010,SKPHEL0
B&E120-002-2026010,SKPHEL0
B&E150-001-2026010,RDJONE4
B&E150-001-2026030,LSCO229
B&E150-002-2026010,MEMARQ0
B&E150-003-2026010,RDJONE4
B&E150-004-2026010,JTA287
B&E150-005-2026010,ADHA268
B&E150-006-2026010,HHO275
B&E150-007-2026010,WCA240
B&E150-008-2026010,JLO291
B&E150-009-2026010,HJO252
B&E150-010-2026010,BFU224
B&E201-201-2026010,LVINC2
B&E201-201-2026030,LVINC2
B&E250-001-2026030,RDJONE4
B&E250-002-2026030,RDJONE4
B&E250-003-2026030,JTA287
B&E250-004-2026030,ADHA268
B&E250-005-2026030,RGI233
B&E250-006-2026030,HHO275
B&E250-007-2026030,RLGA233
B&E327-001-2026030,JPE252
B&E340-001-2026010,KHA261
B&E390-701-2026010,AAL457
B&E390-701-2026010,JTA287
B&E390-710-2026050,AAL457
B&E396-201-2026010,JTA287
B&E396-201-2026030,JTA287
B&E396-202-2026010,MGORJ0
B&E396-202-2026030,MGORJ0
B&E396-203-2026010,WNA224
B&E396-204-2026030,MGORJ0
B&E396-210-2026050,ADHA268
B&E396-710-2026050,ADHA268
B&E397-201-2026010,JTA287
B&E397-201-2026030,JTA287
B&E397-701-2026030,JTA287
B&E650-001-2026010,MGORJ0
B&E650-002-2026010,WNA224
B&E650-201-2026030,MGORJ0
BA700-001-2026010,GHOYT
BA700-001-2026010,JRGILL01
BA749-010-2026050,JPE252
BA757-001-2026010,SKELLEY
BA762-001-2026010,SBORG2
BA767-001-2026010,SKELLEY
BA767-001-2026030,SKELLEY
BA767-001-2026050,JPE252
BA768-001-2026030,JPE252
BA769-001-2026030,JPE252
BAE200-001-2026010,ARABAD2
BAE202-001-2026010,CROFCHE
BAE205-001-2026030,MPSAMA2
BAE205-002-2026030,MPSAMA2
BAE206-001-2026030,JDV223
BAE206-002-2026030,JDV223
BAE305-001-2026030,CAJA222
BAE305-001-2026030,JDV223
BAE305-002-2026030,CAJA222
BAE305-002-2026030,JDV223
BAE305-003-2026030,CAJA222
BAE305-003-2026030,JDV223
BAE310-001-2026030,JSH278
BAE395-004-2026030,TJBA240
BAE400-001-2026010,CROFCHE
BAE402-001-2026010,ARABAD2
BAE402-001-2026010,MPE277
BAE403-001-2026030,ARABAD2
BAE403-001-2026030,MPE277
BAE417-001-2026010,TSS
BAE437-001-2026030,NMHU223
BAE447-001-2026010,MONTROSS
BAE502-001-2026030,MPSAMA2
BAE506-001-2026030,TJBA240
BAE515-001-2026010,JDV223
BAE538-001-2026010,TLGRAH2
BAE541-001-2026010,YOSTSA
BAE542-001-2026010,CROFCHE
BAE542-001-2026010,JSH278
BAE545-001-2026030,YOSTSA
BAE549-001-2026010,AAD244
BAE599-001-2026010,JDV223
BAE599-001-2026030,AAD244
BAE599-002-2026030,JTMCMA2
BAE599-401-2026030,WSA223
BAE620-401-2026030,WSA223
BAE642-001-2026030,YOSTSA
BAE658-001-2026010,MPSAMA2
BAE664-001-2026010,ORMSBEE
BAE667-001-2026010,TLGRAH2
BAE678-001-2026030,WSA223
BAE749-001-2026050,MPSAMA2
BAE750-015-2026010,TJBA240
BAE750-015-2026010,WSA223
BAE768-009-2026010,WSA223
BAE775-001-2026010,AAD244
BCH201-210-2026050,KDSARGE
BCH401G-001-2026010,HGUO3
BCH401G-001-2026010,HPS
BCH401G-001-2026010,MGFRIE2
BCH401G-001-2026030,DRODGER
BCH401G-001-2026030,ENFR237
BCH401G-001-2026030,HPS
BCH401G-001-2026030,MGFRIE2
BCH401G-002-2026010,DRODGER
BCH401G-002-2026010,JBL235
BCH401G-002-2026010,WCAI3
BCH401G-002-2026030,HPS
BCH401G-002-2026030,MGFRIE2
BCH401G-002-2026030,MSE285
BCH401G-201-2026010,HPS
BCH401G-201-2026030,HPS
BCH419G-001-2026010,KDSARGE
BCH607-001-2026010,BPZH222
BCH607-001-2026010,HPS
BCH607-001-2026010,KVKO222
BCH607-001-2026010,MGFRIE2
BCH609-001-2026030,DHILD
BCH609-201-2026030,DHILD
BCH610-001-2026010,EGA224
BCH610-001-2026010,KVKO222
BCH610-001-2026010,TGA222
BCH610-001-2026010,WHITEHE
BCH612-001-2026010,DRODGER
BCH612-001-2026010,HPS
BCH612-001-2026010,KVKO222
BCH612-001-2026010,RCBRUN2
BCH612-001-2026010,TGA222
BCH625-001-2026030,DANDRES
BCH812-001-2026010,HGUO3
BCH812-001-2026010,KOCO223
BCH812-001-2026010,NLWE230
BCH812-001-2026010,WHITEHE
BIO101-001-2026010,DWEIS2
BIO101-001-2026010,JLOSTE0
BIO101-001-2026010,PMMIRA00
BIO101-002-2026010,DWEIS2
BIO101-002-2026010,JLOSTE0
BIO101-002-2026010,PMMIRA00
BIO102-001-2026010,BIODFW
BIO102-001-2026030,JMFE240
BIO103-001-2026010,MPSRIN2
BIO103-001-2026030,MPSRIN2
BIO103-002-2026010,KSHEN2
BIO103-002-2026030,ECR227
BIO103-201-2026030,ECR227
BIO103-210-2026050,MPSRIN2
BIO103-230-2026020,KSHEN2
BIO111-001-2026030,KHI269
BIO111-001-2026030,KSHEN2
BIO111-002-2026030,KHI269
BIO111-002-2026030,KSHEN2
BIO111-003-2026030,ARFO248
BIO111-003-2026030,KSHEN2
BIO111-004-2026030,KSHEN2
BIO111-004-2026030,YWA371
BIO111-005-2026030,KSHEN2
BIO111-005-2026030,YWA371
BIO148-001-2026010,DKHE223
BIO148-001-2026030,DKHE223
BIO148-002-2026010,SVJO222
BIO148-002-2026030,SVJO222
BIO148-003-2026010,RLGA223
BIO148-003-2026030,RLGA223
BIO148-210-2026050,DKHE223
BIO152-001-2026010,KLI236
BIO152-001-2026030,MLDA227
BIO152-002-2026010,MLDA227
BIO152-002-2026030,MCLET
BIO152-210-2026050,MLDA227
BIO155-001-2026010,JFE271
BIO155-001-2026030,IEUN222
BIO155-001-2026030,PMMIRA00
BIO155-002-2026010,IEUN222
BIO155-002-2026030,JFE271
BIO155-002-2026030,PMMIRA00
BIO155-003-2026010,GTYO222
BIO155-003-2026030,GTYO222
BIO155-003-2026030,PMMIRA00
BIO155-004-2026010,VYZH222
BIO155-004-2026030,ANRU241
BIO155-004-2026030,PMMIRA00
BIO155-005-2026010,BLRI233
BIO155-005-2026030,PMMIRA00
BIO155-005-2026030,TRSI236
BIO155-006-2026010,EJRE236
BIO155-006-2026030,PMMIRA00
BIO155-006-2026030,VYZH222
BIO155-007-2026010,ENAR227
BIO155-007-2026030,HEMY223
BIO155-007-2026030,PMMIRA00
BIO155-008-2026010,BLO252
BIO155-008-2026030,IEUN222
BIO155-008-2026030,PMMIRA00
BIO155-009-2026010,BLO252
BIO155-009-2026030,JFE271
BIO155-009-2026030,PMMIRA00
BIO155-010-2026010,EHA366
BIO155-010-2026030,AMGA263
BIO155-010-2026030,PMMIRA00
BIO155-011-2026010,GTYO222
BIO155-011-2026030,ANRU241
BIO155-011-2026030,PMMIRA00
BIO155-012-2026010,VYZH222
BIO155-012-2026030,AMGA263
BIO155-012-2026030,PMMIRA00
BIO155-013-2026010,PMMIRA00
BIO155-013-2026030,MMRO275
BIO155-013-2026030,PMMIRA00
BIO155-014-2026010,EHA366
BIO155-014-2026030,PMMIRA00
BIO155-015-2026010,BLRI233
BIO155-015-2026030,PMMIRA00
BIO155-015-2026030,TRSI236
BIO155-016-2026010,EJRE236
BIO155-016-2026030,PMMIRA00
BIO155-016-2026030,VYZH222
BIO155-017-2026010,ENAR227
BIO155-017-2026030,GTYO222
BIO155-017-2026030,PMMIRA00
BIO155-018-2026010,JFE271
BIO155-018-2026030,HEMY223
BIO155-018-2026030,PMMIRA00
BIO155-019-2026010,IEUN222
BIO155-019-2026030,MMRO275
BIO155-019-2026030,PMMIRA00
BIO198-001-2026010,ECR227
BIO198-001-2026010,HFBL222
BIO198-002-2026010,DRWE237
BIO198-002-2026010,ECR227
BIO198-003-2026010,DRWE237
BIO198-003-2026010,ECR227
BIO198-004-2026010,ECR227
BIO198-004-2026010,HFBL222
BIO199-001-2026010,PMMIRA00
BIO199-001-2026030,PMMIRA00
BIO199-002-2026010,JPE277
BIO199-002-2026030,ECR227
BIO199-003-2026030,KSHEN2
BIO199-004-2026030,AFLO232
BIO199-005-2026030,MCTA247
BIO199-006-2026030,DWEIS2
BIO199-007-2026030,ACMO224
BIO199-008-2026030,JPE277
BIO199-009-2026030,EMDU236
BIO199-010-2026030,JJSMIT3
BIO208-001-2026010,EEMORR1
BIO208-001-2026030,EEMORR1
BIO208-002-2026030,EEMORR1
BIO208-201-2026010,KLI236
BIO208-210-2026050,EEMORR1
BIO208-230-2026020,KLI236
BIO209-001-2026010,SNA260
BIO209-001-2026030,RLGA223
BIO209-002-2026010,MSU261
BIO209-002-2026030,HFBL222
BIO209-002-2026030,RLGA223
BIO209-003-2026010,MSU261
BIO209-003-2026030,RLGA223
BIO209-003-2026030,YLI311
BIO209-004-2026010,SNA260
BIO209-004-2026030,HFBL222
BIO209-004-2026030,RLGA223
BIO209-005-2026030,RLGA223
BIO209-005-2026030,YLI311
BIO300-001-2026010,JAWH222
BIO300-002-2026010,JAWH222
BIO302-001-2026010,JMORG2
BIO302-001-2026010,PRENDER
BIO302-001-2026010,SJCH239
BIO302-001-2026030,JMORG2
BIO302-001-2026030,PRENDER
BIO302-001-2026030,SJCH239
BIO303-001-2026010,CLI242
BIO303-001-2026010,KBBY224
BIO303-001-2026030,MPSRIN2
BIO303-001-2026030,PSK224
BIO303-001-2026030,RRA296
BIO303-002-2026010,CLI242
BIO303-002-2026010,KBBY224
BIO303-002-2026030,MPSRIN2
BIO303-002-2026030,PSK224
BIO303-002-2026030,RPA281
BIO303-003-2026010,CLI242
BIO303-003-2026010,RRA296
BIO303-003-2026030,MPSRIN2
BIO303-003-2026030,PSK224
BIO303-003-2026030,RRA296
BIO303-004-2026010,CLI242
BIO303-004-2026010,RRA296
BIO303-005-2026010,CLI242
BIO303-005-2026010,JNWA255
BIO303-005-2026030,ENAR227
BIO303-005-2026030,MPSRIN2
BIO303-005-2026030,PSK224
BIO303-006-2026010,CLI242
BIO303-006-2026010,JNWA255
BIO303-006-2026030,ENAR227
BIO303-006-2026030,MPSRIN2
BIO303-006-2026030,PSK224
BIO304-001-2026010,JKFA226
BIO304-001-2026010,TMSW226
BIO304-001-2026030,ACH399
BIO304-001-2026030,DKHE223
BIO304-001-2026030,JLOSTE0
BIO304-002-2026010,JKFA226
BIO304-002-2026010,KPBA234
BIO304-002-2026010,TMSW226
BIO304-002-2026030,DKHE223
BIO304-002-2026030,JLOSTE0
BIO304-002-2026030,YLI271
BIO304-003-2026010,JKFA226
BIO304-003-2026010,YLI271
BIO304-003-2026030,DKHE223
BIO304-003-2026030,DTTH229
BIO304-003-2026030,JLOSTE0
BIO304-004-2026010,ACH399
BIO304-004-2026010,JKFA226
BIO304-004-2026030,DKHE223
BIO304-004-2026030,JLOSTE0
BIO304-004-2026030,YLI271
BIO304-005-2026010,JKFA226
BIO304-005-2026010,YLI271
BIO304-005-2026030,DKHE223
BIO304-005-2026030,DTTH229
BIO304-005-2026030,JLOSTE0
BIO304-006-2026010,JKFA226
BIO304-006-2026010,KPBA234
BIO304-006-2026030,DKHE223
BIO304-006-2026030,JLOSTE0
BIO304-006-2026030,XFA229
BIO304-007-2026010,ACH399
BIO304-007-2026010,JKFA226
BIO304-007-2026030,ACH399
BIO304-007-2026030,DKHE223
BIO304-007-2026030,JLOSTE0
BIO304-008-2026030,DKHE223
BIO304-008-2026030,JLOSTE0
BIO304-008-2026030,XFA229
BIO305-001-2026010,LWNI223
BIO305-001-2026030,LWNI223
BIO305-001-2026030,SVJO222
BIO305-002-2026010,LWNI223
BIO305-002-2026030,MJBO248
BIO305-002-2026030,SVJO222
BIO305-003-2026010,MJBO248
BIO305-003-2026030,LWNI223
BIO305-003-2026030,SVJO222
BIO305-004-2026010,MJBO248
BIO305-004-2026030,MJBO248
BIO305-004-2026030,SVJO222
BIO308-001-2026030,KLI236
BIO308-210-2026050,KLI236
BIO309-001-2026030,DCBU239
BIO309-001-2026030,KLI236
BIO309-002-2026030,EHA366
BIO309-002-2026030,KLI236
BIO309-003-2026030,DCBU239
BIO309-003-2026030,KLI236
BIO309-004-2026030,EHA366
BIO309-004-2026030,KLI236
BIO310-001-2026010,CCBASK0
BIO310-001-2026010,JASMAL3
BIO315-001-2026010,EMDU236
BIO315-001-2026010,SDH231
BIO315-001-2026030,CKI266
BIO315-001-2026030,DOUGH
BIO315-001-2026030,MKZA225
BIO315-002-2026010,EMDU236
BIO315-002-2026010,LMNO231
BIO315-002-2026030,CKI266
BIO315-002-2026030,DOUGH
BIO315-002-2026030,EOV223
BIO315-003-2026010,EMDU236
BIO315-003-2026010,SDH231
BIO315-003-2026030,CKI266
BIO315-003-2026030,DOUGH
BIO315-003-2026030,EOV223
BIO315-004-2026010,EMDU236
BIO315-004-2026010,EOV223
BIO315-004-2026030,CKI266
BIO315-004-2026030,DOUGH
BIO315-004-2026030,MKZA225
BIO315-005-2026010,EMDU236
BIO315-005-2026010,EOV223
BIO315-005-2026030,AFLO232
BIO315-005-2026030,DOUGH
BIO315-005-2026030,SRA280
BIO325-001-2026010,BAD251
BIO325-001-2026010,JVA238
BIO325-001-2026030,BAD251
BIO325-001-2026030,JRBU241
BIO325-001-2026030,KSHEN2
BIO325-002-2026010,JVA238
BIO325-002-2026010,TVRO223
BIO325-002-2026030,JRBU241
BIO325-002-2026030,KSHEN2
BIO325-002-2026030,TVRO223
BIO325-003-2026010,BAD251
BIO325-003-2026010,JVA238
BIO325-003-2026030,BAD251
BIO325-003-2026030,JRBU241
BIO325-003-2026030,KSHEN2
BIO325-004-2026010,JVA238
BIO325-004-2026010,TVRO223
BIO325-004-2026030,JRBU241
BIO325-004-2026030,KSHEN2
BIO325-004-2026030,TVRO223
BIO325-005-2026030,JVA238
BIO337-001-2026030,DMU228
BIO350-001-2026010,CDLI231
BIO350-001-2026010,JPE277
BIO350-001-2026030,AWE260
BIO350-001-2026030,DSI271
BIO350-001-2026030,MLDA227
BIO350-002-2026010,AWE260
BIO350-002-2026010,JPE277
BIO350-003-2026010,CDLI231
BIO350-003-2026010,JPE277
BIO350-003-2026030,AWE260
BIO350-003-2026030,DSI271
BIO350-003-2026030,MLDA227
BIO350-004-2026010,CFMU224
BIO350-004-2026010,JPE277
BIO350-004-2026030,CFMU224
BIO350-004-2026030,DSI271
BIO350-004-2026030,MLDA227
BIO350-005-2026030,CFMU224
BIO350-005-2026030,MLDA227
BIO350-005-2026030,RLCOOP1
BIO351-001-2026010,CCBASK0
BIO351-001-2026010,KHI269
BIO355-710-2026050,EEMORR1
BIO360-001-2026030,EGA246
BIO360-001-2026030,KWO227
BIO360-001-2026030,SDORA2
BIO380-001-2026010,CKI266
BIO380-001-2026030,CLI242
BIO380-001-2026030,JNWA255
BIO380-002-2026030,ECR227
BIO380-003-2026030,JLOSTE0
BIO394-001-2026030,MCTA247
BIO394-002-2026030,VCASS2
BIO394-003-2026030,RLCOOP1
BIO394-004-2026030,BOHARA
BIO394-005-2026030,JPE277
BIO394-006-2026030,JSA269
BIO394-007-2026030,LSH223
BIO394-008-2026030,DSI271
BIO394-009-2026030,CLI242
BIO395-001-2026030,PMMIRA00
BIO395-002-2026030,CCBASK0
BIO395-003-2026030,JRBU241
BIO395-004-2026030,VCASS2
BIO395-005-2026030,RLCOOP1
BIO395-006-2026030,ECR227
BIO395-007-2026030,MLDA227
BIO395-009-2026030,EMDU236
BIO395-010-2026030,JKFA226
BIO395-011-2026030,RZE227
BIO395-012-2026030,JMFE240
BIO395-013-2026030,DOUGH
BIO395-014-2026030,SVJO222
BIO395-015-2026030,CKI266
BIO395-016-2026030,KLI236
BIO395-017-2026030,AFLO232
BIO395-018-2026030,CLI242
BIO395-019-2026030,MCLET
BIO395-020-2026030,PMMIRA00
BIO395-021-2026030,ACMO224
BIO395-022-2026030,BOHARA
BIO395-023-2026030,JLOSTE0
BIO395-024-2026030,JPE277
BIO395-025-2026030,EEMORR1
BIO395-026-2026030,JSA269
BIO395-027-2026030,AWSE225
BIO395-028-2026030,DSI271
BIO395-029-2026030,PSK224
BIO395-030-2026030,JJSMIT3
BIO395-031-2026030,MPSRIN2
BIO395-032-2026030,MCTA247
BIO395-033-2026030,JVA238
BIO395-034-2026030,DWEIS2
BIO395-035-2026030,BIODFW
BIO395-036-2026030,KSHEN2
BIO397-001-2026030,AFLO232
BIO397-002-2026030,KLI236
BIO397-003-2026030,EEMORR1
BIO397-004-2026030,SDORA2
BIO397-005-2026030,KAFIEL00
BIO397-006-2026030,BGARV0
BIO397-007-2026030,AKPI235
BIO397-008-2026030,BSTEV0
BIO397-009-2026030,SINAI
BIO397-010-2026030,SVANL3
BIO397-011-2026030,IME228
BIO397-012-2026030,VCASS2
BIO397-013-2026030,SCH412
BIO397-014-2026030,RLCOOP1
BIO398-001-2026030,PMMIRA00
BIO398-002-2026030,CCBASK0
BIO398-003-2026030,JRBU241
BIO398-004-2026030,VCASS2
BIO398-005-2026030,RLCOOP1
BIO398-006-2026030,ECR227
BIO398-007-2026030,MLDA227
BIO398-009-2026030,EMDU236
BIO398-010-2026030,JKFA226
BIO398-011-2026030,RZE227
BIO398-012-2026030,JMFE240
BIO398-013-2026030,DOUGH
BIO398-014-2026030,SVJO222
BIO398-015-2026030,CKI266
BIO398-016-2026030,AFLO232
BIO398-017-2026030,KLI236
BIO398-018-2026030,CLI242
BIO398-019-2026030,MCLET
BIO398-021-2026030,ACMO224
BIO398-022-2026030,BOHARA
BIO398-023-2026030,JLOSTE0
BIO398-024-2026030,JPE277
BIO398-025-2026030,EEMORR1
BIO398-026-2026030,JSA269
BIO398-027-2026030,AWSE225
BIO398-028-2026030,DSI271
BIO398-029-2026030,PSK224
BIO398-030-2026030,JJSMIT3
BIO398-031-2026030,MPSRIN2
BIO398-032-2026030,MCTA247
BIO398-033-2026030,JVA238
BIO398-034-2026030,DWEIS2
BIO398-035-2026030,BIODFW
BIO398-036-2026030,KSHEN2
BIO399-001-2026030,JLOSTE0
BIO404-001-2026010,DOUGH
BIO425-001-2026010,RLCOOP1
BIO425-001-2026030,CCBASK0
BIO425-002-2026030,CCBASK0
BIO425-003-2026010,AWSE225
BIO425-003-2026030,BOHARA
BIO425-004-2026010,AWSE225
BIO425-005-2026030,RLCOOP1
BIO425-007-2026010,CKI266
BIO425-007-2026030,JSA269
BIO425-008-2026010,JLOSTE0
BIO425-009-2026010,DWEIS2
BIO426-001-2026010,RLCOOP1
BIO426-001-2026030,RLCOOP1
BIO426-002-2026010,POR223
BIO426-002-2026030,JMORG2
BIO426-003-2026010,SRVOSS
BIO426-003-2026030,POR223
BIO426-004-2026010,WJAL223
BIO426-004-2026030,WBHU224
BIO426-005-2026010,JLOSTE0
BIO426-005-2026030,PRENDER
BIO426-006-2026010,SKPATE2
BIO429-001-2026030,AWSE225
BIO429-001-2026030,BLO252
BIO430G-001-2026010,HKHE226
BIO430G-001-2026010,MCLET
BIO440-001-2026030,VCASS2
BIO445-001-2026010,SMST295
BIO445-001-2026010,VCASS2
BIO446-001-2026010,RLCOOP1
BIO461G-001-2026030,JDU282
BIO482-001-2026010,RDUTC2
BIO482-001-2026010,SCH412
BIO482-001-2026010,SKGAND2
BIO482-001-2026010,WMDE227
BIO494G-001-2026010,BGARV0
BIO494G-001-2026010,JDBR310
BIO494G-001-2026010,JLSTUR0
BIO494G-001-2026010,JSI239
BIO494G-001-2026010,JYANN1
BIO494G-001-2026030,ACHA264
BIO494G-001-2026030,BGARV0
BIO494G-001-2026030,JDBR310
BIO494G-001-2026030,JLSTUR0
BIO494G-001-2026030,JSI239
BIO494G-001-2026030,JYANN1
BIO495G-001-2026030,EGA246
BIO495G-001-2026030,SDORA2
BIO507-001-2026010,BOHARA
BIO507-001-2026030,BOHARA
BIO508-001-2026010,RZE227
BIO520-001-2026010,JJSMIT3
BIO520-001-2026010,KIES222
BIO535-001-2026010,JPE277
BIO535-001-2026010,JSA269
BIO535-001-2026010,VCASS2
BIO540-001-2026030,JVA238
BIO550-001-2026030,RLCOOP1
BIO561-001-2026010,ZSY224
BIO561-201-2026010,ZSY224
BIO568-001-2026030,ZSY224
BIO568-201-2026030,ZSY224
BIO580-002-2026030,FETTENS
BIO582-001-2026010,RDUTC2
BIO582-001-2026010,SCH412
BIO582-001-2026010,SKGAND2
BIO582-001-2026010,WMDE227
BIO600-001-2026010,JSA269
BIO600-001-2026010,PSK224
BIO604-001-2026010,DOUGH
BIO620-001-2026010,AGHUNT00
BIO621-001-2026010,JMFE240
BIO622-001-2026010,ADOWNIE
BIO622-001-2026010,SCHARDL
BIO622-001-2026010,TKA234
BIO629-001-2026030,AWSE225
BIO629-001-2026030,BLO252
BIO635-001-2026030,RPALLI
BIO650-001-2026010,RLCOOP1
BIO665-001-2026030,NLHA239
BIO667-201-2026010,LRIESKE
BIO685-001-2026010,SKGAND2
BIO740-001-2026010,WLU224
BIO748-001-2026030,JKFA226
BIO749-001-2026030,JKFA226
BIO757-001-2026030,JKFA226
BIO767-001-2026030,CCBASK0
BIO767-002-2026030,JRBU241
BIO767-003-2026030,VCASS2
BIO767-004-2026030,RLCOOP1
BIO767-005-2026030,AFLO232
BIO767-006-2026030,EMDU236
BIO767-007-2026030,JKFA226
BIO767-008-2026030,RZE227
BIO767-009-2026030,JMFE240
BIO767-010-2026030,DOUGH
BIO767-011-2026030,CKI266
BIO767-012-2026030,MCTA247
BIO767-013-2026030,CLI242
BIO767-014-2026030,MCLET
BIO767-015-2026030,PMMIRA00
BIO767-016-2026030,ACMO224
BIO767-017-2026030,BOHARA
BIO767-018-2026030,JLOSTE0
BIO767-019-2026030,JPE277
BIO767-020-2026030,JSA269
BIO767-021-2026030,AWSE225
BIO767-022-2026030,DSI271
BIO767-023-2026030,PSK224
BIO767-024-2026030,JJSMIT3
BIO767-025-2026030,JVA238
BIO767-026-2026030,DWEIS2
BIO767-027-2026030,BIODFW
BIO768-001-2026030,CCBASK0
BIO768-002-2026030,JRBU241
BIO768-003-2026030,VCASS2
BIO768-004-2026030,RLCOOP1
BIO768-005-2026030,AFLO232
BIO768-006-2026030,EMDU236
BIO768-007-2026030,JKFA226
BIO768-008-2026030,RZE227
BIO768-009-2026030,JMFE240
BIO768-010-2026030,DOUGH
BIO768-011-2026030,CKI266
BIO768-012-2026030,MCTA247
BIO768-013-2026030,CLI242
BIO768-014-2026030,MCLET
BIO768-015-2026030,PMMIRA00
BIO768-016-2026030,ACMO224
BIO768-017-2026030,BOHARA
BIO768-018-2026030,JLOSTE0
BIO768-019-2026030,JPE277
BIO768-020-2026030,JSA269
BIO768-021-2026030,AWSE225
BIO768-022-2026030,DSI271
BIO768-023-2026030,PSK224
BIO768-024-2026030,JJSMIT3
BIO768-025-2026030,JVA238
BIO768-026-2026030,DWEIS2
BIO768-027-2026030,BIODFW
BIO770-001-2026010,JKFA226
BIO770-001-2026030,DOUGH
BIO770-002-2026030,MCTA247
BIO770-003-2026010,AWSE225
BIO770-004-2026010,JRBU241
BIO772-001-2026010,JYANN1
BIO772-001-2026030,JYANN1
BIO772-002-2026010,BSTEV0
BIO772-002-2026030,BSTEV0
BIO790-001-2026030,JSA269
BIO795-001-2026030,CCBASK0
BIO795-002-2026030,JRBU241
BIO795-003-2026030,VCASS2
BIO795-004-2026030,RLCOOP1
BIO795-005-2026030,AFLO232
BIO795-006-2026030,EMDU236
BIO795-007-2026030,JKFA226
BIO795-008-2026030,RZE227
BIO795-009-2026030,JMFE240
BIO795-010-2026030,DOUGH
BIO795-011-2026030,CKI266
BIO795-012-2026030,MCTA247
BIO795-013-2026030,CLI242
BIO795-014-2026030,MCLET
BIO795-015-2026030,PMMIRA00
BIO795-016-2026030,ACMO224
BIO795-017-2026030,BOHARA
BIO795-018-2026030,JLOSTE0
BIO795-019-2026030,JPE277
BIO795-020-2026030,JSA269
BIO795-021-2026030,AWSE225
BIO795-022-2026030,DSI271
BIO795-023-2026030,PSK224
BIO795-024-2026030,JJSMIT3
BIO795-025-2026030,JVA238
BIO795-026-2026030,DWEIS2
BIO795-027-2026030,BIODFW
BME170-001-2026030,SGA251
BME170-001-2026030,WDFE222
BME201-001-2026010,WDFE222
BME272-001-2026030,JCH381
BME303-001-2026030,HOBALL2
BME322-001-2026010,GZH246
BME322-001-2026010,SGA251
BME330-001-2026010,CZH287
BME330-001-2026010,PSA258
BME330-001-2026030,CZH287
BME330-001-2026030,MHA301
BME350-001-2026030,PIENKOW
BME350-001-2026030,SGA251
BME395-001-2026010,GZH246
BME395-001-2026030,SSU223
BME395-002-2026010,SSU223
BME395-002-2026030,PIENKOW
BME395-003-2026010,PIENKOW
BME395-003-2026030,GZH246
BME395-004-2026010,ABHIJIT
BME395-004-2026030,ABHIJIT
BME395-005-2026010,CZH287
BME395-005-2026030,CZH287
BME395-006-2026010,STO263
BME395-006-2026030,NSU250
BME395-007-2026010,MOW229
BME395-007-2026030,STO263
BME395-008-2026010,MASA259
BME395-008-2026030,GYU2
BME395-009-2026010,MEGR259
BME395-009-2026030,MASA259
BME395-010-2026010,SGZA224
BME395-010-2026030,MOW229
BME395-011-2026030,SJFI230
BME395-012-2026010,WHITEHE
BME395-012-2026030,WBHU224
BME395-013-2026010,KSCAMP3
BME395-013-2026030,SGZA224
BME395-014-2026010,NSU250
BME395-014-2026030,JBAE2
BME395-015-2026010,KSAAT2
BME395-015-2026030,KSCAMP3
BME395-016-2026030,BALA259
BME395-017-2026030,JSATIN1
BME395-018-2026030,CCROF2
BME395-019-2026030,BBA236
BME395-020-2026030,KSAAT2
BME420-001-2026010,JHPA239
BME420-001-2026010,MHA301
BME420-001-2026010,WDFE222
BME421-001-2026030,JHPA239
BME421-001-2026030,MHA301
BME421-001-2026030,WDFE222
BME431-001-2026010,STO263
BME435-001-2026010,GZH246
BME435-001-2026010,YZH391
BME440-001-2026010,ABHIJIT
BME451-001-2026010,PIENKOW
BME455-001-2026010,CZH287
BME455-001-2026010,PSA258
BME464-001-2026030,STO263
BME465-001-2026010,NSU250
BME465-001-2026030,NSU250
BME465-001-2026030,YZH402
BME472-001-2026030,PIENKOW
BME488-001-2026010,PIENKOW
BME491-001-2026030,WDFE222
BME495-001-2026010,GZH246
BME495-001-2026030,SSU223
BME495-002-2026010,SSU223
BME495-002-2026030,PIENKOW
BME495-003-2026010,PIENKOW
BME495-003-2026030,GZH246
BME495-004-2026010,ABHIJIT
BME495-004-2026030,ABHIJIT
BME495-005-2026010,CZH287
BME495-005-2026030,CZH287
BME495-006-2026010,STO263
BME495-006-2026030,STO263
BME495-007-2026030,GYU2
BME495-008-2026030,NSU250
BME495-009-2026030,BWNO222
BME532-001-2026010,SSU223
BME540-001-2026030,GYU2
BME540-001-2026030,MHA301
BME550-001-2026010,GYU2
BME579-001-2026030,SSU223
BME599-001-2026030,GZH246
BME599-002-2026030,BALA259
BME609-001-2026010,PIENKOW
BME641-001-2026010,ABHIJIT
BME655-001-2026010,CZH287
BME664-001-2026030,STO263
BME665-001-2026010,NSU250
BME665-001-2026030,NSU250
BME672-001-2026030,PIENKOW
BME688-001-2026010,PIENKOW
BME748-001-2026010,ABHIJIT
BME748-001-2026030,ABHIJIT
BME748-002-2026010,SSU223
BME748-002-2026030,SSU223
BME748-003-2026010,PIENKOW
BME748-003-2026030,PIENKOW
BME748-004-2026010,GZH246
BME748-004-2026030,GZH246
BME748-005-2026010,MEGR259
BME748-005-2026030,STO263
BME757-001-2026010,SSU223
BME757-001-2026030,SSU223
BME757-002-2026010,CZH287
BME757-002-2026030,CZH287
BME757-003-2026030,GYU2
BME757-004-2026030,NSU250
BME767-001-2026010,ABHIJIT
BME767-001-2026030,ABHIJIT
BME767-002-2026010,PIENKOW
BME767-002-2026030,PIENKOW
BME767-003-2026010,GYU2
BME767-003-2026030,GYU2
BME767-004-2026010,GZH246
BME767-005-2026010,SSU223
BME767-005-2026030,SSU223
BME767-006-2026010,CZH287
BME767-006-2026030,GZH246
BME767-007-2026010,STO263
BME767-007-2026030,CZH287
BME767-008-2026010,MEGR259
BME767-008-2026030,STO263
BME767-009-2026010,SMBE264
BME767-009-2026030,SMBE264
BME768-001-2026010,ABHIJIT
BME768-001-2026030,SSU223
BME768-002-2026010,SSU223
BME768-003-2026010,CZH287
BME768-004-2026010,STO263
BME769-001-2026010,PIENKOW
BME772-001-2026030,BALA259
BME781-001-2026010,CZH287
BME781-001-2026030,PIENKOW
BME781-002-2026010,PIENKOW
BME781-002-2026030,STO263
BME781-003-2026010,STO263
BME781-003-2026030,CZH287
BME781-004-2026010,GYU2
BME781-004-2026030,SSU223
BME781-005-2026030,NSU250
BME781-006-2026030,BALA259
BME790-001-2026010,SSU223
BME790-001-2026030,SSU223
BME790-002-2026010,SMBE264
BME790-002-2026030,STO263
BME790-003-2026010,PIENKOW
BME790-003-2026030,PIENKOW
BME790-004-2026010,CZH287
BMI520-001-2026030,MDCL233
BMI633-001-2026030,CJST235
BMI633-001-2026030,MTEB223
BMI633-001-2026030,YAJA223
BMI730-201-2026030,SKIM3
BMI731-201-2026010,SKIM3
BSC152-001-2026010,TKLOGAN
BSC251-001-2026030,TDSTRA00
BSC301-001-2026030,CCL235
BSC390-001-2026030,DKES222
BSC733-001-2026030,THKELLY
BSC767-010-2026050,CCL235
BSC790-010-2026050,CCL235
BSC824-001-2026030,RLSI223
BST230-001-2026010,ADBROC2
BST230-001-2026030,ADBROC2
BST230-002-2026030,WBBU222
BST230-201-2026010,ADBROC2
BST230-201-2026030,ADBROC2
BST230-210-2026050,ADBROC2
BST535-201-2026010,ARELLI4
BST600-001-2026010,RJCHAR2
BST635-201-2026030,MSDU230
BST655-001-2026030,DWFARD2
BST661-001-2026010,MSDU230
BST664-201-2026010,CMC353
BST675-001-2026010,RJCHAR2
BST681-001-2026010,XDZH222
BST682-001-2026030,STARI2
BST693-001-2026010,AAMA241
BST699-001-2026030,EMSL225
BST762-201-2026010,PWEST2
BVI580-201-2026010,MNKERB2
BVI582-201-2026010,ALA300
BVI583-201-2026010,DBLE223
BVI611-201-2026030,ALA300
BVI611-201-2026030,DBLE223
BVI611-201-2026030,MNKERB2
BVI614-201-2026030,ALA300
BVI614-201-2026030,DBLE223
BVI614-201-2026030,MRMO244
BVI615-210-2026050,ALA300
BVI615-210-2026050,DBLE223
BVI615-210-2026050,MNKERB2
BVI615-211-2026050,ALA300
BVI615-211-2026050,DBLE223
BVI615-211-2026050,MNKERB2
BVI616-210-2026050,ALA300
BVI616-210-2026050,DBLE223
BVI616-210-2026050,MNKERB2
BVI617-201-2026030,ALA300
BVI617-201-2026030,MNKERB2
BVI618-201-2026010,ALA300
BVI618-201-2026010,MNKERB2
BVI626-201-2026010,JKA286
BVI627-201-2026030,JKA286
BVI628-201-2026030,KDMC255
BVI629-201-2026010,JKA286
BVI629-201-2026030,JKA286
BVI710-201-2026010,ALA300
BVI710-201-2026010,DBLE223
BVI710-201-2026030,ALA300
BVI710-201-2026030,DBLE223
BVI710-201-2026030,MNKERB2
BVI710-210-2026050,ALA300
BVI710-210-2026050,DBLE223
BVI710-210-2026050,MNKERB2
BVI720-210-2026050,JKA286
CAS301-201-2026010,RMBROW00
CAS302-201-2026030,KLUR222
CAS302-202-2026030,KLUR222
CAS390-001-2026010,MNEWMAN
CDE814-001-2026010,RLSI223
CDE815-001-2026010,RCINGR2
CDE826-001-2026030,KBHOUR2
CDE830-001-2026030,RCINGR2
CDE841-001-2026010,RLSI223
CDE841-001-2026030,RLSI223
CDE841-002-2026030,RLSI223
CDE844-001-2026010,KBNUSB2
CDE844-001-2026010,WBCO222
CDE850-001-2026010,RLSI223
CDE850-001-2026030,RLSI223
CDE855-001-2026030,REKOVA2
CDE882-001-2026010,ASCU224
CDE882-001-2026010,TACU227
CDE883-001-2026010,KPEPP2
CDE883-001-2026030,KPEPP2
CDE883-002-2026030,KPEPP2
CDE884-001-2026010,GCOBE2
CDE884-001-2026010,PCASK2
CDE885-001-2026030,ASCU224
CDE885-001-2026030,TACU227
CDS611-001-2026010,JKHA222
CDS611-001-2026030,JKHA222
CDS612-001-2026030,JKHA222
CDS631-001-2026030,OKESON
CDS660-001-2026010,MPE307
CDS660-001-2026010,OGONZ2
CDS660-001-2026030,MPE307
CDS660-001-2026030,OGONZ2
CDS670-001-2026030,JLWILLN
CDS680-001-2026030,TMU234
CDS748-010-2026050,RDELE0
CDS748-011-2026050,RDELE0
CDS768-010-2026050,RDELE0
CDS768-011-2026050,RDELE0
CDS812-001-2026030,CBEEMAN
CDS812-001-2026030,LSH232
CDS813-001-2026010,ASWR223
CDS813-001-2026010,CBCL222
CDS813-001-2026010,ESE253
CDS813-001-2026010,KAHA232
CDS813-001-2026010,KBHOUR2
CDS813-001-2026010,NGO253
CDS813-001-2026010,SBWI222
CDS813-001-2026030,ASWR223
CDS813-001-2026030,CBCL222
CDS813-001-2026030,ESE253
CDS813-001-2026030,KAHA232
CDS813-001-2026030,KBHOUR2
CDS813-001-2026030,NGO253
CDS813-001-2026030,SBWI222
CDS815-001-2026010,RLSI223
CDS818-001-2026030,ESE253
CDS819-001-2026030,EMTU223
CDS819-001-2026030,LSH263
CDS821-001-2026010,EDO226
CDS823-001-2026010,ASWR223
CDS823-001-2026010,CBCL222
CDS823-001-2026010,KAHA232
CDS823-001-2026010,KBHOUR2
CDS823-001-2026010,NGO253
CDS823-001-2026010,SBWI222
CDS823-001-2026030,ASWR223
CDS823-001-2026030,CBCL222
CDS823-001-2026030,KAHA232
CDS823-001-2026030,KBHOUR2
CDS823-001-2026030,NGO253
CDS823-001-2026030,SBWI222
CDS824-001-2026010,CMILLER
CDS824-001-2026010,DMDE229
CDS824-001-2026010,ESE253
CDS824-001-2026010,GOM223
CDS824-001-2026010,KBNUSB2
CDS824-001-2026010,MVRO222
CDS824-001-2026010,SPMI227
CDS824-001-2026010,TMU234
CDS824-001-2026010,WBCO222
CDS825-001-2026030,AKU227
CDS825-001-2026030,GOM223
CDS825-001-2026030,LSH232
CDS831-001-2026030,EDO226
CDS833-001-2026010,ASWR223
CDS833-001-2026010,CBCL222
CDS833-001-2026010,KAHA232
CDS833-001-2026010,KBHOUR2
CDS833-001-2026010,NGO253
CDS833-001-2026010,SBWI222
CDS833-001-2026030,ASWR223
CDS833-001-2026030,CBCL222
CDS833-001-2026030,KAHA232
CDS833-001-2026030,KBHOUR2
CDS833-001-2026030,NGO253
CDS833-001-2026030,SBWI222
CDS835-001-2026010,AKU227
CDS835-001-2026030,AKU227
CDS835-001-2026030,LSH232
CDS835-001-2026030,RJWI234
CDS835-201-2026010,AKU227
CDS836-001-2026030,FYA232
CDS836-001-2026030,GOM223
CDS836-001-2026030,IABO222
CDS836-001-2026030,IMO226
CDS836-001-2026030,OKESON
CDS836-001-2026030,RDELE0
CDS836-001-2026030,TMU234
CDS843-001-2026010,ASWR223
CDS843-001-2026010,CBCL222
CDS843-001-2026010,KAHA232
CDS843-001-2026010,KBHOUR2
CDS843-001-2026010,NGO253
CDS843-001-2026010,SBWI222
CDS843-001-2026030,ASWR223
CDS843-001-2026030,CBCL222
CDS843-001-2026030,KAHA232
CDS843-001-2026030,KBHOUR2
CDS843-001-2026030,NGO253
CDS843-001-2026030,SBWI222
CDS860-001-2026010,FYA232
CDS860-001-2026030,FYA232
CDS860-001-2026030,LAMORF2
CDS860-002-2026010,FYA232
CDS860-002-2026030,LAMORF2
CDS860-003-2026010,FYA232
CDS860-003-2026030,LAMORF2
CDS865-001-2026030,PSTEI2
CDS866-001-2026010,LSH263
CDS866-001-2026030,LSH263
CDS866-002-2026010,LSH263
CDS866-003-2026010,LSH263
CDS866-004-2026010,LSH263
CDS885-001-2026030,AKU227
CDS886-001-2026030,AKU227
CE106-001-2026010,KEAE223
CE106-001-2026010,SSJONE00
CE106-001-2026030,SSJONE00
CE106-002-2026010,KEAE223
CE106-002-2026010,SSJONE00
CE106-002-2026030,SSJONE00
CE106-003-2026010,KEAE223
CE106-003-2026010,SSJONE00
CE195-001-2026010,TBTAYL0
CE195-001-2026030,TBTAYL0
CE195-002-2026010,TBTAYL0
CE195-002-2026030,TBTAYL0
CE195-003-2026010,TBTAYL0
CE195-003-2026030,TBTAYL0
CE195-004-2026010,TBTAYL0
CE195-004-2026030,TBTAYL0
CE211-001-2026010,BSH302
CE211-001-2026010,GKFO226
CE211-001-2026030,BSH302
CE211-002-2026010,BSH302
CE211-002-2026010,IHFA224
CE211-002-2026030,BSH302
CE211-003-2026010,BSH302
CE211-003-2026010,KKH242
CE211-004-2026010,BSH302
CE211-004-2026010,KKH242
CE218-001-2026010,DBY228
CE218-001-2026030,TBTAYL0
CE218-002-2026010,TBTAYL0
CE218-701-2026050,NSTAM2
CE218-701-2026050,SSJONE00
CE303-001-2026010,HNA248
CE303-001-2026030,GBDADI2
CE331-001-2026010,GER225
CE331-001-2026030,RSO228
CE341-001-2026010,JFFOX2
CE341-001-2026030,JFFOX2
CE351-001-2026010,MKI314
CE351-001-2026030,AMGU232
CE351-002-2026030,MKI314
CE381-001-2026010,CGRAV0
CE381-001-2026010,IHFA224
CE381-001-2026010,MAHBOUB
CE381-001-2026030,CGRAV0
CE381-001-2026030,MAHBOUB
CE381-002-2026030,CGRAV0
CE381-002-2026030,MAHBOUB
CE395-001-2026010,TBTAYL0
CE395-001-2026030,TBTAYL0
CE395-006-2026010,GBDADI2
CE395-006-2026030,GBDADI2
CE395-012-2026030,JFFOX2
CE395-026-2026030,RSO228
CE395-027-2026030,MNPEIR3
CE401-001-2026010,JRCHEE0
CE401-001-2026030,JRCHEE0
CE401-002-2026010,JRCHEE0
CE401-002-2026030,JRCHEE0
CE429-001-2026010,SSJONE00
CE429-001-2026010,TMWO235
CE429-001-2026030,SSJONE00
CE429-002-2026030,SSJONE00
CE461G-001-2026010,YOSTSA
CE461G-001-2026030,ORMSBEE
CE471G-001-2026010,HUN222
CE471G-001-2026010,WGO231
CE471G-001-2026030,HUN222
CE471G-001-2026030,WGO231
CE471G-002-2026010,HUN222
CE471G-002-2026010,WGO231
CE471G-002-2026030,HUN222
CE471G-003-2026010,HUN222
CE471G-003-2026010,WGO231
CE482-001-2026010,DDA222
CE482-001-2026030,DDA222
CE482-001-2026030,MNPEIR3
CE506-001-2026030,HNA248
CE508-001-2026010,GBDADI2
CE509-001-2026010,HNA248
CE517-001-2026030,AJKIRK0
CE519-001-2026030,DBY228
CE519-201-2026030,DBY228
CE525-001-2026030,ERGREE0
CE531-001-2026010,AJKIRK0
CE534-001-2026010,MAHBOUB
CE541-001-2026010,YOSTSA
CE549-001-2026030,YOSTSA
CE559-001-2026010,KGPE222
CE568-001-2026010,TLGRAH2
CE579-001-2026030,MEKALI2
CE584-001-2026030,MNPEIR3
CE586-001-2026010,MNPEIR3
CE587-001-2026010,DDA222
CE587-201-2026010,DDA222
CE589-001-2026030,DDA222
CE595-001-2026010,TBTAYL0
CE595-001-2026030,TBTAYL0
CE599-002-2026010,MEKALI2
CE608-001-2026030,GBDADI2
CE610-001-2026010,GER225
CE610-201-2026010,GER225
CE621-001-2026030,HCH298
CE634-001-2026010,MCHEN2
CE635-001-2026010,RSO228
CE664-001-2026010,ORMSBEE
CE667-001-2026010,TLGRAH2
CE671-001-2026010,LSBRYS2
CE672-001-2026010,MEKALI2
CE673-001-2026030,WGO231
CE679-001-2026030,MEKALI2
CE681-001-2026030,MAHBOUB
CE682-001-2026030,DDA222
CE683-001-2026030,MNPEIR3
CE684-001-2026010,IEHARI2
CE686-001-2026010,IEHARI2
CE687-001-2026010,DDA222
CE687-201-2026010,DDA222
CE688-001-2026030,IEHARI2
CE699-001-2026030,GER225
CE699-002-2026010,DDA222
CE699-004-2026030,JFFOX2
CE748-001-2026010,MCHEN2
CE748-001-2026030,MCHEN2
CE748-010-2026050,MCHEN2
CE749-010-2026050,MCHEN2
CE757-001-2026010,MCHEN2
CE757-001-2026030,MCHEN2
CE767-001-2026010,MCHEN2
CE767-001-2026030,MCHEN2
CE767-010-2026050,MCHEN2
CE768-001-2026010,MCHEN2
CE768-001-2026030,MCHEN2
CE768-010-2026050,MCHEN2
CE769-010-2026050,MCHEN2
CE790-001-2026010,MCHEN2
CE790-001-2026030,MCHEN2
CE790-002-2026010,GBDADI2
CE790-002-2026030,MNPEIR3
CE790-005-2026010,DDA222
CE790-010-2026050,MCHEN2
CE790-011-2026050,MEKALI2
CE790-023-2026030,JFFOX2
CE790-026-2026030,DBY228
CE791-001-2026030,MCHEN2
CE791-007-2026010,DDA222
CE791-010-2026050,MCHEN2
CED225-001-2026030,AHA440
CED225-001-2026030,MOOL226
CED250-001-2026030,AHA440
CED300-003-2026010,AHA440
CED300-003-2026010,MOOL226
CED350-001-2026010,DHANZ2
CED410-001-2026010,AHA440
CED425-001-2026010,AHA440
CED425-001-2026010,DDSH227
CED430-001-2026030,AHA440
CED510-001-2026030,DDSH227
CED510-001-2026030,SKE294
CED515-201-2026010,DTBEAC1
CED516-201-2026030,DTBEAC1
CED516-201-2026030,JMMI242
CED516-202-2026030,DDSH227
CED516-202-2026030,SMBR314
CED520-201-2026010,DDSH227
CED520-201-2026010,SCH435
CED520-202-2026010,SMBR314
CED525-201-2026010,LTI223
CED525-202-2026010,CECU239
CED530-201-2026010,KWI348
CED530-202-2026010,SMBR314
CED540-201-2026010,LRDU228
CED540-201-2026010,NDI240
CED540-201-2026030,LRDU228
CED540-201-2026030,NDI240
CED540-202-2026010,CLBR311
CED540-202-2026010,DDSH227
CED540-202-2026030,CLBR311
CED540-202-2026030,DDSH227
CED550-201-2026030,KWI348
CED550-201-2026030,MOOL226
CED550-202-2026030,CAD270
CED554-201-2026010,DTBEAC1
CED560-202-2026030,SMBR314
CED570-210-2026050,DDSH227
CED570-210-2026050,KWI348
CED600-210-2026050,MOOL226
CED600-210-2026050,SCH435
CED610-210-2026050,DTBEAC1
CED615-210-2026050,AHA440
CED615-210-2026050,JMMI242
CED620-201-2026030,NDI240
CED620-201-2026030,SCH435
CED620-202-2026030,CECU239
CED630-201-2026030,SCH435
CED630-202-2026030,SCH435
CED650-201-2026010,MOOL226
CED650-201-2026010,SCH435
CED650-202-2026010,SCH435
CED660-201-2026030,CAD270
CED660-201-2026030,MOOL226
CED660-202-2026030,LTI223
CED670-201-2026010,KWI348
CED670-202-2026010,LRDU228
CED680-210-2026050,CAD270
CED680-210-2026050,MOOL226
CED680-211-2026050,CLBR311
CED680-211-2026050,DDSH227
CED701-001-2026010,CNSH227
CED701-001-2026030,MDSA229
CED710-001-2026010,SKE294
CED710-201-2026010,JMMI242
CED710-201-2026010,SKE294
CED710-201-2026030,SKE294
CED710-202-2026010,LTI223
CED710-202-2026030,LTI223
CED710-210-2026050,LRDU228
CED710-211-2026050,LTI223
CED721-001-2026010,KWI348
CED721-001-2026030,KWI348
CED721-002-2026030,DHARL00
CED721-003-2026030,JDLA234
CED721-004-2026030,SSH324
CED721-005-2026030,ADSP224
CED721-006-2026010,KBAC222
CED721-006-2026030,KBAC222
CED721-007-2026030,RCPENN2
CED721-008-2026030,CNSH227
CED721-009-2026030,SRHAWK2
CED721-010-2026030,MEBE287
CED721-011-2026030,SKE294
CED730-001-2026030,DHARL00
CED730-201-2026010,CAD270
CED730-201-2026010,JMMI242
CED730-201-2026030,CAD270
CED730-201-2026030,JMMI242
CED730-202-2026010,DTBEAC1
CED730-202-2026030,CECU239
CED730-203-2026030,DTBEAC1
CED730-204-2026030,DHARL00
CED730-210-2026050,JMMI242
CED730-210-2026050,LRDU228
CED730-211-2026050,LTI223
CED740-001-2026010,CAD270
CED750-201-2026010,NDI240
CED750-201-2026010,SKE294
CED750-202-2026010,CECU239
CED760-001-2026030,DHARL00
CED767-001-2026010,KWI348
CED767-001-2026030,KWI348
CED767-002-2026010,DHARL00
CED767-002-2026030,DHARL00
CED767-003-2026010,JDLA234
CED767-003-2026030,JDLA234
CED767-004-2026010,SSH324
CED767-004-2026030,SSH324
CED767-005-2026010,ADSP224
CED767-005-2026030,ADSP224
CED767-006-2026010,KBAC222
CED767-006-2026030,KBAC222
CED767-007-2026010,RCPENN2
CED767-007-2026030,RCPENN2
CED767-008-2026030,CNSH227
CED767-009-2026030,SRHAWK2
CED782-001-2026010,DHARL00
CED782-002-2026010,KWI348
CED782-003-2026010,SCH435
CED782-003-2026030,DHARL00
CED789-001-2026010,KWI348
CED789-002-2026010,DHARL00
CED789-003-2026010,JDLA234
CED789-004-2026010,SSH324
CED789-005-2026010,ADSP224
CED789-007-2026010,RCPENN2
CED789-010-2026030,MDSA229
CED789-201-2026010,SRHAWK2
CED790-001-2026030,KWI348
CED791-001-2026030,KWI348
CHE101-001-2026010,TESTA
CHE103-001-2026010,JBOWEN3
CHE103-001-2026030,JBOWEN3
CHE103-002-2026010,JBOWEN3
CHE103-002-2026030,JBOWEN3
CHE104-001-2026010,DATWOOD
CHE105-001-2026010,ADU312
CHE105-001-2026010,EDAL224
CHE105-001-2026030,DCPE227
CHE105-001-2026030,HPR225
CHE105-002-2026010,ADU312
CHE105-002-2026010,KRPR237
CHE105-002-2026030,HPR225
CHE105-002-2026030,VTHE222
CHE105-003-2026010,ADU312
CHE105-003-2026010,KRPR237
CHE105-003-2026030,DCPE227
CHE105-003-2026030,HPR225
CHE105-004-2026010,ADU312
CHE105-004-2026010,JKRE227
CHE105-004-2026030,DCPE227
CHE105-004-2026030,HPR225
CHE105-005-2026010,ADU312
CHE105-005-2026010,EDAL224
CHE105-005-2026030,HPR225
CHE105-005-2026030,VTHE222
CHE105-006-2026010,ADU312
CHE105-006-2026010,VTHE222
CHE105-006-2026030,HPR225
CHE105-006-2026030,VTHE222
CHE105-007-2026010,ADU312
CHE105-007-2026010,KRPR237
CHE105-007-2026030,DCPE227
CHE105-007-2026030,HPR225
CHE105-008-2026010,ADU312
CHE105-008-2026010,EDAL224
CHE105-008-2026030,DCPE227
CHE105-008-2026030,HPR225
CHE105-009-2026010,ADU312
CHE105-009-2026010,NIDA223
CHE105-009-2026030,JEDE222
CHE105-009-2026030,OAOL230
CHE105-010-2026010,ADU312
CHE105-010-2026010,KRPR237
CHE105-010-2026030,JEDE222
CHE105-010-2026030,NIDA223
CHE105-011-2026010,ADU312
CHE105-011-2026010,OAOL230
CHE105-011-2026030,JEDE222
CHE105-011-2026030,NIDA223
CHE105-012-2026010,ADU312
CHE105-012-2026010,TKI276
CHE105-012-2026030,JEDE222
CHE105-012-2026030,NIDA223
CHE105-013-2026010,ADU312
CHE105-013-2026010,OAOL230
CHE105-013-2026030,JEDE222
CHE105-013-2026030,PTA241
CHE105-014-2026010,ADU312
CHE105-014-2026010,KRPR237
CHE105-014-2026030,JEDE222
CHE105-014-2026030,PTA241
CHE105-015-2026010,ADU312
CHE105-015-2026010,DCPE227
CHE105-015-2026030,JEDE222
CHE105-015-2026030,NIDA223
CHE105-016-2026010,ADU312
CHE105-016-2026010,OAOL230
CHE105-016-2026030,JEDE222
CHE105-016-2026030,NIDA223
CHE105-017-2026010,HPR225
CHE105-017-2026010,TKI276
CHE105-018-2026010,HPR225
CHE105-018-2026010,TKI276
CHE105-019-2026010,HPR225
CHE105-019-2026010,JKRE227
CHE105-020-2026010,HPR225
CHE105-020-2026010,NIDA223
CHE105-021-2026010,HPR225
CHE105-021-2026010,NIDA223
CHE105-022-2026010,HPR225
CHE105-022-2026010,KRPR237
CHE105-023-2026010,DDI262
CHE105-023-2026010,HPR225
CHE105-024-2026010,HPR225
CHE105-024-2026010,TKI276
CHE105-025-2026010,KWOOD2
CHE105-025-2026010,OAOL230
CHE105-026-2026010,DDI262
CHE105-026-2026010,KWOOD2
CHE105-027-2026010,DDI262
CHE105-027-2026010,KWOOD2
CHE105-028-2026010,DDI262
CHE105-028-2026010,KWOOD2
CHE105-029-2026010,DDI262
CHE105-029-2026010,KWOOD2
CHE105-030-2026010,KWOOD2
CHE105-030-2026010,TKI276
CHE105-031-2026010,KWOOD2
CHE105-031-2026010,OAOL230
CHE105-032-2026010,EDAL224
CHE105-032-2026010,KWOOD2
CHE105-033-2026010,AENUNE2
CHE105-033-2026010,DCPE227
CHE105-034-2026010,AENUNE2
CHE105-034-2026010,JKRE227
CHE105-035-2026010,AENUNE2
CHE105-035-2026010,QYI224
CHE105-036-2026010,AENUNE2
CHE105-036-2026010,NIDA223
CHE105-037-2026010,AENUNE2
CHE105-037-2026010,PTA241
CHE105-038-2026010,AENUNE2
CHE105-038-2026010,DCPE227
CHE105-039-2026010,AENUNE2
CHE105-039-2026010,OAOL230
CHE105-040-2026010,AENUNE2
CHE105-040-2026010,PTA241
CHE105-041-2026010,KWOOD2
CHE105-041-2026010,PTA241
CHE105-042-2026010,EDAL224
CHE105-042-2026010,KWOOD2
CHE105-043-2026010,KWOOD2
CHE105-043-2026010,TKI276
CHE105-044-2026010,DDI262
CHE105-044-2026010,KWOOD2
CHE105-045-2026010,KWOOD2
CHE105-045-2026010,NIDA223
CHE105-046-2026010,KWOOD2
CHE105-046-2026010,QYI224
CHE105-047-2026010,KWOOD2
CHE105-047-2026010,QYI224
CHE105-048-2026010,KWOOD2
CHE105-048-2026010,NIDA223
CHE107-001-2026010,FLADIP0
CHE107-001-2026030,SELEGUE
CHE107-002-2026010,FLADIP0
CHE107-002-2026030,SELEGUE
CHE107-003-2026030,AENUNE2
CHE107-004-2026030,KWOOD2
CHE107-005-2026030,EEPETE2
CHE108-001-2026030,DATWOOD
CHE109-001-2026010,AENUNE2
CHE109-001-2026010,EDAL224
CHE109-001-2026030,ADU312
CHE109-001-2026030,VTHE222
CHE109-002-2026010,AENUNE2
CHE109-002-2026010,VTHE222
CHE109-002-2026030,ADU312
CHE109-002-2026030,OAOL230
CHE109-003-2026010,AENUNE2
CHE109-003-2026010,JKRE227
CHE109-003-2026030,ADU312
CHE109-003-2026030,OAOL230
CHE109-004-2026010,AENUNE2
CHE109-004-2026010,JKRE227
CHE109-005-2026030,ADU312
CHE109-005-2026030,OAOL230
CHE109-006-2026010,AENUNE2
CHE109-006-2026010,DCPE227
CHE109-006-2026030,ADU312
CHE109-006-2026030,DCPE227
CHE109-007-2026010,AENUNE2
CHE109-007-2026010,DCPE227
CHE109-007-2026030,ADU312
CHE109-007-2026030,PTA241
CHE109-008-2026010,AENUNE2
CHE109-008-2026010,PTA241
CHE109-009-2026030,ADU312
CHE109-009-2026030,VTHE222
CHE109-010-2026010,AENUNE2
CHE109-010-2026010,QYI224
CHE109-010-2026030,ADU312
CHE109-010-2026030,PTA241
CHE109-011-2026010,AENUNE2
CHE109-011-2026010,PTA241
CHE109-011-2026030,ADU312
CHE109-011-2026030,PTA241
CHE109-012-2026010,AENUNE2
CHE109-012-2026010,PTA241
CHE109-013-2026010,AENUNE2
CHE109-013-2026010,PTA241
CHE109-014-2026010,AENUNE2
CHE109-014-2026010,JKRE227
CHE109-015-2026010,AENUNE2
CHE109-015-2026010,QYI224
CHE109-016-2026010,AENUNE2
CHE109-016-2026010,VTHE222
CHE109-017-2026010,AENUNE2
CHE109-017-2026010,EDAL224
CHE109-601-2026010,ASSOUL2
CHE109-602-2026010,ASSOUL2
CHE109-603-2026010,ASSOUL2
CHE110-001-2026010,ADU312
CHE110-001-2026010,VTHE222
CHE110-001-2026030,ADU312
CHE110-001-2026030,OAOL230
CHE110-002-2026010,ADU312
CHE110-002-2026010,VTHE222
CHE110-002-2026030,ADU312
CHE110-002-2026030,JKRE227
CHE110-003-2026010,ADU312
CHE110-003-2026010,VTHE222
CHE110-003-2026030,ADU312
CHE110-003-2026030,JKRE227
CHE110-004-2026010,ADU312
CHE110-004-2026010,DCPE227
CHE110-004-2026030,ADU312
CHE110-004-2026030,JKRE227
CHE110-005-2026010,ADU312
CHE110-005-2026010,QYI224
CHE110-005-2026030,ADU312
CHE110-005-2026030,JKRE227
CHE110-006-2026010,ADU312
CHE110-006-2026010,OAOL230
CHE110-006-2026030,ADU312
CHE110-006-2026030,JKRE227
CHE110-601-2026030,ASSOUL2
CHE110-602-2026030,ASSOUL2
CHE111-001-2026010,AIG223
CHE111-001-2026010,RED232
CHE111-001-2026030,DAAD227
CHE111-001-2026030,SAF230
CHE111-002-2026010,AIG223
CHE111-002-2026010,SPA441
CHE111-002-2026030,DAAD227
CHE111-002-2026030,SL222
CHE111-003-2026010,AIG223
CHE111-003-2026010,LNA243
CHE111-003-2026030,DAAD227
CHE111-003-2026030,EGST251
CHE111-004-2026010,AIG223
CHE111-004-2026010,SL222
CHE111-004-2026030,CPCH230
CHE111-004-2026030,DAAD227
CHE111-005-2026010,AIG223
CHE111-005-2026010,HPNA223
CHE111-005-2026030,DAAD227
CHE111-005-2026030,IRWA222
CHE111-006-2026010,AIG223
CHE111-006-2026010,SAF230
CHE111-006-2026030,DAAD227
CHE111-006-2026030,THU286
CHE111-007-2026010,AIG223
CHE111-007-2026010,TATA239
CHE111-007-2026030,DAAD227
CHE111-007-2026030,SAF230
CHE111-008-2026010,AIG223
CHE111-008-2026010,YWA372
CHE111-008-2026030,DAAD227
CHE111-008-2026030,THU286
CHE111-009-2026010,AGA379
CHE111-009-2026010,AIG223
CHE111-010-2026010,AIG223
CHE111-010-2026010,MKA427
CHE111-010-2026030,DAAD227
CHE111-010-2026030,TKI276
CHE111-010-2026050,ANFR225
CHE111-011-2026010,AIG223
CHE111-011-2026010,RSH348
CHE111-011-2026030,DAAD227
CHE111-011-2026030,EGST251
CHE111-012-2026010,AIG223
CHE111-012-2026010,RJPA247
CHE111-012-2026030,ANFR225
CHE111-013-2026010,AIG223
CHE111-013-2026010,ASH464
CHE111-013-2026030,CPCH230
CHE111-013-2026030,DAAD227
CHE111-014-2026010,AIG223
CHE111-014-2026010,MME371
CHE111-014-2026030,SDE270
CHE111-014-2026030,SL222
CHE111-015-2026010,AIG223
CHE111-015-2026010,CWBE228
CHE111-016-2026010,SDE270
CHE111-016-2026010,SL222
CHE111-016-2026030,SAF230
CHE111-016-2026030,SDE270
CHE111-017-2026010,LNA243
CHE111-017-2026010,SDE270
CHE111-017-2026030,SDE270
CHE111-017-2026030,SL222
CHE111-018-2026010,SDE270
CHE111-018-2026010,YWA372
CHE111-018-2026030,ANFR225
CHE111-019-2026010,DKPA233
CHE111-019-2026010,SDE270
CHE111-019-2026030,SDE270
CHE111-019-2026030,TKI276
CHE111-020-2026010,CABI241
CHE111-020-2026010,SDE270
CHE111-020-2026030,IRWA222
CHE111-020-2026030,SDE270
CHE111-021-2026010,SDE270
CHE111-021-2026010,TATA239
CHE111-021-2026030,AIG223
CHE111-021-2026030,EGST251
CHE111-022-2026010,RJPA247
CHE111-022-2026010,SDE270
CHE111-022-2026030,AIG223
CHE111-022-2026030,THU286
CHE111-023-2026010,HPNA223
CHE111-023-2026010,SDE270
CHE111-024-2026010,AAZU224
CHE111-024-2026010,SDE270
CHE111-024-2026030,AIG223
CHE111-024-2026030,IRWA222
CHE111-025-2026010,CWBE228
CHE111-025-2026010,SDE270
CHE111-025-2026030,ANFR225
CHE111-026-2026010,MKA427
CHE111-026-2026010,SDE270
CHE111-026-2026030,ANFR225
CHE111-027-2026010,SDE270
CHE111-027-2026010,SPA441
CHE111-027-2026030,ANFR225
CHE111-028-2026010,AGA379
CHE111-028-2026010,DAAD227
CHE111-028-2026030,ANFR225
CHE111-029-2026010,DAAD227
CHE111-029-2026010,HPNA223
CHE111-029-2026030,ANFR225
CHE111-030-2026010,ASH464
CHE111-030-2026010,DAAD227
CHE111-030-2026030,ANFR225
CHE111-031-2026010,DAAD227
CHE111-031-2026010,RED232
CHE111-032-2026010,DAAD227
CHE111-032-2026010,MKA427
CHE111-033-2026010,DAAD227
CHE111-033-2026010,SAF230
CHE111-034-2026010,CABI241
CHE111-034-2026010,DAAD227
CHE111-035-2026010,DAAD227
CHE111-035-2026010,DKPA233
CHE111-036-2026010,AAZU224
CHE111-036-2026010,RED232
CHE111-037-2026010,LNA243
CHE111-037-2026010,RED232
CHE111-038-2026010,ASH464
CHE111-038-2026010,RED232
CHE111-039-2026010,AGA379
CHE111-039-2026010,RED232
CHE111-040-2026010,CABI241
CHE111-040-2026010,RED232
CHE111-041-2026010,RED232
CHE111-041-2026010,RSH348
CHE111-042-2026010,RED232
CHE111-042-2026010,TATA239
CHE111-043-2026010,RED232
CHE111-043-2026010,YWA372
CHE111-044-2026010,RED232
CHE111-044-2026010,SAF230
CHE111-045-2026010,MME371
CHE111-045-2026010,RED232
CHE111-046-2026010,CWBE228
CHE111-046-2026010,RED232
CHE111-047-2026010,NMU260
CHE111-047-2026010,RED232
CHE111-048-2026010,DAAD227
CHE111-048-2026010,RJPA247
CHE111-049-2026010,AAZU224
CHE111-049-2026010,DAAD227
CHE111-050-2026010,DAAD227
CHE111-050-2026010,RSH348
CHE111-051-2026010,DAAD227
CHE111-051-2026010,SPA441
CHE111-052-2026010,DAAD227
CHE111-052-2026010,MME371
CHE111-053-2026010,DAAD227
CHE111-053-2026010,SL222
CHE111-054-2026010,DAAD227
CHE111-054-2026010,DKPA233
CHE113-001-2026010,AIG223
CHE113-001-2026010,HHI237
CHE113-001-2026030,EGEK223
CHE113-001-2026030,SDE270
CHE113-002-2026010,AIG223
CHE113-002-2026010,HKPR223
CHE113-002-2026030,AWI313
CHE113-002-2026030,SDE270
CHE113-003-2026010,AIG223
CHE113-003-2026010,AWI313
CHE113-003-2026030,JAJE238
CHE113-003-2026030,SDE270
CHE113-004-2026010,AIG223
CHE113-004-2026010,KRPE223
CHE113-004-2026030,ATOD222
CHE113-004-2026030,SDE270
CHE113-005-2026010,AIG223
CHE113-005-2026010,FMMA224
CHE113-005-2026030,ASH464
CHE113-005-2026030,SDE270
CHE113-006-2026010,AIG223
CHE113-006-2026010,EGEK223
CHE113-006-2026030,HHI237
CHE113-006-2026030,SDE270
CHE113-007-2026010,HKPR223
CHE113-007-2026010,SDE270
CHE113-007-2026030,CWBE228
CHE113-007-2026030,SDE270
CHE113-008-2026010,SDE270
CHE113-008-2026010,THU286
CHE113-008-2026030,ANFR225
CHE113-009-2026010,AIER222
CHE113-009-2026010,SDE270
CHE113-009-2026030,AIG223
CHE113-009-2026030,LAJI222
CHE113-010-2026010,FMMA224
CHE113-010-2026010,SDE270
CHE113-010-2026030,AIG223
CHE113-010-2026030,HPNA223
CHE113-010-2026050,ANFR225
CHE113-011-2026010,ACO276
CHE113-011-2026010,SDE270
CHE113-011-2026030,ANFR225
CHE113-011-2026050,ANFR225
CHE113-012-2026010,ATOD222
CHE113-012-2026010,SDE270
CHE113-012-2026030,ANFR225
CHE113-013-2026010,DAAD227
CHE113-013-2026010,KRPE223
CHE113-013-2026030,AIG223
CHE113-013-2026030,EGEK223
CHE113-014-2026010,BLA299
CHE113-014-2026010,DAAD227
CHE113-014-2026030,AIG223
CHE113-014-2026030,SARU230
CHE113-015-2026010,AWI313
CHE113-015-2026010,DAAD227
CHE113-015-2026030,AAZU224
CHE113-015-2026030,AIG223
CHE113-016-2026010,DAAD227
CHE113-016-2026010,EGEK223
CHE113-016-2026030,AIG223
CHE113-016-2026030,LNA243
CHE113-017-2026010,ATOD222
CHE113-017-2026010,DAAD227
CHE113-017-2026030,AIG223
CHE113-017-2026030,JAJE238
CHE113-018-2026010,DAAD227
CHE113-018-2026010,HHI237
CHE113-018-2026030,AIG223
CHE113-018-2026030,KRPR237
CHE113-019-2026010,RED232
CHE113-019-2026010,THU286
CHE113-019-2026030,ANFR225
CHE113-020-2026010,AIER222
CHE113-020-2026010,RED232
CHE113-020-2026030,AIG223
CHE113-020-2026030,SWBR234
CHE113-021-2026030,AIG223
CHE113-021-2026030,LAJI222
CHE113-022-2026030,AIG223
CHE113-022-2026030,HPNA223
CHE113-023-2026030,AIG223
CHE113-023-2026030,ASH464
CHE113-024-2026030,AIG223
CHE113-024-2026030,CWBE228
CHE113-025-2026030,AAZU224
CHE113-025-2026030,AIG223
CHE113-026-2026030,AIG223
CHE113-026-2026030,KRPR237
CHE113-027-2026030,AIG223
CHE113-027-2026030,MKA427
CHE113-028-2026030,AIG223
CHE113-028-2026030,HSAGH2
CHE113-029-2026030,AIG223
CHE113-029-2026030,BLA299
CHE113-030-2026030,AIG223
CHE113-030-2026030,ATOD222
CHE113-031-2026030,AIG223
CHE113-031-2026030,AWI313
CHE113-032-2026030,AIG223
CHE113-032-2026030,LNA243
CHE113-033-2026030,AIG223
CHE113-033-2026030,HHI237
CHE113-034-2026030,AIG223
CHE113-034-2026030,MKA427
CHE113-035-2026030,AIG223
CHE113-035-2026030,SWBR234
CHE113-036-2026030,AIG223
CHE113-036-2026030,HSAGH2
CHE185-201-2026010,ASSOUL2
CHE185-201-2026030,ASSOUL2
CHE185-202-2026010,ASSOUL2
CHE185-202-2026030,ASSOUL2
CHE187-201-2026010,ASSOUL2
CHE187-201-2026030,ASSOUL2
CHE187-202-2026010,ASSOUL2
CHE187-202-2026030,ASSOUL2
CHE197-002-2026030,AENUNE2
CHE197-003-2026030,AENUNE2
CHE197-011-2026030,AENUNE2
CHE197-012-2026030,AENUNE2
CHE197-013-2026030,AENUNE2
CHE197-014-2026030,AENUNE2
CHE199-007-2026030,KRGR233
CHE199-009-2026030,BGU222
CHE199-010-2026030,MIGU222
CHE199-014-2026030,LODDER
CHE226-001-2026030,JEDE222
CHE226-002-2026010,EEPETE2
CHE226-002-2026010,JBO312
CHE226-002-2026030,JEDE222
CHE230-001-2026010,MEIER
CHE230-001-2026030,AHU325
CHE230-002-2026010,AST268
CHE230-002-2026030,MDWATS2
CHE230-003-2026010,MEIER
CHE230-004-2026010,AST268
CHE231-001-2026010,HOAK222
CHE231-001-2026010,SMPE240
CHE231-001-2026030,HRA249
CHE231-001-2026030,MEOL223
CHE231-002-2026010,MEOL223
CHE231-002-2026010,YSJO222
CHE231-002-2026030,MAPATW00
CHE231-003-2026010,CCH311
CHE231-003-2026030,CAHO286
CHE231-003-2026030,MEOL223
CHE231-004-2026010,ATH302
CHE231-004-2026030,MEOL223
CHE231-004-2026030,NMU260
CHE231-005-2026010,LSSA236
CHE231-005-2026030,MAPATW00
CHE231-006-2026010,HRA249
CHE231-006-2026030,CAHO286
CHE231-006-2026030,MEOL223
CHE231-007-2026010,AAAD257
CHE231-007-2026030,MEOL223
CHE231-007-2026030,SCH487
CHE231-008-2026010,LSSA236
CHE231-008-2026030,MEOL223
CHE231-008-2026030,NMU260
CHE231-009-2026010,CAHO286
CHE231-009-2026030,AOYU223
CHE231-009-2026030,HOAK222
CHE231-010-2026010,KGA313
CHE231-010-2026030,HOAK222
CHE231-010-2026030,MRA231
CHE231-010-2026050,MAPATW00
CHE231-011-2026010,HRA249
CHE231-011-2026030,AOYU223
CHE231-011-2026030,HOAK222
CHE231-012-2026010,DAN254
CHE231-012-2026030,HOAK222
CHE231-012-2026030,HRA249
CHE231-013-2026010,NMU260
CHE231-014-2026010,KGA313
CHE231-015-2026010,PBA297
CHE231-016-2026010,DAN254
CHE231-017-2026010,YSJO222
CHE231-018-2026010,AMCO397
CHE231-019-2026010,ATH302
CHE231-020-2026010,SMPE240
CHE231-021-2026010,SCH487
CHE231-022-2026010,CAHO286
CHE231-023-2026010,SGH280
CHE231-024-2026010,UBOD222
CHE231-025-2026010,PBA297
CHE232-001-2026010,MDWATS2
CHE232-001-2026030,AST268
CHE232-002-2026030,SGAW222
CHE232-003-2026030,AST268
CHE233-001-2026010,ESPO226
CHE233-001-2026010,HOAK222
CHE233-001-2026030,MEOL223
CHE233-001-2026030,MME371
CHE233-002-2026010,MEOL223
CHE233-002-2026010,RMCH236
CHE233-002-2026030,MEOL223
CHE233-002-2026030,UBOD222
CHE233-003-2026010,UBOD222
CHE233-003-2026030,HOAK222
CHE233-003-2026030,RSH348
CHE233-004-2026010,CCH311
CHE233-004-2026030,EDAL224
CHE233-004-2026030,HOAK222
CHE233-005-2026010,ESPO226
CHE233-005-2026030,ESPO226
CHE233-005-2026030,HOAK222
CHE233-006-2026010,RMCH236
CHE233-006-2026030,MAPATW00
CHE233-007-2026030,HOAK222
CHE233-007-2026030,KGA313
CHE233-008-2026030,AAAD257
CHE233-008-2026030,KGA313
CHE233-009-2026030,AAAD257
CHE233-009-2026030,YSJO222
CHE233-010-2026030,AAAD257
CHE233-010-2026030,ESPO226
CHE233-011-2026030,AAAD257
CHE233-011-2026030,RSH348
CHE233-012-2026030,AAAD257
CHE233-012-2026030,EDAL224
CHE233-013-2026030,AAAD257
CHE233-013-2026030,YSJO222
CHE233-014-2026030,MAPATW00
CHE233-015-2026030,MAPATW00
CHE233-016-2026030,AAAD257
CHE233-016-2026030,MME371
CHE233-017-2026030,AAAD257
CHE233-017-2026030,UBOD222
CHE233-018-2026030,MAPATW00
CHE233-019-2026030,AAAD257
CHE233-019-2026030,PBA297
CHE233-020-2026030,AAAD257
CHE233-020-2026030,AGA379
CHE236-001-2026030,RBGROS1
CHE297-002-2026030,AST268
CHE297-003-2026030,AST268
CHE297-004-2026030,AST268
CHE306-001-2026010,MALOVE2
CHE380-001-2026010,AFM
CHE380-002-2026030,ANTHONY
CHE399-001-2026030,KWOOD2
CHE399-002-2026030,ADU312
CHE399-003-2026030,AENUNE2
CHE399-004-2026030,AST268
CHE410G-001-2026030,FLADIP0
CHE412-001-2026010,ANHA318
CHE412-001-2026010,JAJE238
CHE412-001-2026010,SELEGUE
CHE412-002-2026010,CPCH230
CHE412-002-2026010,SELEGUE
CHE422-001-2026010,SRRA248
CHE440G-001-2026010,RCH317
CHE441-001-2026030,DKI235
CHE441-002-2026030,DKI235
CHE442G-001-2026030,DYANG0
CHE454-001-2026030,AFM
CHE454-002-2026030,AFM
CHE510-001-2026010,DATWOOD
CHE516-001-2026030,BGU222
CHE532-001-2026010,ACGOOD1
CHE533-001-2026030,MDWATS2
CHE535-001-2026030,ACGOOD1
CHE536-001-2026010,AHU325
CHE538-001-2026010,RBGROS1
CHE547-001-2026010,DYANG0
CHE550-001-2026010,TESTA
CHE552-001-2026030,PSH288
CHE565-001-2026030,MIGU222
CHE566-001-2026030,ANTHONY
CHE576-001-2026010,JEDE222
CHE580-001-2026010,SGAW222
CHE626-001-2026010,MIGU222
CHE643-001-2026030,SRRA248
CHE757-001-2026030,ANTHONY
CHE776-001-2026030,ACGOOD1
CHI100-001-2026030,JHE245
CHI101-001-2026010,WJIAN2
CHI101-002-2026010,WJIAN2
CHI102-001-2026030,WJIAN2
CHI201-001-2026010,WJIAN2
CHI202-001-2026030,WJIAN2
CHI301-001-2026010,JHE245
CHI302-001-2026030,JHE245
CHI330-001-2026010,MVWE222
CHI331-001-2026030,JHE245
CHI333-001-2026010,JHE245
CHI355-001-2026030,ECMO232
CHI395-001-2026010,MVWE222
CHI395-001-2026030,JHE245
CHI395-002-2026010,JHE245
CHI395-002-2026030,MVWE222
CHI495G-001-2026010,LLU222
CHS099-001-2026030,RWHU225
CHS101-001-2026010,DDL222
CHS101-001-2026030,SLHERR1
CHS101-002-2026010,MLHALL7
CHS101-002-2026030,DDL222
CHS101-003-2026010,AMDUNN2
CHS101-003-2026030,AENO225
CHS101-004-2026010,JMCR241
CHS101-005-2026010,RRREME2
CHS101-006-2026010,SLHERR1
CHS101-007-2026010,AENO225
CHS150-201-2026010,ANMO236
CHS150-201-2026030,ANMO236
CHS175-001-2026010,HMAB223
CHS175-001-2026030,HMAB223
CHS175-002-2026010,MLHALL7
CHS175-002-2026030,MLHALL7
CHS175-003-2026010,HMAB223
CHS301-001-2026010,SLHERR1
CHS301-001-2026030,SLHERR1
CHS301-002-2026010,BHA259
CHS301-002-2026030,BHA259
CHS301-003-2026010,COSHAD2
CHS301-003-2026030,COSHAD2
CHS301-004-2026010,RRREME2
CHS301-004-2026030,RRREME2
CHS354-001-2026030,KPGOLD2
CI601-001-2026010,RBO222
CI608-001-2026030,YKI224
CI616-201-2026010,JIVA222
CI631-001-2026010,JDO295
CI645-001-2026010,AMLI227
CI651-001-2026010,HEJO243
CI651-002-2026010,WZH250
CI656-201-2026030,TKFR222
CI664-002-2026030,JASC249
CI665-001-2026010,TKFR222
CI682-001-2026030,MDR226
CI696-001-2026010,CLHI241
CI696-001-2026030,CLHI241
CI696-002-2026030,ENBE222
CI700-001-2026010,HEJO243
CI700-002-2026010,KOHU222
CI700-003-2026010,TKFR222
CI700-004-2026010,RBO222
CI700-010-2026050,RBO222
CI700-011-2026050,KOHU222
CI700-012-2026050,AED253
CI722-001-2026030,HJE228
CI731-001-2026030,KGMCAN2
CI749-001-2026010,ESP223
CI751-001-2026010,NGRANT
CI757-001-2026010,JASC249
CI757-001-2026030,JASC249
CI757-002-2026010,KAPA238
CI757-002-2026030,TKFR222
CI757-003-2026030,DHELM0
CI757-004-2026030,AMLI227
CI757-005-2026030,FKES222
CI765-001-2026010,DCHUN2
CI767-001-2026010,JASC249
CI767-001-2026030,RBO222
CI767-002-2026010,MCCA246
CI767-002-2026030,JASC249
CI767-003-2026010,RBO222
CI767-003-2026030,KAPA238
CI767-004-2026010,KOHU222
CI767-004-2026030,AMSC234
CI767-005-2026010,NGRANT
CI767-005-2026030,MJI232
CI767-006-2026010,MJI232
CI767-006-2026030,NGRANT
CI767-007-2026010,LALE230
CI767-007-2026030,KOHU222
CI767-008-2026010,DRLANE
CI767-008-2026030,MDR226
CI767-009-2026010,KAPA238
CI767-010-2026010,AMSC234
CI767-011-2026010,BNFR223
CI767-012-2026010,MDR226
CI768-001-2026010,AED253
CI768-001-2026030,KGMCAN2
CI768-002-2026030,AED253
CI768-003-2026030,KOHU222
CI780-002-2026010,KAPA238
CI780-002-2026030,DLI310
CI780-003-2026010,HEJO243
CI780-003-2026030,KOHU222
CI781-001-2026010,SAGEEG2
CI781-001-2026030,HJE228
CI781-002-2026010,AED253
CI781-002-2026030,KOHU222
CI790-001-2026010,DHELM0
CI790-001-2026030,DCHUN2
CI790-002-2026010,JASC249
CI790-003-2026010,TKFR222
CI790-004-2026010,AMLI227
CI790-005-2026010,FKES222
CI790-010-2026050,JASC249
CIS110-001-2026010,MAKI225
CIS110-001-2026030,LASWEE3
CIS110-002-2026010,LASWEE3
CIS110-002-2026030,LASWEE3
CIS110-003-2026030,LASWEE3
CIS110-004-2026030,WCA240
CIS110-005-2026010,KMJO311
CIS110-005-2026030,WCA240
CIS110-006-2026010,MAKI225
CIS110-006-2026030,MAKI225
CIS110-007-2026010,BGMU223
CIS110-007-2026030,MAKI225
CIS110-008-2026010,RSBR235
CIS110-009-2026010,LMEN225
CIS110-010-2026010,DER231
CIS110-011-2026010,MAKI225
CIS110-012-2026010,AEGY222
CIS110-013-2026010,MAKI225
CIS110-014-2026010,LASWEE3
CIS110-016-2026010,LASWEE3
CIS110-017-2026010,RSBR235
CIS110-018-2026010,DER231
CIS110-019-2026010,EFA243
CIS110-020-2026010,AED253
CIS110-021-2026010,FWA234
CIS110-022-2026010,MLRA250
CIS110-023-2026010,MAKI225
CIS110-024-2026010,FWA234
CIS110-025-2026010,AJFISH3
CIS110-026-2026010,GAN248
CIS110-027-2026010,MLRA250
CIS110-028-2026010,FWA234
CIS110-029-2026010,GAN248
CIS110-030-2026010,EEAR225
CIS110-031-2026010,RSBR235
CIS110-033-2026010,ACMC258
CIS110-034-2026010,EEAR225
CIS110-036-2026010,VSI240
CIS110-037-2026010,VSI240
CIS110-038-2026010,BGMU223
CIS110-040-2026010,AJFISH3
CIS110-041-2026010,TJUP222
CIS110-042-2026010,TJUP222
CIS110-043-2026010,AED253
CIS110-046-2026010,ACMC258
CIS110-047-2026010,DER231
CIS110-048-2026010,AED253
CIS110-049-2026010,AEGY222
CIS110-050-2026010,PWEDWA2
CIS110-051-2026010,PWEDWA2
CIS110-053-2026010,BGMU223
CIS110-054-2026010,BGMU223
CIS110-201-2026010,FWA234
CIS110-201-2026030,LASWEE3
CIS110-202-2026010,FWA234
CIS110-202-2026030,AED253
CIS110-203-2026030,EFA243
CIS110-230-2026020,AED253
CIS110-601-2026010,NCST222
CIS110-602-2026010,NCST222
CIS110-603-2026010,NCST222
CIS110-605-2026010,NCST222
CIS110-606-2026010,NCST222
CIS110-608-2026010,NCST222
CIS110-611-2026010,NCST222
CIS110-612-2026010,NCST222
CIS110-613-2026010,NCST222
CIS110-614-2026010,NCST222
CIS110-615-2026010,NCST222
CIS110-616-2026010,NCST222
CIS111-001-2026010,RSBR235
CIS111-001-2026030,BGMU223
CIS111-002-2026010,AKST243
CIS111-002-2026030,DER231
CIS111-003-2026010,LMEN225
CIS111-003-2026030,AEGY222
CIS111-005-2026030,DER231
CIS111-006-2026030,AKST243
CIS111-007-2026030,RSBR235
CIS111-008-2026030,AKST243
CIS111-009-2026030,BGMU223
CIS111-010-2026030,LMEN225
CIS111-011-2026030,AEGY222
CIS111-013-2026030,DER231
CIS111-014-2026030,EKMA242
CIS111-016-2026030,DER231
CIS111-017-2026030,JCMA255
CIS111-018-2026030,FWA234
CIS111-019-2026030,GAN248
CIS111-020-2026030,VSI240
CIS111-021-2026030,RSBR235
CIS111-022-2026030,RSBR235
CIS111-023-2026030,RSBR235
CIS111-026-2026030,JCMA255
CIS111-029-2026030,ACMC258
CIS111-030-2026030,ACMC258
CIS111-032-2026030,VSI240
CIS111-033-2026030,GAN248
CIS111-034-2026030,EEAR225
CIS111-035-2026030,TJUP222
CIS111-036-2026030,JCMA255
CIS111-037-2026030,MLRA250
CIS111-038-2026030,MLRA250
CIS111-039-2026030,MAKI225
CIS111-040-2026030,EEAR225
CIS111-041-2026030,MAKI225
CIS111-042-2026030,FWA234
CIS111-043-2026030,EKMA242
CIS111-044-2026030,MNAS225
CIS111-045-2026030,MNAS225
CIS111-046-2026030,TJUP222
CIS111-201-2026010,ACO270
CIS111-201-2026030,ACO270
CIS111-202-2026010,ACO270
CIS111-202-2026030,ACO270
CIS111-203-2026010,ACO270
CIS111-203-2026030,ACO270
CIS111-204-2026010,ACO270
CIS111-204-2026030,ACO270
CIS111-205-2026010,DER231
CIS111-205-2026030,RGAUR2
CIS111-206-2026010,KAWO226
CIS111-206-2026030,RGAUR2
CIS111-207-2026010,KAWO226
CIS111-207-2026030,FWA234
CIS111-208-2026030,FWA234
CIS111-209-2026030,KAWO226
CIS111-210-2026030,KAWO226
CIS111-230-2026020,BGMU223
CIS111-602-2026030,NCST222
CIS111-603-2026030,NCST222
CIS111-605-2026030,NCST222
CIS111-606-2026030,NCST222
CIS111-608-2026030,NCST222
CIS111-611-2026030,NCST222
CIS111-612-2026030,NCST222
CIS111-613-2026030,NCST222
CIS111-614-2026030,NCST222
CIS112-001-2026010,JCMA255
CIS112-001-2026030,HCHO223
CIS112-002-2026010,JCMA255
CIS112-002-2026030,HCHO223
CIS112-003-2026010,RSME222
CIS112-003-2026030,HCHO223
CIS112-004-2026010,HCHO223
CIS112-004-2026030,AKST243
CIS112-005-2026010,RSME222
CIS112-006-2026010,HCHO223
CIS112-007-2026010,HCHO223
CIS112-008-2026010,DER231
CIS112-009-2026010,EKMA242
CIS112-010-2026010,BGMU223
CIS112-011-2026010,EKMA242
CIS112-012-2026010,AKST243
CIS112-013-2026010,AKST243
CIS112-014-2026010,MNAS225
CIS112-015-2026010,MNAS225
CIS112-016-2026010,LASWEE3
CIS112-201-2026010,ARSL222
CIS112-201-2026030,HCHO223
CIS112-202-2026010,AKST243
CIS112-202-2026030,AED253
CIS112-203-2026010,HCHO223
CIS112-203-2026030,ACO270
CIS191-001-2026010,SBSIMP2
CIS191-001-2026030,BNO228
CIS191-002-2026030,MSBEAC2
CIS220-001-2026010,BNO228
CIS220-001-2026030,BNO228
CIS220-002-2026010,BNO228
CIS300-001-2026030,ABU246
CIS300-002-2026010,CJHART2
CIS300-002-2026030,LALE230
CIS300-003-2026010,CJHART2
CIS300-003-2026030,LALE230
CIS300-004-2026010,SJHAGG0
CIS300-004-2026030,CJHART2
CIS300-005-2026010,SJHAGG0
CIS300-005-2026030,CJHART2
CIS300-006-2026010,TMTO223
CIS300-006-2026030,LMEN225
CIS300-007-2026010,ARSL222
CIS300-007-2026030,ARSL222
CIS300-008-2026010,JTA287
CIS300-009-2026010,ABU246
CIS300-010-2026030,SJHAGG0
CIS300-011-2026010,LALE230
CIS300-011-2026030,ABU246
CIS300-012-2026030,SJHAGG0
CIS300-013-2026030,ARSL222
CIS300-201-2026010,RGAUR2
CIS300-201-2026030,RGAUR2
CIS300-202-2026010,RGAUR2
CIS300-202-2026030,RGAUR2
CIS300-203-2026010,CJHART2
CIS300-203-2026030,CJHART2
CIS300-204-2026010,SJHAGG0
CIS300-204-2026030,CJHART2
CIS300-205-2026010,SJHAGG0
CIS300-205-2026030,ARSL222
CIS300-206-2026010,RGAUR2
CIS300-206-2026030,SJHAGG0
CIS300-207-2026010,RGAUR2
CIS300-207-2026030,ABU246
CIS300-208-2026010,ABU246
CIS300-208-2026030,ABU246
CIS300-209-2026010,CJHART2
CIS300-209-2026030,ARSL222
CIS300-210-2026010,ABU246
CIS300-210-2026030,AJFISH3
CIS300-211-2026010,ABU246
CIS300-211-2026030,SJHAGG0
CIS300-212-2026010,ARSL222
CIS300-212-2026030,WCA240
CIS300-213-2026010,RSBR235
CIS300-213-2026030,WCA240
CIS300-214-2026010,ANGOLD2
CIS300-214-2026030,AKST243
CIS300-215-2026010,ARSL222
CIS300-215-2026030,TMTO223
CIS300-230-2026020,LASWEE3
CIS499-710-2026050,BBARNES
CIS499-711-2026050,BBARNES
CJ123-001-2026010,CRADAM00
CJ123-001-2026030,AEUT222
CJ123-002-2026010,RDWE231
CJ123-002-2026030,CRADAM00
CJ123-003-2026010,AEUT222
CJ123-004-2026010,AEUT222
CJ123-201-2026030,AEUT222
CJ123-202-2026030,AEUT222
CJ123-203-2026010,JWHO242
CJ123-203-2026030,JWHO242
CJ123-204-2026010,MMTR244
CJ123-210-2026050,AEUT222
CJ123-601-2026010,RDWE231
CJ240-001-2026030,ACBE232
CJ240-002-2026030,ECKINC0
CJ240-003-2026030,KDI222
CJ240-201-2026030,BBTO222
CJ312-001-2026010,HEKA231
CJ312-001-2026030,DHPEAC2
CJ312-002-2026010,SQQU222
CJ312-002-2026030,RDWE231
CJ312-003-2026010,KMGO267
CJ312-201-2026010,DHPEAC2
CJ312-201-2026030,RDWE231
CJ312-202-2026030,KMGO267
CJ314-001-2026010,TLHU242
CJ314-001-2026030,MMTR244
CJ314-201-2026010,MMTR244
CJ314-201-2026030,MMTR244
CJ314-210-2026050,MMTR244
CJ316-001-2026010,AEUT222
CJ316-001-2026030,HEKA231
CJ316-201-2026010,AEUT222
CJ316-201-2026030,AEUT222
CJ316-210-2026050,RDWE231
CJ323-001-2026010,PJBL226
CJ323-001-2026030,MMTR244
CJ323-002-2026010,NCMC240
CJ323-002-2026030,NCMC240
CJ323-201-2026010,RLCO271
CJ323-201-2026030,RLCO271
CJ323-202-2026010,JJBUCH2
CJ323-202-2026030,MMTR244
CJ323-203-2026010,GEST254
CJ323-204-2026010,LNJONE2
CJ328-001-2026010,RCMCPH2
CJ328-001-2026030,RCMCPH2
CJ328-002-2026010,LTST226
CJ328-002-2026030,LTST226
CJ328-201-2026010,JKN231
CJ328-201-2026030,JKN231
CJ419-001-2026010,RDWE231
CJ419-001-2026030,PJBL226
CJ419-201-2026010,RDWE231
CJ419-201-2026030,RDWE231
CJ421-201-2026030,JJBUCH2
CJ421-202-2026010,JJBUCH2
CJ421-202-2026030,ALGRID0
CJ429-001-2026030,GEST254
CJ429-201-2026010,KEMC307
CJ429-201-2026030,KEMC307
CJ429-202-2026010,KEMC307
CJ431-001-2026030,VECO231
CJ431-201-2026010,ALGRID0
CJ431-201-2026030,SQQU222
CJ431-202-2026010,JAMA341
CJ535-201-2026010,MMTR244
CJ580-001-2026010,RLBO238
CJ580-001-2026030,RLBO238
CJ621-201-2026010,ALGRID0
CJ629-201-2026010,LEL245
CJ631-201-2026010,ALFA240
CJ704-201-2026010,CNBROW0
CJ704-201-2026030,CNBROW0
CJ712-201-2026030,ALFA240
CJ728-201-2026030,RDWE231
CLA100-001-2026030,LHI227
CLA131-201-2026010,DFNA224
CLA131-201-2026010,LHI227
CLA131-201-2026030,LEWE244
CLA131-201-2026030,RLE233
CLA131-202-2026030,MGA260
CLA131-203-2026030,MGA260
CLA131-203-2026030,MTSU226
CLA131-204-2026030,MGA260
CLA131-204-2026030,MTSU226
CLA131-205-2026030,LEWE244
CLA131-205-2026030,LHI227
CLA131-206-2026030,DFNA224
CLA132-201-2026010,NDKU226
CLA132-201-2026010,RLE233
CLA135-001-2026010,DFNA224
CLA135-001-2026010,LEWE244
CLA135-001-2026010,LHI227
CLA135-201-2026030,EPRI229
CLA135-201-2026030,LDU240
CLA135-201-2026030,LHI227
CLA190-001-2026010,DSKING5
CLA190-001-2026010,NEPO234
CLA190-001-2026030,DSKING5
CLA190-001-2026030,NDKU226
CLA191-001-2026010,JBR454
CLA191-001-2026010,NDKU226
CLA191-001-2026010,NEPO234
CLA191-210-2026050,JBR454
CLA229-001-2026010,DJGARG01
CLA230-001-2026030,DJGARG01
CLA301-201-2026010,JMTUNB2
CLA302-001-2026030,JMTUNB2
CLA314-001-2026010,ACHRIST
CLA382-001-2026030,LHI227
CLA390-001-2026030,DSKING5
CLA391-001-2026010,JBST264
CLA395-001-2026010,LHI227
CLA395-001-2026030,RLE233
CLA395-002-2026010,RLE233
CLA395-002-2026030,VCVA222
CLA395-003-2026010,LHI227
CLA395-003-2026030,LHI227
CLA395-004-2026010,LHI227
CLA395-004-2026030,LHI227
CLA395-005-2026030,JBR454
CLA450G-001-2026030,JBST264
CLA501-201-2026010,MMINK2
CLA509-001-2026010,DJGARG01
CLA521-201-2026030,MMINK2
CLA525-001-2026030,RLE233
CLA551-001-2026030,JBR454
CLA555-001-2026010,VCVA222
CLA580-001-2026010,JBR454
CLA580-001-2026030,JBR454
CLA612-201-2026010,MMINK2
CLA625-001-2026030,RLE233
CLA651-001-2026030,JBR454
CLA655-001-2026010,VCVA222
CLA695-001-2026010,CLATOT
CLA695-001-2026030,CLATOT
CLA695-002-2026010,VCVA222
CLA748-001-2026010,CLATOT
CLA748-001-2026030,CLATOT
CLA768-001-2026030,CLATOT
CLA790-001-2026030,CLATOT
CLA790-002-2026010,VCVA222
CLD102-001-2026010,ALMEYE2
CLD102-001-2026010,SJBE252
CLD102-201-2026030,ALMEYE2
CLD180-001-2026030,ALMEYE2
CLD230-201-2026010,HHY222
CLD230-201-2026030,HHY222
CLD230-202-2026030,BOL232
CLD230-202-2026030,SJBE252
CLD260-001-2026010,NDBREA0
CLD260-001-2026030,BOL232
CLD305-001-2026030,ALMEYE2
CLD305-210-2026050,HHY222
CLD310-001-2026030,DWKA224
CLD310-001-2026030,KRIGN2
CLD320-001-2026010,BOL232
CLD320-001-2026030,BOL232
CLD360-001-2026010,MSCR233
CLD360-001-2026030,MSCR233
CLD362-201-2026010,RWHARR00
CLD362-210-2026050,BOL232
CLD370-001-2026010,BHAIN2
CLD380-001-2026010,KTANAKA
CLD395-010-2026050,KTANAKA
CLD399-010-2026050,KTANAKA
CLD400-001-2026010,BOL232
CLD401-201-2026010,DSTRODE
CLD402-201-2026010,JHI237
CLD402-201-2026030,KGRICK2
CLD403-201-2026010,MMO330
CLD403-201-2026030,MMO330
CLD404-201-2026010,VRDO223
CLD404-201-2026030,VRDO223
CLD430-001-2026030,DWKA224
CLD478-001-2026010,BHAIN2
CLD479-001-2026030,BHAIN2
CLD490-001-2026010,KRIGN2
CLD497-001-2026010,KTANAKA
CLD497-001-2026030,KTANAKA
CLD517-001-2026010,ALMEYE2
CLD560-001-2026010,KRIGN2
CLD630-001-2026030,BHAIN2
CLD660-401-2026010,DWKA224
CLD665-201-2026010,OAAD223
CLD684-001-2026030,SRSP224
CLD685-201-2026010,BHAIN2
CLD686-401-2026010,SRSP224
CLD691-001-2026010,KTANAKA
CLM104-001-2026010,RTTICH2
CLM104-001-2026030,RTTICH2
CLM104-002-2026030,RTTICH2
CLM120-001-2026030,KCLANCY
CLM120-201-2026010,HNMCCA2
CLM241-001-2026010,EAOH222
CLM241-001-2026010,SMDELO2
CLM241-001-2026030,SMDELO2
CLM241-002-2026010,SMDELO2
CLM241-002-2026030,RKWO225
CLM241-002-2026030,SMDELO2
CLM241-003-2026010,RKWO225
CLM241-003-2026010,SMDELO2
CLM241-003-2026030,EAOH222
CLM241-003-2026030,SMDELO2
CLM241-004-2026010,SMDELO2
CLM241-004-2026030,RKWO225
CLM241-004-2026030,SMDELO2
CLM241-005-2026010,EAOH222
CLM241-005-2026010,SMDELO2
CLM241-005-2026030,SMDELO2
CLM241-006-2026010,RKWO225
CLM241-006-2026010,SMDELO2
CLM241-006-2026030,EAOH222
CLM241-006-2026030,SMDELO2
CLM241-201-2026010,ASAN227
CLM241-201-2026030,ASAN227
CLM241-210-2026050,SMDELO2
CLM300-001-2026010,SMDELO2
CLM300-002-2026010,MLPE242
CLM300-201-2026030,SMDELO2
CLM323-001-2026010,LHO223
CLM323-001-2026030,LHO223
CLM323-002-2026010,LHO223
CLM323-002-2026030,LHO223
CLM323-003-2026010,BOF222
CLM323-003-2026030,BOF222
CLM323-004-2026030,BOF222
CLM323-201-2026010,FTH223
CLM323-201-2026030,FTH223
CLM323-202-2026030,FTH223
CLM323-203-2026030,LHO223
CLM323-210-2026050,CLFREA2
CLM324-710-2026050,CLFREA2
CLM325-001-2026010,CCPR226
CLM325-001-2026010,RMHA256
CLM325-001-2026030,CCPR226
CLM325-001-2026030,SMDELO2
CLM325-201-2026010,JJHOUS2
CLM325-201-2026030,JJHOUS2
CLM325-210-2026050,JJHOUS2
CLM335-201-2026010,KWO246
CLM335-201-2026030,KWO246
CLM342-001-2026030,KHPE223
CLM342-002-2026030,SMDELO2
CLM345-001-2026010,HBFO222
CLM345-201-2026010,MCALEX2
CLM345-210-2026050,MCALEX2
CLM350-001-2026010,MDBIRD2
CLM350-001-2026010,RMHA256
CLM350-001-2026030,MDBIRD2
CLM350-001-2026030,RMHA256
CLM350-201-2026030,RMHA256
CLM353-001-2026010,KCLANCY
CLM353-001-2026030,KCLANCY
CLM353-210-2026050,KCLANCY
CLM401-001-2026010,BNBA226
CLM401-001-2026010,KCLANCY
CLM402-001-2026030,BNBA226
CLM402-001-2026030,KCLANCY
CLM402-201-2026010,KCLANCY
CLM403-201-2026010,KCLANCY
CLM443-001-2026030,CMSP224
CLM443-001-2026030,RLED222
CLM443-201-2026030,KCLANCY
CLM444-001-2026030,MLBROW03
CLM452-201-2026030,HBFO222
CLM453-001-2026010,SCAVE2
CLM455-001-2026010,RAMU234
CLM455-001-2026030,RAMU234
CLM470-201-2026010,ERSE223
CLM480-001-2026010,SCAVE2
CLM495-001-2026030,SCAVE2
CLM595-201-2026030,MRAR224
CME006-001-2026010,AMKRUS2
CME006-001-2026030,AMKRUS2
CME006-010-2026010,HHW222
CME006-010-2026030,HHW222
CME200-001-2026010,CHE202
CME200-002-2026010,JZHILT2
CME200-010-2026010,GLA232
CME200-210-2026050,AMKRUS2
CME220-001-2026010,TDDZIU2
CME220-001-2026030,TDDZIU2
CME220-010-2026030,SVI265
CME320-001-2026030,CHE202
CME320-010-2026030,GLA232
CME320-210-2026050,JSE223
CME330-001-2026010,CHE202
CME330-010-2026010,JFMA228
CME330-010-2026030,GLA232
CME395-001-2026030,BGI244
CME395-002-2026030,ANDREWS
CME395-003-2026030,BNBE226
CME395-004-2026030,DB
CME395-005-2026030,TDDZIU2
CME395-006-2026030,IES222
CME395-007-2026030,QSH226
CME395-008-2026030,JZHILT2
CME395-010-2026030,JSE223
CME395-010-2026050,JZHILT2
CME395-011-2026030,BKNUT2
CME395-011-2026050,DB
CME395-012-2026030,DWPA226
CME395-012-2026050,TDDZIU2
CME395-013-2026030,SERANK2
CME395-013-2026050,BKNUT2
CME395-014-2026050,QSH226
CME395-015-2026030,HHW222
CME395-015-2026050,BNBE226
CME395-016-2026030,GLA232
CME395-016-2026050,IES222
CME395-017-2026030,JSE223
CME395-018-2026030,MCH250
CME395-711-2026050,DB
CME404G-001-2026010,MCH250
CME415-001-2026010,BNBE226
CME415-010-2026010,GLA232
CME420-001-2026030,SERANK2
CME420-010-2026030,GLA232
CME425-001-2026030,KALIKA
CME425-010-2026030,SVI265
CME432-001-2026030,BKNUT2
CME432-001-2026030,BNBE226
CME432-001-2026030,DWPA226
CME432-001-2026030,IES222
CME432-001-2026030,MCH250
CME432-001-2026030,TDDZIU2
CME432-010-2026030,HHW222
CME433-001-2026010,BGI244
CME433-001-2026010,BKNUT2
CME433-001-2026010,QSH226
CME433-001-2026010,SERANK2
CME433-010-2026010,GLA232
CME433-010-2026010,JSE223
CME433-010-2026010,SVI265
CME455-001-2026010,AMKRUS2
CME455-010-2026010,HHW222
CME456-001-2026030,AMKRUS2
CME456-010-2026030,JSE223
CME462-001-2026030,MCH250
CME462-010-2026030,JSE223
CME470-001-2026010,IES222
CME470-010-2026010,JSE223
CME480-001-2026010,AMKRUS2
CME480-210-2026050,KCBALD2
CME505-001-2026010,QSH226
CME542-001-2026010,ANDREWS
CME542-001-2026010,JGGROP2
CME549-010-2026050,JSE223
CME550-001-2026010,DWPA226
CME550-010-2026010,HHW222
CME556-210-2026050,CLU3
CME570-001-2026030,JZHILT2
CME599-002-2026010,DB
CME599-010-2026010,JSE223
CME599-010-2026030,HHW222
CME620-001-2026010,SERANK2
CME630-001-2026030,QSH226
CME650-001-2026030,DB
CME663-001-2026030,BNBE226
CME748-001-2026030,BNBE226
CME748-002-2026030,IES222
CME749-001-2026030,JZHILT2
CME749-002-2026030,QSH226
CME749-010-2026050,JZHILT2
CME757-001-2026030,JZHILT2
CME757-002-2026030,BKNUT2
CME757-003-2026030,TDDZIU2
CME757-004-2026030,DB
CME757-005-2026030,MCH250
CME757-006-2026030,YCH224
CME757-007-2026030,SWI263
CME757-008-2026030,BGI244
CME757-009-2026030,QSH226
CME757-010-2026030,SERANK2
CME757-011-2026030,IES222
CME767-001-2026030,JTPH224
CME767-002-2026030,ANDREWS
CME767-004-2026030,DB
CME767-005-2026030,YCH224
CME767-006-2026030,TDDZIU2
CME767-007-2026030,IES222
CME767-008-2026030,MCH250
CME767-009-2026030,JZHILT2
CME767-010-2026030,JSE223
CME767-011-2026030,BGI244
CME767-012-2026030,BKNUT2
CME767-013-2026030,DWPA226
CME767-014-2026030,SERANK2
CME767-015-2026030,QSH226
CME767-016-2026030,SWI263
CME768-001-2026030,BNBE226
CME768-002-2026030,SERANK2
CME771-001-2026010,SWI263
CME780-001-2026030,QSH226
CME780-002-2026030,ANDREWS
CME780-003-2026030,JZHILT2
CME780-004-2026030,BNBE226
CME780-005-2026030,DB
CME780-006-2026030,YCH224
CME780-007-2026030,TDDZIU2
CME780-008-2026030,IES222
CME780-009-2026030,BGI244
CME780-012-2026030,MHO409
CME780-013-2026030,BKNUT2
CME780-014-2026030,DWPA226
CME780-015-2026030,MCH250
CME780-016-2026030,SWI263
CME790-001-2026030,MCH250
CME790-002-2026030,ANDREWS
CME790-003-2026030,BNBE226
CME790-004-2026030,DB
CME790-005-2026030,YCH224
CME790-006-2026030,TDDZIU2
CME790-007-2026030,IES222
CME790-008-2026030,QSH226
CME790-009-2026030,JZHILT2
CME790-011-2026030,MHO409
CME790-012-2026030,BKNUT2
CME790-013-2026030,DWPA226
CME790-014-2026030,SERANK2
CME790-015-2026030,BGI244
CNU501-202-2026030,ACHARR3
CNU503-201-2026010,JFR282
CNU503-201-2026030,JFR282
CNU503-210-2026050,JFR282
CNU503-211-2026050,JFR282
CNU503-212-2026050,JFR282
CNU503-213-2026050,JFR282
CNU503-510-2026050,JFR282
CNU600-001-2026030,DTH225
CNU601-001-2026010,HGLAUERT
CNU601-001-2026010,RNHE223
CNU601-001-2026010,SBALFO2
CNU601-201-2026010,HGLAUERT
CNU601-201-2026010,RNHE223
CNU601-201-2026010,SBALFO2
CNU603-201-2026010,JFR282
CNU605-001-2026010,DTH225
CNU606-001-2026010,RNHE223
CNU606-001-2026010,TDHI230
CNU607-201-2026010,DTH225
CNU607-201-2026010,SBALFO2
CNU608-201-2026010,DTH225
CNU608-202-2026010,DTH225
CNU609-001-2026010,CFR223
CNU609-201-2026010,ACHARR3
CNU609-201-2026010,CFR223
CNU611-201-2026030,ACHARR3
CNU611-201-2026030,DTH225
CNU612-201-2026010,ACHARR3
CNU612-202-2026010,ACHARR3
CNU702-001-2026010,ACHARR3
CNU702-001-2026030,ACHARR3
CNU702-201-2026010,ACHARR3
CNU702-201-2026030,ACHARR3
CNU704-201-2026010,HGLAUERT
CNU782-001-2026010,HGLAUERT
CNU782-001-2026010,JFR282
CNU782-002-2026010,GCH222
CNU782-002-2026010,HGLAUERT
CNU782-002-2026030,DTH225
CNU782-003-2026010,HGLAUERT
CNU790-001-2026010,HGLAUERT
CNU790-001-2026030,HGLAUERT
COF302-201-2026030,DJGO227
COM101-001-2026010,KGMCAN2
COM101-001-2026030,AMSC234
COM101-001-2026030,RLWR225
COM101-002-2026010,KGMCAN2
COM101-201-2026010,AMSC234
COM101-201-2026030,AAHA249
COM101-202-2026010,AMSC234
COM101-210-2026050,AMSC234
COM101-211-2026050,AMSC234
COM101-230-2026020,AMSC234
COM249-001-2026010,DMMO266
COM249-001-2026030,TBO255
COM249-201-2026010,DLOWE2
COM249-201-2026030,DMMO266
COM249-202-2026010,DMMO266
COM249-210-2026050,DMMO266
COM249-211-2026050,DMMO266
COM249-230-2026020,DMMO266
COM252-001-2026010,BABO255
COM252-001-2026030,BABO255
COM252-002-2026010,BABO255
COM252-002-2026030,BABO255
COM252-003-2026010,HRHA240
COM252-003-2026030,BHGR225
COM252-004-2026010,AEHE269
COM252-004-2026030,BHGR225
COM252-005-2026010,AEHE269
COM252-005-2026030,JLYO230
COM252-006-2026010,ARI308
COM252-006-2026030,JLYO230
COM252-007-2026010,ARI308
COM252-007-2026030,KRCOWD2
COM252-008-2026010,BHGR225
COM252-008-2026030,KRCOWD2
COM252-009-2026010,BHGR225
COM252-009-2026030,ARI308
COM252-010-2026010,LCFO231
COM252-010-2026030,ARI308
COM252-011-2026010,HRHA240
COM252-011-2026030,LAFE225
COM252-012-2026010,LCFO231
COM252-012-2026030,HAK227
COM252-013-2026010,ACH316
COM252-013-2026030,YZH340
COM252-014-2026010,ACH316
COM252-014-2026030,HAK227
COM252-015-2026030,KGMCAN2
COM252-016-2026030,BNO228
COM252-017-2026010,MARI276
COM252-017-2026030,MARI276
COM252-018-2026010,MARI276
COM252-018-2026030,YZH340
COM252-019-2026010,HAK227
COM252-019-2026030,VKDE223
COM252-020-2026010,VKDE223
COM252-020-2026030,VKDE223
COM252-021-2026010,VKDE223
COM252-021-2026030,AEHE269
COM252-022-2026010,HAK227
COM252-022-2026030,AEHE269
COM252-023-2026010,LAFE225
COM252-023-2026030,MARI276
COM252-201-2026010,KRCOWD2
COM252-201-2026030,KRCOWD2
COM252-202-2026010,AAHA249
COM252-202-2026030,AAHA249
COM252-203-2026010,KRCOWD2
COM252-203-2026030,AAHA249
COM252-204-2026010,KRCOWD2
COM252-210-2026050,JKFROS2
COM252-211-2026050,AAHA249
COM252-230-2026020,JKFROS2
COM281-001-2026010,JKFROS2
COM281-001-2026030,JKFROS2
COM281-002-2026010,JKFROS2
COM281-002-2026030,JKFROS2
COM281-003-2026010,JKFROS2
COM281-003-2026030,JKFROS2
COM287-001-2026010,TBO255
COM287-001-2026030,HRHA240
COM287-002-2026010,TBO255
COM287-002-2026030,HRHA240
COM287-003-2026010,LALE230
COM287-004-2026010,HRHA240
COM287-005-2026010,JKFROS2
COM287-005-2026030,JKFROS2
COM287-006-2026010,PKHE222
COM287-006-2026030,DMMO266
COM287-007-2026030,PKHE222
COM287-008-2026030,DMMO266
COM287-009-2026030,JKFROS2
COM311-001-2026010,KRCOWD2
COM311-001-2026030,KRCOWD2
COM312-001-2026010,ADDESA01
COM312-001-2026030,ADDESA01
COM312-002-2026010,ADDESA01
COM312-002-2026030,ADDESA01
COM312-210-2026050,ADDESA01
COM312-230-2026020,ADDESA01
COM313-001-2026010,JASC249
COM313-210-2026050,JASC249
COM313-211-2026050,JASC249
COM313-230-2026020,JASC249
COM314-201-2026030,MAD249
COM314-210-2026050,KGMCAN2
COM315-001-2026010,RGR296
COM315-001-2026030,RGR296
COM315-201-2026030,KREAL
COM315-210-2026050,KREAL
COM315-211-2026050,RGR296
COM315-230-2026020,AAHA249
COM317-201-2026010,HEJO243
COM319-001-2026010,DLI310
COM319-210-2026050,DLI310
COM319-230-2026020,DLI310
COM325-001-2026010,PKHE222
COM325-001-2026030,PKHE222
COM325-002-2026010,PKHE222
COM325-002-2026030,PKHE222
COM325-003-2026010,PKHE222
COM325-003-2026030,CMA497
COM325-004-2026010,ASC316
COM325-005-2026010,CMA497
COM325-201-2026010,KREAL
COM325-201-2026030,PKHE222
COM325-202-2026030,CMA497
COM325-210-2026050,CMA497
COM325-230-2026020,ANPI225
COM326-001-2026010,AAWI254
COM326-001-2026030,AAWI254
COM326-002-2026010,AAWI254
COM326-002-2026030,AAWI254
COM326-003-2026010,AAHA249
COM326-003-2026030,HRHA240
COM326-004-2026010,AAHA249
COM326-004-2026030,HRHA240
COM327-001-2026010,CFCL225
COM327-002-2026010,CFCL225
COM327-003-2026010,TBO255
COM327-004-2026010,TBO255
COM327-004-2026030,CFCL225
COM327-005-2026010,EAFI227
COM327-005-2026030,CFCL225
COM327-006-2026030,CFCL225
COM327-007-2026030,TBO255
COM327-008-2026030,TBO255
COM327-009-2026030,TBO255
COM327-201-2026010,DLOWE2
COM327-210-2026050,CFCL225
COM327-211-2026050,CFCL225
COM350-201-2026010,MDR226
COM350-210-2026050,MDR226
COM351-001-2026010,MJA304
COM351-001-2026030,MJA304
COM351-002-2026010,MJA304
COM351-002-2026030,MJA304
COM351-201-2026010,WRSI227
COM351-201-2026030,WRSI227
COM351-210-2026050,HEJO243
COM351-211-2026050,RGR296
COM351-230-2026020,HEJO243
COM352-001-2026010,JDO295
COM352-001-2026030,JDO295
COM352-002-2026030,JDO295
COM353-001-2026010,AAHA249
COM353-001-2026030,LAFE225
COM353-201-2026030,DLOWE2
COM353-202-2026030,AAHA249
COM372-001-2026010,AOC228
COM372-201-2026030,AOC228
COM372-210-2026050,AOC228
COM381-001-2026010,MLDI226
COM381-001-2026030,MLDI226
COM395-001-2026010,XZH301
COM395-001-2026030,CFCL225
COM395-002-2026030,XZH301
COM399-001-2026010,DLOWE2
COM399-001-2026030,DLOWE2
COM399-002-2026010,DLOWE2
COM399-002-2026030,DLOWE2
COM399-010-2026050,DLOWE2
COM425-001-2026010,KREAL
COM425-001-2026030,DRLANE
COM425-002-2026010,DRLANE
COM425-003-2026030,KREAL
COM426-001-2026010,QXU228
COM426-001-2026030,QXU228
COM426-002-2026010,ANPI225
COM426-002-2026030,ANPI225
COM449-001-2026030,AMLI227
COM449-201-2026030,WRSI227
COM452-001-2026030,HEJO243
COM453-001-2026010,BJMC248
COM453-001-2026030,DMMO266
COM453-201-2026010,DLOWE2
COM453-201-2026030,DLOWE2
COM460-001-2026010,SGU326
COM460-001-2026030,QXU228
COM460-002-2026010,QXU228
COM460-002-2026030,CFCL225
COM460-003-2026010,CFCL225
COM460-210-2026050,QXU228
COM460-230-2026020,QXU228
COM462-001-2026030,RGR296
COM462-002-2026010,RGR296
COM471-001-2026010,NGRANT
COM471-001-2026030,NGRANT
COM471-002-2026010,DLI310
COM471-002-2026030,AOC228
COM471-210-2026050,AOC228
COM471-230-2026020,AOC228
COM482-001-2026010,MDR226
COM482-001-2026030,MDR226
COM482-210-2026050,DHELM0
COM482-211-2026050,MDR226
COM482-230-2026020,MDR226
COM525-001-2026010,ANPI225
COM525-001-2026030,JASC249
COM525-002-2026010,CMA497
COM525-201-2026030,ANPI225
COM535-001-2026010,DRLANE
COM535-001-2026030,XZH301
COM535-002-2026010,XZH301
COM535-002-2026030,XZH301
COM535-210-2026050,XZH301
COM535-230-2026020,XZH301
COM553-001-2026010,DMMO266
COM553-002-2026010,ADDESA01
COM553-002-2026030,ADDESA01
COM563-001-2026010,SGU326
COM563-001-2026030,SGU326
COM563-002-2026010,CFCL225
COM563-002-2026030,SGU326
COM563-201-2026030,DLOWE2
COM563-210-2026050,SGU326
COM571-001-2026030,DHELM0
COM572-001-2026010,AOC228
COM581-001-2026010,ASC316
COM581-001-2026030,DRLANE
COM581-002-2026030,ASC316
CPE200-001-2026010,JEL
CPE200-001-2026030,JEL
CPE200-002-2026030,JEL
CPE282-001-2026010,JASHL01
CPE282-001-2026010,PSEBER2
CPE282-001-2026030,JASHL01
CPE282-001-2026030,PSEBER2
CPE282-002-2026010,JASHL01
CPE282-002-2026010,PSEBER2
CPE282-002-2026030,JASHL01
CPE282-002-2026030,PSEBER2
CPE282-003-2026010,JASHL01
CPE282-003-2026010,PSEBER2
CPE282-004-2026010,JASHL01
CPE282-004-2026010,PSEBER2
CPE282-005-2026010,JASHL01
CPE282-005-2026010,JEL
CPE282-005-2026030,JASHL01
CPE282-005-2026030,PSEBER2
CPE282-006-2026010,JASHL01
CPE282-006-2026010,JEL
CPE282-006-2026030,JASHL01
CPE282-006-2026030,PSEBER2
CPE282-007-2026010,JASHL01
CPE282-007-2026010,PSEBER2
CPE282-007-2026030,JASHL01
CPE282-007-2026030,PSEBER2
CPE282-008-2026010,JASHL01
CPE282-008-2026010,PSEBER2
CPE282-008-2026030,JASHL01
CPE282-008-2026030,PSEBER2
CPE287-001-2026010,PSEBER2
CPE287-002-2026010,PSEBER2
CPE287-002-2026030,PSEBER2
CPE287-002-2026030,SASA244
CPE287-003-2026010,PSEBER2
CPE287-003-2026030,PSEBER2
CPE287-003-2026030,SASA244
CPE287-004-2026010,PSEBER2
CPE287-004-2026030,PSEBER2
CPE287-004-2026030,SASA244
CPE287-005-2026030,PSEBER2
CPE287-005-2026030,SASA244
CPE287-006-2026030,PSEBER2
CPE287-006-2026030,SASA244
CPE380-001-2026010,HGDIET2
CPE380-001-2026030,HGDIET2
CPE480-001-2026010,ITH224
CPE480-001-2026030,ITH224
CPE490-001-2026010,LSA273
CPE490-001-2026010,RHANNEM
CPE490-001-2026010,RJADAMS
CPE490-001-2026030,LSA273
CPE490-001-2026030,RHANNEM
CPE490-001-2026030,RJADAMS
CPE491-001-2026010,LSA273
CPE491-001-2026010,RHANNEM
CPE491-001-2026010,RJADAMS
CPE491-001-2026030,LSA273
CPE491-001-2026030,RHANNEM
CPE491-001-2026030,RJADAMS
CPE580-001-2026010,SASA244
CPE584-001-2026010,ELIAS
CPE584-001-2026030,ELIAS
CPE586-001-2026010,LSA273
CPE588-001-2026030,JEL
CPH201-001-2026010,SESHEP0
CPH201-001-2026030,ZPMA225
CPH201-002-2026010,MTKI229
CPH201-002-2026030,ZPMA225
CPH201-003-2026010,AHFLIN2
CPH201-210-2026050,MKI261
CPH202-001-2026010,MKI261
CPH202-001-2026030,MKI261
CPH202-002-2026010,SCVOS2
CPH204-001-2026030,AMYOUN7
CPH204-001-2026030,MKI261
CPH241-001-2026010,CMWI222
CPH250-001-2026010,MKI261
CPH250-001-2026030,MKI261
CPH250-002-2026010,MKI261
CPH250-201-2026010,RCROS2
CPH250-201-2026030,RCROS2
CPH250-210-2026050,RCROS2
CPH255-001-2026010,CJCA234
CPH255-001-2026030,HBR262
CPH309-201-2026010,SSH398
CPH309-201-2026030,JMA483
CPH309-202-2026030,SSH398
CPH310-001-2026010,JKNEE0
CPH310-001-2026030,JKNEE0
CPH310-002-2026030,NLCART3
CPH315-001-2026030,KLMC251
CPH318-201-2026010,SAS231
CPH320-001-2026010,YLI321
CPH320-001-2026030,NLCART3
CPH320-002-2026010,TLU240
CPH330-001-2026010,ADBROC2
CPH330-001-2026030,ADBROC2
CPH330-001-2026030,LRHA244
CPH330-002-2026030,ADBROC2
CPH345-001-2026010,MKI261
CPH350-001-2026010,ALCA224
CPH350-001-2026030,ALCA224
CPH350-002-2026030,HBR262
CPH351-001-2026030,CJCA234
CPH352-001-2026030,SCVOS2
CPH353-001-2026010,RCINGR2
CPH365-002-2026030,JELEVY0
CPH395-021-2026010,PSTEI2
CPH410-001-2026010,HMBUSH0
CPH410-001-2026010,RAHOGG2
CPH410-001-2026010,SESHEP0
CPH423-001-2026010,RCINGR2
CPH440-001-2026010,MLMC229
CPH440-001-2026030,HBR262
CPH440-002-2026030,JLST329
CPH441-001-2026030,KLMC251
CPH444-001-2026030,SESHEP0
CPH450-001-2026010,KRKNAP0
CPH455-001-2026010,SCVOS2
CPH455-001-2026030,SCVOS2
CPH470-001-2026010,PKARNE2
CPH470-001-2026030,RCINGR2
CPH470-002-2026030,NLCART3
CPH476G-001-2026010,KSRE234
CPH476G-001-2026030,ZPMA225
CPH490-001-2026030,HBR262
CPH490-001-2026030,PSTEI2
CPH491-001-2026050,SESHEP0
CPH561-001-2026010,ZSY224
CPH561-201-2026010,ZSY224
CPH565-201-2026030,RJCHAR2
CPH600-001-2026010,KRKNAP0
CPH600-201-2026010,MSO274
CPH600-202-2026010,MSO274
CPH601-001-2026030,FFU224
CPH603-201-2026030,ARELLI4
CPH605-001-2026010,SRBROWN
CPH605-201-2026010,SRBROWN
CPH605-210-2026050,ELABNE0
CPH608-001-2026030,CMWI222
CPH608-201-2026010,FFU224
CPH608-201-2026030,FFU224
CPH608-202-2026010,RCINGR2
CPH608-202-2026030,PKARNE2
CPH608-203-2026030,FFU224
CPH609-202-2026030,PKARNE2
CPH609-202-2026030,PSTEI2
CPH609-203-2026030,PKARNE2
CPH609-203-2026030,PSTEI2
CPH612-001-2026030,KTWINT2
CPH615-201-2026010,KAKU227
CPH616-201-2026010,YAHE223
CPH620-401-2026030,WSA223
CPH621-201-2026010,AGHOOV2
CPH621-201-2026010,FFU224
CPH621-202-2026010,AGHOOV2
CPH621-202-2026010,FFU224
CPH643-201-2026010,RCROS2
CPH648-201-2026030,MSO274
CPH650-201-2026030,DLQU223
CPH651-201-2026010,DLQU223
CPH651-201-2026030,DLQU223
CPH654-201-2026010,SCVOS2
CPH655-201-2026030,AERA243
CPH656-201-2026030,AERA243
CPH656-201-2026030,DDSP225
CPH658-001-2026010,JABENI2
CPH660-001-2026010,WJCHRI2
CPH663-201-2026010,JLREDM2
CPH664-401-2026010,JCSTOV2
CPH668-401-2026030,JCSTOV2
CPH668-401-2026030,MAFILB0
CPH672-201-2026030,RCROS2
CPH678-401-2026010,KMBO235
CPH682-001-2026010,DDSP225
CPH683-201-2026030,AYATE2
CPH683-201-2026030,HVA228
CPH684-001-2026030,MRIDD2
CPH684-001-2026030,WMKE228
CPH687-001-2026010,MRIDD2
CPH689-001-2026010,SAD228
CPH690-401-2026030,TASL227
CPH692-001-2026030,KRKNAP0
CPH711-001-2026030,SRBROWN
CPH711-001-2026030,WSA223
CPH712-001-2026030,MLA347
CPH716-201-2026030,SRBROWN
CPH746-001-2026010,CMWI222
CPH750-201-2026010,JFCOST0
CPH758-201-2026010,DLQU223
CPH780-001-2026010,DHE252
CPH780-001-2026010,MRIDD2
CPH782-001-2026030,MRIDD2
CPH783-001-2026030,MLSI226
CPH785-001-2026010,JJA302
CPH786-001-2026010,SRBROWN
CPH786-001-2026030,RJCHAR2
CPH786-002-2026010,ELABNE0
CPH786-002-2026030,EHA334
CPH900-201-2026010,ARELLI4
CPH900-210-2026050,ADBROC2
CPH900-210-2026050,ARELLI4
CPH942-201-2026010,AGHOOV2
CPH950-201-2026010,ALCA224
CPH951-201-2026030,ALCA224
CPH998-201-2026030,RCROS2
CPT223-001-2026030,RHO313
CPT223-010-2026030,MSY227
CPT287-001-2026010,SLE311
CPT287-010-2026010,KRI284
CPT313-001-2026010,SLE311
CPT313-010-2026010,MSY227
CPT314-001-2026010,JHANN2
CPT314-010-2026010,MSY227
CPT315-001-2026030,SLE311
CPT315-010-2026030,MSY227
CPT317-001-2026030,JHANN2
CPT317-010-2026030,KRI284
CPT371-001-2026030,JHANN2
CPT371-010-2026030,KRI284
CPT395-001-2026010,JHANN2
CPT395-001-2026030,JHANN2
CPT395-002-2026010,SLE311
CPT395-002-2026030,SLE311
CPT395-003-2026010,CMA302
CPT395-003-2026030,CMA302
CPT395-004-2026010,DMPARS2
CPT395-004-2026030,DMPARS2
CPT395-005-2026010,DMPARS2
CPT395-005-2026010,SLE311
CPT400-001-2026030,NKAKAF2
CPT402-001-2026010,DKE246
CPT409-001-2026010,JHANN2
CPT409-001-2026010,RHO313
CPT409-001-2026010,SLE311
CPT410-001-2026030,JHANN2
CPT410-001-2026030,RHO313
CPT410-001-2026030,SLE311
CPT416-001-2026030,SLE311
CPT419-001-2026010,JHANN2
CPT420-001-2026010,JHANN2
CPT425-001-2026030,DKE246
CS101-001-2026010,MHA361
CS101-001-2026010,MYANG0
CS101-001-2026030,ERRU227
CS101-001-2026030,MHA361
CS101-002-2026010,MHA361
CS101-002-2026010,MYANG0
CS101-002-2026030,ERRU227
CS101-002-2026030,MHA361
CS101-003-2026010,MHA361
CS101-003-2026010,MYANG0
CS101-005-2026030,ERRU227
CS101-005-2026030,MHA361
CS115-001-2026010,ANI283
CS115-001-2026010,IBA237
CS115-001-2026030,IBA237
CS115-001-2026030,MMU369
CS115-002-2026010,ANI283
CS115-002-2026010,IBA237
CS115-002-2026030,IBA237
CS115-002-2026030,MMU369
CS115-003-2026010,IBA237
CS115-003-2026030,IBA237
CS115-004-2026010,IBA237
CS115-004-2026010,MMU369
CS115-004-2026030,IBA237
CS115-004-2026030,SZA252
CS115-005-2026010,IBA237
CS115-005-2026010,MMU369
CS115-006-2026010,IBA237
CS115-401-2026010,IBA237
CS115-401-2026010,JMSE235
CS115-401-2026030,ANI283
CS115-401-2026030,SZA252
CS215-001-2026030,KRI273
CS215-001-2026030,YLUO2
CS215-002-2026010,GSBI224
CS215-002-2026010,YLUO2
CS215-002-2026030,KRI273
CS215-002-2026030,YLUO2
CS215-003-2026010,RSA303
CS215-003-2026010,YLUO2
CS215-003-2026030,PLI231
CS215-003-2026030,YLUO2
CS215-004-2026010,GSBI224
CS215-004-2026010,YLUO2
CS215-004-2026030,TBWA233
CS215-004-2026030,YLUO2
CS215-005-2026010,RSA303
CS215-005-2026010,YLUO2
CS215-005-2026030,TBWA233
CS215-005-2026030,YLUO2
CS215-007-2026030,RPA337
CS215-007-2026030,YLUO2
CS215-008-2026030,GSBI224
CS215-008-2026030,YLUO2
CS215-009-2026030,RPA337
CS215-009-2026030,YLUO2
CS215-010-2026050,PDH226
CS215-012-2026030,GSBI224
CS215-012-2026030,YLUO2
CS215-014-2026030,TBWA233
CS215-014-2026030,YLUO2
CS215-015-2026030,GSBI224
CS215-015-2026030,YLUO2
CS217-001-2026010,ABH242
CS217-001-2026010,MYANG0
CS217-001-2026030,MYANG0
CS218-001-2026010,PLI231
CS218-001-2026010,RPA337
CS218-001-2026010,YLUO2
CS218-002-2026010,RPA337
CS218-002-2026010,TBWA233
CS218-002-2026010,YLUO2
CS218-002-2026030,PJI228
CS218-002-2026030,PLI231
CS218-002-2026030,YLUO2
CS218-003-2026010,PLI231
CS218-003-2026010,TBWA233
CS218-003-2026010,YLUO2
CS218-003-2026030,PJI228
CS218-003-2026030,YLUO2
CS218-004-2026010,PLI231
CS218-004-2026010,RPA337
CS218-004-2026010,YLUO2
CS218-004-2026030,PJI228
CS218-004-2026030,YLUO2
CS218-005-2026030,PJI228
CS218-005-2026030,YLUO2
CS218-006-2026010,PJI228
CS218-006-2026010,YLUO2
CS218-007-2026010,PJI228
CS218-007-2026010,TBWA233
CS218-007-2026010,YLUO2
CS218-008-2026010,PJI228
CS218-008-2026010,YLUO2
CS263-001-2026010,AIM229
CS263-001-2026030,BHA286
CS270-001-2026010,PNGA226
CS270-001-2026010,YXI251
CS270-001-2026030,MQA226
CS270-001-2026030,NMOOR0
CS270-002-2026010,PNGA226
CS270-002-2026010,YXI251
CS275-001-2026010,BTH280
CS275-001-2026010,IBA237
CS275-001-2026030,CGAR222
CS275-001-2026030,DMANI2
CS275-002-2026010,IBA237
CS275-002-2026010,SZA252
CS275-002-2026030,CGAR222
CS275-002-2026030,DMANI2
CS275-003-2026010,BTH280
CS275-003-2026010,IBA237
CS275-401-2026010,CGAR222
CS315-001-2026010,ERRU227
CS315-001-2026010,MYANG0
CS315-001-2026030,BTH280
CS315-001-2026030,MYANG0
CS315-001-2026030,SAS271
CS316-001-2026010,SOWARD
CS321-001-2026010,DLU245
CS321-001-2026030,JQI229
CS335-001-2026030,IBA237
CS335-001-2026030,NNA272
CS371-001-2026010,SHA540
CS371-001-2026010,SSI273
CS371-001-2026030,SHA540
CS371-001-2026030,SQI228
CS375-001-2026010,FCHENG
CS375-001-2026030,FCHENG
CS378-001-2026030,PNGA226
CS378-001-2026030,YXI251
CS380-001-2026010,HGDIET2
CS380-001-2026030,HGDIET2
CS395-001-2026010,JUREK
CS395-003-2026010,MSI290
CS395-004-2026010,VBU231
CS395-006-2026010,CALVERT
CS395-007-2026010,BHA286
CS395-008-2026010,GOLDSMIT
CS395-009-2026010,SSI273
CS395-010-2026050,BHA286
CS405G-001-2026010,RHYAT1
CS405G-001-2026030,MYANG0
CS415G-001-2026010,BJBRAU2
CS416G-001-2026010,YZH392
CS441G-001-2026010,FEI
CS441G-001-2026010,TBBU225
CS450G-001-2026010,MMA631
CS450G-001-2026030,MMA631
CS460G-001-2026010,MSI290
CS460G-001-2026030,AIM229
CS463G-001-2026010,GOLDSMIT
CS463G-001-2026030,SWA378
CS465-001-2026010,PJU224
CS465-001-2026030,PJU224
CS480G-001-2026010,ITH224
CS480G-001-2026030,ITH224
CS485G-002-2026030,FARMAN
CS485G-003-2026030,HWA281
CS485G-004-2026030,GOLDSMIT
CS498-001-2026010,KEB223
CS498-001-2026030,KEB223
CS499-001-2026010,KEB223
CS499-001-2026030,KEB223
CS499-002-2026010,KEB223
CS499-002-2026030,KEB223
CS505-001-2026030,MSI290
CS509-001-2026010,GOLDSMIT
CS515-001-2026010,MSI290
CS522-001-2026010,YXU250
CS535-001-2026010,FCHENG
CS537-001-2026030,DLU245
CS541-001-2026030,MMA631
CS564-001-2026010,DMANI2
CS570-001-2026010,DMANI2
CS571-001-2026030,FEI
CS572-001-2026010,HWA281
CS575-001-2026030,RHU285
CS585-001-2026030,SWA378
CS585-002-2026010,BHA286
CS610-001-2026030,TLU242
CS610-002-2026010,VBU231
CS610-002-2026030,VBU231
CS610-003-2026010,CALVERT
CS610-003-2026030,CALVERT
CS610-004-2026030,JCH352
CS610-005-2026010,FCHENG
CS610-005-2026030,FCHENG
CS610-006-2026010,QCH239
CS610-006-2026030,QCH239
CS610-007-2026010,FEI
CS610-007-2026030,FEI
CS610-008-2026030,GOLDSMIT
CS610-009-2026010,GOLDSMIT
CS610-010-2026010,GRIFF
CS610-010-2026030,BHA286
CS610-011-2026010,BHA286
CS610-012-2026010,HKH232
CS610-012-2026030,RVKAVU2
CS610-013-2026030,HKH232
CS610-014-2026010,RVKAVU2
CS610-014-2026030,DMANI2
CS610-015-2026030,MIREK
CS610-016-2026010,DMANI2
CS610-016-2026030,SEALES
CS610-017-2026030,MSI290
CS610-018-2026010,SEALES
CS610-018-2026030,SSI273
CS610-019-2026010,MSI290
CS610-019-2026030,SWA378
CS610-020-2026010,SSI273
CS610-020-2026030,HWA281
CS610-021-2026010,SWA378
CS610-021-2026030,HGDIET2
CS610-022-2026030,BHA286
CS611-001-2026010,AIM229
CS611-001-2026030,TLU242
CS611-002-2026010,VBU231
CS611-002-2026030,VBU231
CS611-003-2026010,SSI273
CS611-004-2026010,PJU224
CS611-004-2026030,HWA281
CS611-005-2026030,AIM229
CS611-006-2026010,QCH239
CS611-006-2026030,QCH239
CS611-007-2026010,FEI
CS611-007-2026030,FEI
CS611-008-2026030,GOLDSMIT
CS611-009-2026010,GOLDSMIT
CS611-009-2026030,CJST235
CS611-010-2026010,HWA281
CS611-010-2026030,BHA286
CS611-011-2026010,BHA286
CS611-012-2026030,RVKAVU2
CS611-013-2026010,YXI251
CS611-014-2026010,RVKAVU2
CS611-014-2026030,DMANI2
CS611-015-2026010,HKH232
CS611-015-2026030,PJU224
CS611-016-2026030,SEALES
CS611-017-2026030,MSI290
CS611-018-2026010,SEALES
CS611-018-2026030,SSI273
CS611-019-2026010,MSI290
CS611-019-2026030,SWA378
CS611-021-2026010,SWA378
CS611-021-2026030,YXI251
CS612-001-2026030,PJU224
CS612-002-2026030,VBU231
CS612-004-2026030,CJST235
CS612-006-2026030,QCH239
CS612-007-2026030,FEI
CS612-008-2026030,GOLDSMIT
CS612-009-2026030,HWA281
CS612-010-2026030,BHA286
CS612-011-2026030,MSI290
CS612-012-2026030,RVKAVU2
CS612-013-2026030,FEI
CS612-015-2026030,TLU242
CS612-017-2026030,MSI290
CS612-018-2026030,SSI273
CS612-019-2026030,SWA378
CS612-020-2026030,YXI251
CS612-021-2026030,SWA378
CS628-001-2026030,HKH232
CS660-001-2026010,RHU285
CS665-001-2026030,SWA378
CS667-001-2026010,BHA286
CS684-001-2026010,AIM229
CS685-006-2026030,HWA281
CS685-007-2026030,GOLDSMIT
CS687-001-2026010,SQI228
CS748-001-2026030,TLU242
CS748-002-2026010,VBU231
CS748-002-2026030,VBU231
CS748-003-2026010,CALVERT
CS748-003-2026030,CALVERT
CS748-004-2026030,JCH352
CS748-005-2026010,FCHENG
CS748-005-2026030,FCHENG
CS748-006-2026010,QCH239
CS748-006-2026030,QCH239
CS748-007-2026010,FEI
CS748-007-2026030,FEI
CS748-008-2026030,GOLDSMIT
CS748-009-2026010,GOLDSMIT
CS748-009-2026030,GRIFF
CS748-010-2026010,GRIFF
CS748-010-2026030,BHA286
CS748-011-2026010,BHA286
CS748-012-2026030,RVKAVU2
CS748-014-2026010,RVKAVU2
CS748-014-2026030,DMANI2
CS748-015-2026030,MIREK
CS748-016-2026010,DMANI2
CS748-016-2026030,SEALES
CS748-017-2026030,MSI290
CS748-018-2026010,SEALES
CS748-018-2026030,SSI273
CS748-019-2026010,MSI290
CS748-019-2026030,SWA378
CS748-020-2026010,SSI273
CS748-020-2026030,YXI251
CS748-021-2026010,SWA378
CS757-004-2026030,BHA286
CS767-001-2026030,TLU242
CS767-002-2026010,VBU231
CS767-002-2026030,VBU231
CS767-003-2026010,CALVERT
CS767-003-2026030,CALVERT
CS767-004-2026030,JCH352
CS767-005-2026010,FCHENG
CS767-005-2026030,FCHENG
CS767-006-2026010,QCH239
CS767-006-2026030,QCH239
CS767-007-2026010,FEI
CS767-007-2026030,FEI
CS767-008-2026030,GOLDSMIT
CS767-009-2026010,GOLDSMIT
CS767-009-2026030,GRIFF
CS767-010-2026010,GRIFF
CS767-010-2026030,BHA286
CS767-011-2026010,BHA286
CS767-012-2026030,RVKAVU2
CS767-013-2026010,JUREK
CS767-013-2026030,HKH232
CS767-014-2026010,RVKAVU2
CS767-014-2026030,DMANI2
CS767-015-2026010,HKH232
CS767-016-2026010,DMANI2
CS767-016-2026030,SEALES
CS767-017-2026030,MSI290
CS767-018-2026010,SEALES
CS767-018-2026030,SSI273
CS767-019-2026010,MSI290
CS767-019-2026030,SWA378
CS767-020-2026010,SSI273
CS767-021-2026010,SWA378
CS768-001-2026030,TLU242
CS768-002-2026010,VBU231
CS768-002-2026030,VBU231
CS768-003-2026010,CALVERT
CS768-003-2026030,CALVERT
CS768-004-2026030,JCH352
CS768-005-2026010,FCHENG
CS768-005-2026030,FCHENG
CS768-006-2026010,QCH239
CS768-006-2026030,QCH239
CS768-007-2026010,FEI
CS768-007-2026030,FEI
CS768-008-2026030,GOLDSMIT
CS768-009-2026010,GOLDSMIT
CS768-009-2026030,GRIFF
CS768-010-2026010,GRIFF
CS768-010-2026030,BHA286
CS768-011-2026010,BHA286
CS768-012-2026030,RVKAVU2
CS768-014-2026010,RVKAVU2
CS768-014-2026030,DMANI2
CS768-015-2026030,DMANI2
CS768-016-2026010,DMANI2
CS768-016-2026030,SEALES
CS768-017-2026030,MSI290
CS768-018-2026010,SEALES
CS768-018-2026030,SSI273
CS768-019-2026010,MSI290
CS768-019-2026030,SWA378
CS768-020-2026010,SSI273
CS768-020-2026030,YXI251
CS768-021-2026010,SWA378
CSD120-001-2026010,WASULE2
CSD277-001-2026010,KIS235
CSD482-001-2026030,WASULE2
CSD502-001-2026030,RANDR2
CSD509-001-2026030,GJCAPI2
CSD510-001-2026030,GJCAPI2
CSD571-001-2026010,RANDR2
CSD578-001-2026010,RANDR2
CSD581-001-2026010,DSMORR0
CSD581-001-2026030,DSMORR0
CSD584-001-2026030,AAY224
CSD585-001-2026010,JLBA284
CSD588-701-2026020,AAY224
CSD588-701-2026030,AAY224
CSD589-001-2026030,AOLSO2
CSD590-001-2026010,AOLSO2
CSD591-001-2026030,AOLSO2
CSD591-001-2026030,HLDU231
CSD621-001-2026010,JLPAGE01
CSD647-010-2026050,CAHA246
CSD648-001-2026030,JLO229
CSD654-010-2026050,AAY224
CSD654-010-2026050,DSMORR0
CSD654-010-2026050,WASULE2
CSD657-001-2026010,AAY224
CSD657-001-2026010,WASULE2
CSD657-001-2026030,AAY224
CSD657-001-2026030,CGPA223
CSD657-001-2026030,WASULE2
CSD657-002-2026010,CGPA223
CSD657-002-2026030,CGPA223
CSD659-001-2026030,CAHA246
CSD659-001-2026030,DSMORR0
CSD659-002-2026030,JLBA284
CSD659-010-2026050,DSMORR0
CSD661-001-2026010,CAHA246
CSD670-401-2026010,KIS235
CSD675-001-2026030,JLMA297
CSD675-010-2026050,DSMORR0
CSD675-011-2026050,SJBOOT2
CSD675-012-2026050,AOLSO2
CSD677-010-2026050,CGPA223
CSD701-001-2026030,CAHA246
CSD701-001-2026030,OCH237
CSD710-001-2026030,OCH237
CSD720-001-2026010,CAHA246
CSD720-001-2026010,JLBA284
CSD720-001-2026010,SCAMP3
CSD720-001-2026030,CAHA246
CSD720-001-2026030,DSMORR0
CSD720-010-2026050,AOLSO2
CSD720-010-2026050,RLBROW3
CSD744-001-2026010,DSU232
CSD745-201-2026010,MBR315
CSD746-001-2026030,DSU232
CSD768-001-2026030,JLO229
CSD788-001-2026010,JKEARNS
CSD788-002-2026010,CGPA223
CSD788-002-2026030,JDLA234
CSD788-002-2026030,KPGOLD2
CSD788-003-2026030,KIS235
CSD788-004-2026030,JLBA284
CSD788-010-2026050,JDLA234
CSD788-010-2026050,KPGOLD2
CSD789-001-2026030,KIS235
CSD789-010-2026050,CAHA246
CSE571-201-2026030,MGBO222
CSE571-201-2026030,MWGI227
CSE572-201-2026030,MLJO289
CSE572-201-2026030,MWGI227
CSE573-201-2026030,MWGI227
CSE573-201-2026030,SSTHE2
CSE575-201-2026010,JRWE231
CSE576-201-2026010,HLMC231
DES100-001-2026010,EASWAN2
DES100-001-2026030,EASWAN2
DES100-002-2026010,EASWAN2
DES100-002-2026030,EASWAN2
DES100-003-2026010,EASWAN2
DES100-003-2026030,EASWAN2
DES100-004-2026010,EASWAN2
DES100-004-2026030,EASWAN2
DES100-005-2026010,EASWAN2
DES100-005-2026030,EASWAN2
DES100-006-2026010,EASWAN2
DES100-006-2026030,EASWAN2
DHN101-201-2026010,TJHANN00
DHN101-201-2026030,TJHANN00
DHN101-202-2026010,TJHANN00
DHN101-202-2026030,TJHANN00
DHN101-203-2026030,TJHANN00
DHN101-210-2026050,TJHANN00
DHN101-230-2026020,TJHANN00
DHN210-001-2026010,ELMARS2
DHN210-002-2026010,ELMARS2
DHN210-201-2026010,ELMARS2
DHN210-201-2026030,ABPA227
DHN210-210-2026050,BCTO227
DHN210-230-2026020,ELMARS2
DHN212-001-2026010,TJHANN00
DHN212-001-2026030,TJHANN00
DHN212-002-2026010,TJHANN00
DHN212-002-2026030,TJHANN00
DHN212-201-2026010,TJHANN00
DHN212-201-2026030,TJHANN00
DHN212-210-2026050,TJHANN00
DHN212-230-2026020,TJHANN00
DHN241-001-2026010,EMDE224
DHN241-001-2026030,EMDE224
DHN300-701-2026030,AFHOSI2
DHN300-701-2026030,EMDE224
DHN300-701-2026030,NLHU222
DHN300-710-2026050,ELMARS2
DHN300-710-2026050,HLNO222
DHN301-001-2026010,EMDE224
DHN302-001-2026010,EMDE224
DHN302-001-2026030,EMDE224
DHN302-002-2026010,EMDE224
DHN302-002-2026030,EMDE224
DHN302-003-2026030,EMDE224
DHN302-004-2026030,EMDE224
DHN311-001-2026010,ABPA227
DHN312-001-2026010,ELMARS2
DHN313-001-2026030,ELMARS2
DHN315-201-2026030,ELMARS2
DHN315-202-2026030,TJHANN00
DHN318-001-2026030,MBA444
DHN318-210-2026050,MBA444
DHN319-201-2026030,LDGA226
DHN320-001-2026030,MBA444
DHN320-210-2026050,MBA444
DHN342-001-2026010,WDJO227
DHN342-001-2026030,EMDE224
DHN346-201-2026030,TPE280
DHN374-001-2026010,WDJO227
DHN408-001-2026010,SJMA278
DHN408-001-2026030,DBR239
DHN408-002-2026010,SJMA278
DHN474-001-2026010,JABERR0
DHN475-001-2026030,JABERR0
DHN480-001-2026010,EMDE224
DHN480-001-2026030,EMDE224
DHN510-001-2026030,HLNO222
DHN512-001-2026030,ABPA227
DHN514-001-2026010,ABPA227
DHN514-001-2026010,JABERR0
DHN514-001-2026010,MBA444
DHN514-002-2026010,ABPA227
DHN514-002-2026010,JABERR0
DHN514-002-2026010,MBA444
DHN517-001-2026010,ABPA227
DHN580-201-2026030,DBR239
DHN580-210-2026050,DBR239
DHN581-001-2026030,DBR239
DHN591-016-2026050,SJMA278
DHN591-021-2026050,TJHANN00
DHN593-201-2026010,JABERR0
DHN593-201-2026030,JABERR0
DHN594-201-2026030,EMDE224
DHN597-201-2026010,EMDE224
DHN598-201-2026030,YCA255
DHN603-201-2026010,LCBA237
DHN605-001-2026010,WDJO227
DHN605-201-2026010,WDJO227
DHN607-210-2026050,ABPA227
DHN608-001-2026030,SJMA278
DHN608-201-2026030,SJMA278
DHN680-001-2026010,DBR239
DHN720-001-2026030,ABPA227
DHN720-210-2026050,ABPA227
DHN722-001-2026030,AKSCHW2
DHN724-001-2026030,AKSCHW2
DHN726-001-2026030,ABPA227
DHN726-210-2026050,ABPA227
DHN728-001-2026030,ELMARS2
DHN728-210-2026050,ELMARS2
DHN730-001-2026030,ELMARS2
DHN730-210-2026050,ELMARS2
DIP600-001-2026010,GOHA222
DIP600-001-2026030,RMFARL2
DIP600-002-2026030,ARA273
DIP600-004-2026030,YJO229
DIP600-010-2026050,KATRASK
DIP700-001-2026010,RMFARL2
DIP713-001-2026010,KATRASK
DIP714-001-2026030,GOHA222
DIP716-001-2026010,KATRASK
DIP726-001-2026010,GMWISE0
DIP727-001-2026030,GMWISE0
DIP734-001-2026030,KATRASK
DIP742-001-2026010,RMFARL2
DIP745-001-2026010,JMPOWE4
DIP748-001-2026030,KATRASK
DIP748-010-2026050,CCAVA2
DIP748-011-2026050,CCAVA2
DIP750-001-2026030,RMFARL2
DIP756-001-2026030,ARA273
DIP765-001-2026010,GOHA222
DIP765-002-2026010,JMPOWE4
DIP768-001-2026030,KATRASK
DIP768-010-2026050,CCAVA2
DIP768-011-2026050,CCAVA2
DIP777-001-2026010,YHE245
DIP795-001-2026010,YJO229
DIP795-001-2026030,RMFARL2
DIP795-002-2026010,KATRASK
DIP795-002-2026030,KATRASK
DIP795-003-2026010,RMFARL2
DIP795-003-2026030,YJO229
DIP795-004-2026010,GOHA222
DIP795-004-2026030,GOHA222
DIP795-005-2026010,YHE245
DIP795-010-2026050,KATRASK
DIP795-011-2026050,RMFARL2
DIP795-012-2026050,GOHA222
DIS651-010-2026050,TGGROL00
DIS651-201-2026030,TGGROL00
DIS651-202-2026030,TGGROL00
DIS651-401-2026030,TGGROL00
DIS651-402-2026030,TGGROL00
DIS695-010-2026050,KTROSKE
DR801-001-2026010,MOZ226
DR825-001-2026010,MWI226
DR825-002-2026010,JTLEE3
DR825-003-2026010,BKPA223
DR825-004-2026010,DRA232
DR825-006-2026010,EJES222
DR825-007-2026010,MMSZ222
DR825-008-2026010,ADA226
DR825-009-2026010,RHEL222
DR890-001-2026010,JWOWEN2
DR890-002-2026010,JWOWEN2
DR890-003-2026010,JWOWEN2
DR890-004-2026010,JWOWEN2
DR890-005-2026010,JWOWEN2
DR890-006-2026010,JWOWEN2
DR890-007-2026010,JWOWEN2
DR890-007-2026030,JWOWEN2
DR890-008-2026030,JWOWEN2
DR890-009-2026030,JWOWEN2
DR890-010-2026030,JWOWEN2
DS501-401-2026010,HWA281
DS501-401-2026030,HKH232
DS710-001-2026010,SKIM3
DS710-001-2026030,SKIM3
DS711-001-2026030,SKIM3
DS711-002-2026010,VBU231
DS711-002-2026030,RVKAVU2
DS711-003-2026030,BHA286
DS711-004-2026030,MSI290
DS711-005-2026030,AIM229
EAP431G-JP-2026050,LTU226
EAP599-001-2026030,DMA356
EAP599-001-2026030,NJMI228
EAP599-002-2026010,DMA356
EAP599-002-2026010,NJMI228
EAP599-010-2026050,DMA356
EAP599-010-2026050,NJMI228
EAP599-011-2026050,DMA356
EAP599-011-2026050,NJMI228
EAP599-012-2026050,DMA356
EAP599-012-2026050,NJMI228
EAP599-030-2026020,DMA356
EAP599-030-2026020,NJMI228
ECO101-001-2026010,JRGILL01
ECO201-001-2026010,CMFI250
ECO201-001-2026030,HMWI256
ECO201-002-2026010,GHOYT
ECO201-002-2026030,GHOYT
ECO201-003-2026010,NANG222
ECO201-003-2026030,DPATE3
ECO201-004-2026010,JHE314
ECO201-004-2026030,CMFI250
ECO201-005-2026030,JHE314
ECO201-006-2026030,GHOYT
ECO201-201-2026010,EKR236
ECO201-201-2026030,NANG222
ECO201-202-2026010,HBNE224
ECO201-202-2026030,RGE236
ECO202-001-2026030,JHE314
ECO202-002-2026010,JRGILL01
ECO202-002-2026030,ADE284
ECO202-003-2026010,ADE284
ECO202-201-2026010,RGE236
ECO202-201-2026030,JJLI230
ECO311-201-2026010,DPATE3
ECO312-001-2026030,YKIM01
ECO312-002-2026030,YKIM01
ECO327-001-2026010,ABA223
ECO327-001-2026030,AMA631
ECO370-001-2026010,FBE225
ECO370-001-2026030,FBE225
ECO379-001-2026030,AARON
ECO383-001-2026010,AARON
ECO385-001-2026010,JHE314
ECO391-001-2026010,ADE284
ECO391-001-2026030,ADE284
ECO391-201-2026010,ADE284
ECO391-201-2026030,ADE284
ECO391-202-2026010,JHSC232
ECO391-202-2026030,JHSC232
ECO392-001-2026030,JHE314
ECO393-001-2026010,DPATE3
ECO395-001-2026030,JHE314
ECO395-002-2026030,EKKR227
ECO401-001-2026030,DPATE3
ECO401-003-2026010,DPATE3
ECO402-001-2026010,ICBR225
ECO402-001-2026030,MBA525
ECO402-002-2026010,HMWI256
ECO402-002-2026030,JSAM228
ECO410-001-2026010,GHOYT
ECO410-001-2026030,EKKR227
ECO410-002-2026010,ACR233
ECO410-003-2026010,CCO346
ECO410-003-2026030,SLU239
ECO430G-001-2026030,MWCLAR00
ECO461-001-2026030,ACR233
ECO463-001-2026010,AHE237
ECO471-001-2026010,FBE225
ECO472-001-2026030,YKIM01
ECO477-001-2026010,KTROSKE
ECO479-001-2026030,EKKR227
ECO491G-001-2026010,MLA252
ECO491G-001-2026030,JYO269
ECO499-001-2026010,AARON
ECO499-001-2026030,AARON
ECO601-001-2026010,ABA223
ECO602-001-2026010,AHE237
ECO603-001-2026010,CRBOLL
ECO610-010-2026050,DPATE3
ECO610-201-2026010,ADE284
ECO610-202-2026010,JHE314
ECO610-401-2026010,ADE284
ECO610-402-2026010,JHE314
ECO624-201-2026010,CACO333
ECO624-201-2026030,AMA631
ECO700-001-2026010,GHOYT
ECO700-001-2026010,JRGILL01
ECO701-001-2026030,ACR233
ECO702-001-2026030,JSAM228
ECO703-001-2026030,CRBOLL
ECO706-001-2026010,CRBOLL
ECO707-001-2026030,JYO269
ECO731-001-2026030,JZILIAK
ECO741-001-2026010,ACR233
ECO757-001-2026010,SLU239
ECO761-001-2026010,SLU239
ECO767-001-2026010,SLU239
ECO767-001-2026030,SLU239
ECO769-001-2026030,SLU239
ECO771-001-2026030,MBA525
ECO796-001-2026010,SLU239
ECO796-001-2026030,SLU239
ECO797-001-2026010,SLU239
ECO797-001-2026030,SLU239
EDC315-001-2026010,EGHO226
EDC315-001-2026030,EGHO226
EDC317-001-2026010,GMSWAN3
EDC317-001-2026010,HMJA224
EDC317-002-2026010,GMSWAN3
EDC317-002-2026010,HMJA224
EDC317-003-2026010,GMSWAN3
EDC317-003-2026010,KELE238
EDC317-004-2026010,GMSWAN3
EDC317-004-2026010,KELE238
EDC317-005-2026010,GMSWAN3
EDC317-005-2026010,HSWA226
EDC317-006-2026010,GMSWAN3
EDC317-006-2026010,HSWA226
EDC317-401-2026030,GMSWAN3
EDC317-401-2026030,KELE238
EDC317-402-2026030,GMSWAN3
EDC317-402-2026030,HMJA224
EDC317-403-2026030,GMSWAN3
EDC317-403-2026030,HMJA224
EDC317-404-2026030,GMSWAN3
EDC317-404-2026030,KELE238
EDC317-405-2026030,JLPUSA2
EDC322-001-2026010,CFME222
EDC322-001-2026010,JKJA222
EDC322-001-2026030,CFME222
EDC322-001-2026030,JKJA222
EDC323-001-2026010,TTJA227
EDC323-001-2026030,TTJA227
EDC323-002-2026010,CCR229
EDC323-002-2026030,TTJA227
EDC323-003-2026030,JKJA222
EDC326-001-2026010,LHDA222
EDC326-001-2026030,LHDA222
EDC326-002-2026010,LHDA222
EDC326-002-2026030,LHDA222
EDC326-002-2026030,WSHANL2
EDC326-003-2026010,KELE238
EDC327-001-2026010,SCCANT00
EDC329-001-2026010,PNSEAL2
EDC329-001-2026030,PNSEAL2
EDC329-002-2026010,PNSEAL2
EDC329-002-2026030,PNSEAL2
EDC329-003-2026030,ZTMI223
EDC330-001-2026030,MFRINT00
EDC330-001-2026030,SCCANT00
EDC339-001-2026010,OYA226
EDC339-001-2026030,OYA226
EDC339-002-2026010,CFME222
EDC339-002-2026030,CFME222
EDC339-002-2026030,JEAI222
EDC339-003-2026010,OYA226
EDC341-201-2026010,LRKR224
EDC342-001-2026010,JLST291
EDC342-001-2026010,SABAIR2
EDC342-001-2026030,JLST291
EDC342-001-2026030,SABAIR2
EDC342-701-2026030,JLST291
EDC343-001-2026030,MFRINT00
EDC346-001-2026030,AMSTON2
EDC346-001-2026030,KSWAN2
EDC347-001-2026030,ZTMI223
EDC362-001-2026010,HMJA224
EDC362-001-2026010,RCR234
EDC362-001-2026030,RCR234
EDC377-001-2026010,DSMI231
EDC377-001-2026010,ELWI225
EDC377-001-2026010,LHETZEL
EDC377-001-2026010,MHU233
EDC377-001-2026010,MVA237
EDC377-001-2026030,DSMI231
EDC377-001-2026030,ELWI225
EDC377-001-2026030,LHETZEL
EDC377-001-2026030,MHU233
EDC377-001-2026030,MVA237
EDC377-701-2026010,DSMI231
EDC377-701-2026010,LHETZEL
EDC377-701-2026010,MHU233
EDC377-701-2026010,MVA237
EDC377-702-2026010,DSMI231
EDC377-702-2026010,MHU233
EDC377-702-2026010,MVA237
EDC432G-001-2026010,MCSHAK1
EDC432G-001-2026030,OYA226
EDC433-001-2026010,CFME222
EDC433-001-2026030,CFME222
EDC433-701-2026010,CFME222
EDC433-701-2026030,CFME222
EDC433-702-2026030,CFME222
EDC433-703-2026030,CFME222
EDC433-704-2026030,CFME222
EDC446-001-2026010,HSWA226
EDC446-001-2026010,KSWAN2
EDC446-001-2026010,RCR234
EDC447-001-2026010,ZTMI223
EDC454G-001-2026010,EGHO226
EDC454G-001-2026030,EGHO226
EDC501-001-2026010,LRKR224
EDC504-001-2026010,MFRINT00
EDC509-001-2026030,JLDO245
EDC509-201-2026010,JLDO245
EDC520-201-2026030,KSWAN2
EDC533-201-2026010,JLDO245
EDC533-201-2026030,JLDO245
EDC533-210-2026050,OYA226
EDC533-211-2026050,OYA226
EDC541-201-2026010,JFALMA2
EDC543-201-2026030,JGA224
EDC544-201-2026010,GMSWAN3
EDC547-201-2026010,HEARRO2
EDC548-201-2026030,GMSWAN3
EDC549-001-2026030,LRKR224
EDC549-201-2026010,CCR229
EDC549-701-2026030,MAFARL01
EDC575-001-2026010,OYA226
EDC575-010-2026050,WMWALK3
EDC605-201-2026010,CSDA223
EDC607-201-2026010,RMKAYR0
EDC608-201-2026030,GMSWAN3
EDC611-201-2026030,KHU268
EDC612-201-2026030,MJPA222
EDC617-010-2026050,SCCANT00
EDC619-001-2026010,JFALMA2
EDC620-001-2026030,JFALMA2
EDC621-201-2026010,JLDO245
EDC630-001-2026030,KHPERR2
EDC630-210-2026050,KHPERR2
EDC632-001-2026010,HSWA226
EDC632-001-2026010,KSWAN2
EDC635-001-2026010,RKJO235
EDC637-001-2026030,CLHILL2
EDC638-201-2026010,GMSWAN3
EDC638-202-2026010,GMSWAN3
EDC638-203-2026010,GMSWAN3
EDC639-201-2026010,LJCA222
EDC642-001-2026030,JFALMA2
EDC709-201-2026010,MJPA222
EDC710-001-2026030,KHU268
EDC730-010-2026050,MAFARL01
EDC746-201-2026030,RKJO235
EDC746-202-2026030,KSWAN2
EDC750-201-2026010,GMSWAN3
EDC750-210-2026050,GMSWAN3
EDC755-001-2026030,GMSWAN3
EDC757-001-2026010,RCR234
EDC757-001-2026030,JFALMA2
EDC757-002-2026010,SCCANT00
EDC757-002-2026030,KHPERR2
EDC757-003-2026010,JFALMA2
EDC757-003-2026030,KHU268
EDC757-004-2026010,KHU268
EDC757-201-2026010,JNTHOM0
EDC757-201-2026030,RCR234
EDC757-202-2026010,KSWAN2
EDC757-202-2026030,RCR234
EDC757-203-2026010,GMSWAN3
EDC767-001-2026010,KSWAN2
EDC767-001-2026030,KHPERR2
EDC767-002-2026010,JFALMA2
EDC767-002-2026030,SCCANT00
EDC767-003-2026010,JNTHOM0
EDC767-003-2026030,GMSWAN3
EDC767-004-2026010,SCCANT00
EDC767-004-2026030,JNTHOM0
EDC767-005-2026010,RCR234
EDC767-005-2026030,JFALMA2
EDC767-006-2026010,GMSWAN3
EDC767-006-2026030,KHU268
EDC767-007-2026010,KHPERR2
EDC767-007-2026030,JNTHOM0
EDC767-008-2026030,RCR234
EDC767-201-2026010,GMSWAN3
EDC767-201-2026030,KHU268
EDC768-001-2026030,KHPERR2
EDC781-201-2026010,KSWAN2
EDC781-201-2026030,TCO291
EDC781-203-2026010,RCR234
EDC781-203-2026030,RCR234
EDC781-204-2026010,KHPERR2
EDC781-204-2026030,KHU268
EDC781-205-2026010,KHU268
EDC781-205-2026030,KSWAN2
EDC781-206-2026010,GMSWAN3
EDC781-206-2026030,SCCANT00
EDC791-001-2026010,JFALMA2
EDC791-002-2026010,SCCANT00
EDC791-201-2026030,SCCANT00
EDC791-202-2026030,SCCANT00
EDL250-001-2026010,KGRICK2
EDL350-001-2026030,VRDO223
EDL375-201-2026010,MMO330
EDL395-001-2026010,KGRICK2
EDL402-201-2026010,JHI237
EDL402-201-2026030,KGRICK2
EDL403-201-2026010,MMO330
EDL404-201-2026010,VRDO223
EDL404-201-2026030,VRDO223
EDL404-210-2026050,JHI237
EDL475-001-2026030,MMO330
EDL478-001-2026010,BHAIN2
EDL479-001-2026030,BHAIN2
EDL480-001-2026030,KGRICK2
EDL571-201-2026010,JNA222
EDL580-210-2026050,SKE294
EDL581-210-2026050,AUPO222
EDL582-201-2026010,AUPO222
EDL583-201-2026030,BROUS
EDL620-201-2026030,SLME248
EDL621-202-2026010,JNA222
EDL627-201-2026050,LSYOUN2
EDL628-201-2026010,JBA225
EDL634-201-2026010,AUPO222
EDL638-201-2026030,ASC311
EDL646-201-2026030,KTPE228
EDL669-201-2026030,MJOHAIR
EDL676-201-2026030,LBJOR1
EDL676-201-2026030,LSYOUN2
EDL677-201-2026030,LBJOR1
EDL677-201-2026030,LSYOUN2
EDL678-201-2026010,LBJOR1
EDL678-201-2026010,LSYOUN2
EDL678-201-2026050,LBJOR1
EDL678-201-2026050,LSYOUN2
EDL682-201-2026030,LBJOR1
EDL682-201-2026030,LSYOUN2
EDL682-201-2026050,LBJOR1
EDL682-201-2026050,LSYOUN2
EDL700-201-2026010,LBJOR1
EDL701-201-2026030,LBJOR1
EDL702-201-2026010,SLME248
EDL703-210-2026050,AUPO222
EDL704-201-2026030,AUPO222
EDL705-201-2026030,AUPO222
EDL706-201-2026010,LSYOUN2
EDL707-201-2026030,JNA222
EDL708-201-2026050,JBA225
EDL709-201-2026010,JBA225
EDL751-201-2026010,SLME248
EDL757-201-2026010,BROUS
EDL757-201-2026030,KGRICK2
EDL757-202-2026010,AUPO222
EDL757-202-2026030,BROUS
EDL757-203-2026010,JNA222
EDL757-203-2026030,JNA222
EDL757-204-2026010,SLME248
EDL757-204-2026030,MCCA246
EDL757-205-2026010,JBA225
EDL757-205-2026030,SLME248
EDL757-206-2026030,AUPO222
EDL757-207-2026030,JBA225
EDL757-208-2026030,LBJOR1
EDL767-201-2026010,LBJOR1
EDL767-201-2026030,LBJOR1
EDL767-202-2026010,MCCA246
EDL767-202-2026030,MJOHAIR
EDL767-203-2026010,JNA222
EDL767-203-2026030,JNA222
EDL767-204-2026010,BROUS
EDL767-204-2026030,BROUS
EDL767-205-2026010,JBA225
EDL767-205-2026030,SLME248
EDL767-206-2026010,KGRICK2
EDL767-206-2026030,KGRICK2
EDL767-207-2026010,AUPO222
EDL767-207-2026030,JBA225
EDL767-208-2026030,AUPO222
EDL767-209-2026030,MCCA246
EDL767-210-2026050,LBJOR1
EDL767-211-2026050,JNA222
EDL767-212-2026050,BROUS
EDL767-213-2026050,AUPO222
EDL767-214-2026050,KGRICK2
EDL767-215-2026050,JBA225
EDL770-210-2026050,SLME248
EDL771-202-2026010,JNA222
EDL785-201-2026030,LBJOR1
EDL785-202-2026010,LBJOR1
EDL785-202-2026030,LSYOUN2
EDL785-203-2026010,BROUS
EDL785-203-2026030,JNA222
EDL785-204-2026010,KTPE228
EDL785-204-2026030,BROUS
EDL785-205-2026010,JNA222
EDL785-206-2026010,JBA225
EDL785-207-2026010,KGRICK2
EDL785-207-2026030,JBA225
EDL785-208-2026010,AUPO222
EDL785-208-2026030,AUPO222
EDL785-209-2026030,KTPE228
EDL785-210-2026050,JNA222
EDL785-211-2026050,BROUS
EDL785-212-2026050,MJOHAIR
EDL785-213-2026050,LSYOUN2
EDL785-214-2026050,JBA225
EDL785-215-2026050,LBJOR1
EDL792-201-2026010,BROUS
EDP202-001-2026010,WWE231
EDP202-001-2026030,NKI229
EDP202-002-2026010,WWE231
EDP202-002-2026030,BSAL232
EDP202-003-2026010,BSAL232
EDP202-003-2026030,BSAL232
EDP202-004-2026010,NKI229
EDP202-004-2026030,WWE231
EDP202-005-2026010,NKI229
EDP202-005-2026030,WWE231
EDP202-006-2026010,BSAL232
EDP202-006-2026030,NKI229
EDP203-001-2026010,MKHI237
EDP203-001-2026030,MKKN223
EDP203-002-2026010,MKKN223
EDP203-002-2026030,MKHI237
EDP203-003-2026010,MKHI237
EDP203-003-2026030,MKHI237
EDP303-001-2026030,MKKN223
EDP303-002-2026010,MKKN223
EDP304-001-2026010,CJBE240
EDP305-001-2026010,CJBE240
EDP305-002-2026010,HASA228
EDP306-001-2026030,CJBE240
EDP307-001-2026030,CJBE240
EDP513-201-2026030,KAS227
EDP513-210-2026050,KAS227
EDP520-201-2026030,KEMA222
EDP557-201-2026010,JLE287
EDP557-201-2026010,MKLI226
EDP557-201-2026010,OOOM223
EDP557-202-2026010,JLE287
EDP557-202-2026010,MKLI226
EDP557-202-2026010,OOOM223
EDP557-202-2026010,SLOLDH2
EDP557-210-2026050,KDBRAD2
EDP558-001-2026010,AKH325
EDP558-201-2026030,JLE287
EDP570-001-2026010,KAS227
EDP600-001-2026030,JPRO225
EDP603-001-2026010,JPRO225
EDP605-001-2026010,DBHA222
EDP605-001-2026010,MZH240
EDP605-210-2026050,KAS227
EDP607-001-2026010,KAS227
EDP614-001-2026030,JPRO225
EDP616-001-2026030,KTYLE2
EDP617-001-2026030,KEFR250
EDP620-201-2026010,SLOLDH2
EDP622-001-2026010,MADA227
EDP640-002-2026010,KEFR250
EDP640-002-2026010,SGIN223
EDP642-001-2026030,RDKEHR0
EDP650-001-2026030,LMC305
EDP650-001-2026030,MZH240
EDP652-001-2026010,LMC305
EDP652-001-2026010,MZH240
EDP656-001-2026030,JPRO225
EDP656-201-2026010,JPRO225
EDP658-001-2026010,JPRO225
EDP660-001-2026030,XMA2
EDP660-201-2026010,JLE287
EDP665-001-2026010,MEHE265
EDP665-001-2026030,DBHA222
EDP665-401-2026010,DBHA222
EDP665-401-2026030,JHHA232
EDP666-001-2026030,MEHE265
EDP669-001-2026010,RDKEHR0
EDP670-001-2026030,KEFR250
EDP671-401-2026030,MNSC240
EDP674-001-2026010,RDKEHR0
EDP674-001-2026030,RDKEHR0
EDP680-001-2026010,MNSC240
EDP688-001-2026030,DBHA222
EDP703-001-2026010,JHHA232
EDP704-001-2026030,MEHE265
EDP704-001-2026030,MZH240
EDP705-001-2026030,BMI230
EDP707-001-2026030,XMA2
EDP708-001-2026010,JHHA232
EDP708-001-2026030,JHHA232
EDP708-201-2026010,RDKEHR0
EDP708-201-2026030,RDKEHR0
EDP708-210-2026050,JHHA232
EDP711-001-2026010,XMA2
EDP712-001-2026010,XMA2
EDP748-001-2026030,ROSTOSK
EDP749-001-2026030,ROSTOSK
EDP757-001-2026010,KAS227
EDP757-001-2026030,KAS227
EDP765-001-2026010,LMC305
EDP765-001-2026030,LMC305
EDP765-002-2026010,ROSTOSK
EDP765-002-2026030,ROSTOSK
EDP765-003-2026010,DJSTEV2
EDP765-003-2026030,DJSTEV2
EDP765-004-2026010,JHHA232
EDP765-004-2026030,JHHA232
EDP765-005-2026010,KAS227
EDP765-005-2026030,KAS227
EDP765-006-2026010,KTYLE2
EDP765-006-2026030,KTYLE2
EDP765-007-2026010,DBHA222
EDP765-007-2026030,MNSC240
EDP765-008-2026030,KEFR250
EDP765-009-2026010,XMA2
EDP765-010-2026010,MEHE265
EDP765-011-2026010,MNSC240
EDP765-012-2026010,RDKEHR0
EDP765-013-2026010,KEFR250
EDP767-001-2026010,KTYLE2
EDP767-001-2026030,LMC305
EDP767-002-2026010,KAS227
EDP767-002-2026030,KAS227
EDP767-003-2026010,XMA2
EDP767-003-2026030,JHHA232
EDP767-004-2026010,LMC305
EDP767-004-2026030,KTYLE2
EDP767-005-2026010,DJSTEV2
EDP767-005-2026030,DJSTEV2
EDP767-006-2026010,DBHA222
EDP767-007-2026010,MNSC240
EDP767-007-2026030,XMA2
EDP767-008-2026010,ROSTOSK
EDP767-009-2026010,JHHA232
EDP767-009-2026030,ROSTOSK
EDP767-010-2026030,MNSC240
EDP767-012-2026010,MEHE265
EDP768-001-2026010,KAS227
EDP768-001-2026030,ROSTOSK
EDP769-001-2026010,KAS227
EDP769-001-2026030,ROSTOSK
EDP770-001-2026010,KEFR250
EDP776-001-2026030,MNSC240
EDP776-001-2026030,SGIN223
EDP782-001-2026010,KTYLE2
EDP782-001-2026030,DBHA222
EDP782-002-2026010,MEHE265
EDP782-002-2026030,JHHA232
EDP782-003-2026010,XMA2
EDP782-003-2026030,RDKEHR0
EDP782-004-2026010,DBHA222
EDP782-004-2026030,DJSTEV2
EDP782-005-2026010,DJSTEV2
EDP782-005-2026030,ROSTOSK
EDP782-006-2026010,LMC305
EDP782-006-2026030,LMC305
EDP782-007-2026010,MNSC240
EDP782-007-2026030,KAS227
EDP782-008-2026010,ROSTOSK
EDP782-008-2026030,KTYLE2
EDP782-009-2026010,JHHA232
EDP782-009-2026030,XMA2
EDP782-010-2026010,RDKEHR0
EDP782-010-2026030,MNSC240
EDP782-011-2026010,KAS227
EDP782-012-2026010,KEFR250
EDS301-001-2026010,WSHANL2
EDS301-001-2026030,JEAI222
EDS375-201-2026010,EEL249
EDS375-201-2026010,WSHANL2
EDS375-201-2026030,EEL249
EDS375-202-2026010,WSHANL2
EDS375-202-2026010,ZJI242
EDS375-202-2026030,ZJI242
EDS375-210-2026050,WSHANL2
EDS395-001-2026010,SSH324
EDS395-001-2026030,ADSP224
EDS401-001-2026030,MEBE287
EDS402-001-2026010,JEAI222
EDS402-001-2026010,WSHANL2
EDS500-001-2026010,RCPENN2
EDS500-201-2026010,RCPENN2
EDS505-001-2026030,WSHANL2
EDS513-001-2026010,JEAI222
EDS513-001-2026010,ZJI242
EDS513-001-2026030,ZJI242
EDS513-202-2026030,KBAC222
EDS513-202-2026030,ZJI242
EDS513-210-2026050,KBAC222
EDS516-001-2026010,MDSA229
EDS516-001-2026030,EEL249
EDS516-201-2026010,EEL249
EDS516-201-2026030,EEL249
EDS516-201-2026030,MDSA229
EDS516-210-2026050,MEBE287
EDS516-211-2026050,SSH324
EDS517-001-2026010,MEBE287
EDS518-001-2026010,MDSA229
EDS518-001-2026030,MDSA229
EDS518-201-2026030,MDSA229
EDS522-001-2026030,ALDU242
EDS522-001-2026030,OGST223
EDS526-001-2026030,KBAC222
EDS528-001-2026010,JEAI222
EDS529-001-2026010,KBAC222
EDS530-001-2026010,SMIRA2
EDS530-201-2026010,SMIRA2
EDS547-001-2026010,JEAI222
EDS547-001-2026030,JEAI222
EDS547-201-2026010,JEAI222
EDS547-202-2026030,JEAI222
EDS548-001-2026030,DCLYNN2
EDS548-201-2026030,DCLYNN2
EDS549-001-2026030,RCPENN2
EDS549-201-2026030,RCPENN2
EDS550-001-2026010,JEAI222
EDS550-001-2026030,JEAI222
EDS558-201-2026030,JDLA234
EDS558-202-2026010,JKEARNS
EDS558-202-2026010,JLPAGE01
EDS558-210-2026050,SRHAWK2
EDS558-401-2026010,MNSC240
EDS570-001-2026030,KBAC222
EDS570-201-2026030,KBAC222
EDS599-710-2026050,ADSP224
EDS599-710-2026050,CAHA246
EDS600-210-2026050,WSHANL2
EDS601-001-2026010,SSH324
EDS601-201-2026010,SSH324
EDS602-001-2026030,SSH324
EDS602-201-2026030,SSH324
EDS603-001-2026010,ADSP224
EDS603-201-2026010,ADSP224
EDS604-001-2026010,WSHANL2
EDS605-001-2026030,JDLA234
EDS605-201-2026030,JDLA234
EDS610-001-2026030,KBAC222
EDS610-201-2026030,KBAC222
EDS611-001-2026010,KBAC222
EDS611-201-2026010,KBAC222
EDS612-201-2026010,SSH324
EDS612-201-2026030,SSH324
EDS617-001-2026010,JDLA234
EDS617-201-2026010,JDLA234
EDS618-001-2026030,SSH324
EDS618-201-2026030,SSH324
EDS628-201-2026010,JEAI222
EDS630-001-2026010,RCPENN2
EDS630-202-2026010,RCPENN2
EDS632-201-2026010,ADSP224
EDS632-201-2026030,JEAI222
EDS632-202-2026010,JDLA234
EDS632-202-2026030,HGI228
EDS632-202-2026030,JDLA234
EDS632-203-2026010,JEAI222
EDS632-203-2026010,WSHANL2
EDS632-203-2026030,ADSP224
EDS632-204-2026010,MDSA229
EDS632-204-2026030,MDSA229
EDS632-205-2026010,KBAC222
EDS632-205-2026030,KBAC222
EDS632-701-2026010,ADSP224
EDS633-001-2026030,ADSP224
EDS633-201-2026050,ADSP224
EDS633-201-2026050,JDLA234
EDS634-001-2026010,ADSP224
EDS634-201-2026010,ADSP224
EDS642-001-2026030,JEAI222
EDS642-201-2026010,JEAI222
EDS642-201-2026030,JEAI222
EDS650-201-2026010,JEAI222
EDS650-201-2026030,JEAI222
EDS660-201-2026010,ADSP224
EDS660-201-2026010,EEL249
EDS661-201-2026030,JDLA234
EDS668-201-2026030,DCLYNN2
EDS669-201-2026030,RCPENN2
EDS701-001-2026010,CNSH227
EDS701-001-2026030,MDSA229
EDS710-001-2026010,KBAC222
EDS711-001-2026010,KBAC222
EDS721-001-2026030,KWI348
EDS721-002-2026010,DHARL00
EDS721-002-2026030,DHARL00
EDS721-004-2026010,SSH324
EDS721-007-2026010,RCPENN2
EDS721-008-2026010,CNSH227
EDS721-009-2026010,SRHAWK2
EDS721-010-2026010,JGLEAT00
EDS721-010-2026030,MEBE287
EDS721-012-2026030,AHA440
EDS748-001-2026030,JDLA234
EDS750-001-2026010,JEAI222
EDS750-701-2026010,JEAI222
EDS757-001-2026010,DHARL00
EDS757-001-2026030,KBAC222
EDS757-002-2026030,JDLA234
EDS757-003-2026030,DHARL00
EDS757-004-2026030,RCPENN2
EDS757-005-2026030,CNSH227
EDS757-006-2026030,SSH324
EDS767-001-2026010,KWI348
EDS767-001-2026030,KWI348
EDS767-002-2026010,DHARL00
EDS767-002-2026030,DHARL00
EDS767-003-2026010,JDLA234
EDS767-004-2026010,SSH324
EDS767-004-2026030,SSH324
EDS767-005-2026010,ADSP224
EDS767-006-2026010,KBAC222
EDS767-007-2026010,RCPENN2
EDS768-001-2026010,RCPENN2
EDS768-001-2026030,KBAC222
EDS768-002-2026010,CNSH227
EDS768-002-2026030,MDSA229
EDS768-003-2026010,KBAC222
EDS768-003-2026030,WSHANL2
EDS768-004-2026030,JDLA234
EDS768-005-2026030,CNSH227
EDS768-006-2026030,SSH324
EDS768-007-2026030,ADSP224
EDS768-008-2026030,SRHAWK2
EDS768-009-2026030,RCPENN2
EDS768-010-2026030,MEBE287
EDS768-201-2026010,JDLA234
EDS768-201-2026030,MDSA229
EDS768-202-2026010,SSH324
EDS768-203-2026010,SRHAWK2
EDS769-001-2026030,JDLA234
EDS789-001-2026010,KWI348
EDS789-001-2026030,KWI348
EDS789-002-2026010,DHARL00
EDS789-002-2026030,DHARL00
EDS789-003-2026010,JDLA234
EDS789-003-2026030,JDLA234
EDS789-004-2026010,SSH324
EDS789-004-2026030,SSH324
EDS789-005-2026010,ADSP224
EDS789-005-2026030,ADSP224
EDS789-006-2026010,KBAC222
EDS789-006-2026030,KBAC222
EDS789-007-2026010,RCPENN2
EDS789-007-2026030,RCPENN2
EDS789-008-2026010,CNSH227
EDS789-008-2026030,CNSH227
EDS789-009-2026010,SRHAWK2
EDS789-009-2026030,SRHAWK2
EDS789-010-2026010,JGLEAT00
EDS789-010-2026030,MDSA229
EDS789-201-2026010,SRHAWK2
EDU300-001-2026010,JAHI260
EDU300-002-2026010,BKSA232
EDU645-001-2026010,RCR234
EDU645-002-2026010,RKJO235
EE211-001-2026030,MTJO228
EE211-002-2026010,JKLUMPP
EE211-002-2026030,MTJO228
EE223-001-2026010,CCLU
EE223-001-2026030,CCLU
EE223-002-2026010,CCLU
EE223-002-2026030,CCLU
EE223-003-2026010,CCLU
EE223-003-2026030,CCLU
EE223-004-2026010,CCLU
EE223-004-2026030,CCLU
EE280-001-2026010,JASHL01
EE280-001-2026030,JASHL01
EE280-002-2026010,JASHL01
EE280-002-2026030,JASHL01
EE281-001-2026010,JASHL01
EE281-001-2026010,PSEBER2
EE281-002-2026010,JASHL01
EE281-002-2026010,PSEBER2
EE282-001-2026030,JASHL01
EE282-001-2026030,PSEBER2
EE282-002-2026030,JASHL01
EE282-002-2026030,PSEBER2
EE282-005-2026030,JASHL01
EE282-005-2026030,PSEBER2
EE282-006-2026030,JASHL01
EE282-006-2026030,PSEBER2
EE282-007-2026030,JASHL01
EE282-007-2026030,PSEBER2
EE282-008-2026030,JASHL01
EE282-008-2026030,PSEBER2
EE287-002-2026030,PSEBER2
EE287-002-2026030,SASA244
EE287-003-2026030,PSEBER2
EE287-003-2026030,SASA244
EE287-004-2026030,PSEBER2
EE287-004-2026030,SASA244
EE287-005-2026030,PSEBER2
EE287-005-2026030,SASA244
EE287-006-2026030,PSEBER2
EE287-006-2026030,SASA244
EE305-001-2026010,BXI224
EE305-001-2026010,RHANNEM
EE305-001-2026030,BXI224
EE305-001-2026030,RHANNEM
EE305-002-2026010,BXI224
EE305-002-2026010,RHANNEM
EE305-002-2026030,BXI224
EE305-002-2026030,RHANNEM
EE305-003-2026010,BXI224
EE305-003-2026010,RHANNEM
EE305-003-2026030,BXI224
EE305-003-2026030,RHANNEM
EE305-004-2026010,BXI224
EE305-004-2026010,RHANNEM
EE305-004-2026030,BXI224
EE305-004-2026030,RHANNEM
EE305-010-2026010,KRI284
EE305-210-2026050,RHANNEM
EE415G-001-2026010,DIO222
EE415G-001-2026030,AMCRAM0
EE416G-001-2026010,WMOOR0
EE416G-001-2026030,WMOOR0
EE416G-002-2026010,WMOOR0
EE416G-002-2026030,WMOOR0
EE416G-003-2026010,WMOOR0
EE416G-003-2026030,WMOOR0
EE416G-004-2026010,WMOOR0
EE421G-001-2026010,JBAE2
EE421G-001-2026030,JBAE2
EE422G-001-2026010,JBAE2
EE422G-002-2026010,JBAE2
EE461G-001-2026010,ZHICHEN
EE461G-001-2026030,DLLAU
EE462G-001-2026010,ZHICHEN
EE462G-001-2026030,ZHICHEN
EE462G-002-2026010,ZHICHEN
EE462G-002-2026030,ZHICHEN
EE468G-001-2026010,CCLU
EE468G-001-2026030,JCYO222
EE480-001-2026030,ITH224
EE490-001-2026010,LSA273
EE490-001-2026010,RHANNEM
EE490-001-2026010,RJADAMS
EE490-001-2026030,LSA273
EE490-001-2026030,RHANNEM
EE490-001-2026030,RJADAMS
EE491-001-2026010,LSA273
EE491-001-2026010,RHANNEM
EE491-001-2026010,RJADAMS
EE491-001-2026030,LSA273
EE491-001-2026030,RHANNEM
EE491-001-2026030,RJADAMS
EE522-001-2026030,CCLU
EE523-001-2026010,JCYO222
EE524-001-2026030,LANDER
EE526-201-2026010,HOLLOWAY
EE527-001-2026030,JCYO222
EE528-001-2026010,YMZHANG
EE532-210-2026050,YLIAO3
EE535-001-2026010,YLIAO3
EE535-201-2026010,YLIAO3
EE536-201-2026010,YLIAO3
EE537-210-2026050,YLIAO3
EE539-001-2026030,PDOLL2
EE546-001-2026010,AMCRAM0
EE549-010-2026050,JSE223
EE555-001-2026010,CATRIN0
EE560-001-2026010,JTHAST00
EE567-001-2026010,JKLUMPP
EE569-001-2026030,JKLUMPP
EE571-001-2026010,YMZHANG
EE576-201-2026030,SCHEU2
EE579-001-2026030,SSU223
EE580-001-2026010,SASA244
EE584-001-2026010,ELIAS
EE584-001-2026030,ELIAS
EE586-001-2026010,LSA273
EE588-001-2026030,JEL
EE589-001-2026010,ELIAS
EE599-001-2026010,TLU242
EE599-001-2026030,HGDIET2
EE599-002-2026030,ITH224
EE599-003-2026010,BXI224
EE599-004-2026010,AMA641
EE599-005-2026030,DIO222
EE599-006-2026010,DIO222
EE599-007-2026010,TLU242
EE599-009-2026030,TLU242
EE605-201-2026010,WLI249
EE605-401-2026010,WLI249
EE606-201-2026010,FFBADU2
EE611-001-2026010,YMZHANG
EE621-001-2026010,RJADAMS
EE622-001-2026030,RJADAMS
EE640-201-2026030,SCHEU2
EE641-201-2026030,YLIAO3
EE661-001-2026030,ZHICHEN
EE672-001-2026030,JXU239
EE685-001-2026010,HGDIET2
EE699-001-2026010,TLU242
EE699-002-2026030,ITH224
EE699-003-2026010,BXI224
EE699-005-2026030,DIO222
EE699-006-2026010,DIO222
EE699-007-2026010,TLU242
EE699-009-2026030,TLU242
EE699-010-2026030,HGDIET2
EE748-028-2026010,AFPA225
EE749-002-2026010,SCHEU2
EE757-001-2026030,AMCRAM0
EE757-007-2026010,LSA273
EES110-001-2026010,MABR266
EES110-001-2026030,MABR266
EES110-201-2026010,SJBR239
EES110-601-2026010,SJBR239
EES110-602-2026010,SJBR239
EES120-001-2026010,MABR266
EES120-001-2026030,MABR266
EES150-001-2026010,JTH268
EES150-201-2026010,RLFR223
EES150-201-2026030,RLFR223
EES160-001-2026010,FETTENS
EES160-001-2026010,MCCO268
EES160-001-2026010,STFU223
EES160-001-2026030,JJJA249
EES160-001-2026030,TLSP238
EES160-002-2026010,FETTENS
EES160-002-2026010,STFU223
EES160-002-2026030,KEBO260
EES160-002-2026030,TLSP238
EES160-003-2026010,FETTENS
EES160-003-2026010,MCCO268
EES160-004-2026010,FETTENS
EES160-004-2026010,MCCO268
EES160-004-2026010,STFU223
EES170-201-2026010,RLFR223
EES170-201-2026030,RLFR223
EES180-001-2026010,MOKER
EES180-001-2026030,JRDI229
EES180-202-2026030,SJBR239
EES190-201-2026030,SJBR239
EES220-001-2026010,PJME227
EES220-001-2026010,RLFR223
EES220-001-2026030,PJME227
EES220-001-2026030,RLFR223
EES220-002-2026010,PJME227
EES220-002-2026010,RLFR223
EES220-002-2026030,AGBE231
EES220-002-2026030,RLFR223
EES220-003-2026010,JTGR241
EES220-003-2026010,RLFR223
EES220-003-2026030,AGBE231
EES220-003-2026030,RLFR223
EES220-004-2026010,JTGR241
EES220-004-2026010,RLFR223
EES230-001-2026010,NAAT223
EES230-001-2026010,SJBR239
EES235-001-2026030,CKWA233
EES235-001-2026030,MLCH240
EES295-001-2026010,MABR266
EES345-001-2026030,MABR266
EES385-001-2026030,AFRYAR1
EES395-001-2026030,AER226
EES395-002-2026030,FETTENS
EES395-003-2026030,RLFR223
EES395-004-2026030,AFRYAR1
EES395-005-2026030,SJO345
EES395-006-2026030,MMMC234
EES395-007-2026030,MOKER
EES395-008-2026030,NGRA227
EES395-009-2026030,TLSP238
EES395-010-2026030,JTH268
EES395-011-2026030,CKWA233
EES395-012-2026030,WOOLERY
EES399-001-2026030,SJBR239
EES401G-001-2026030,FETTENS
EES420G-001-2026010,JTH268
EES420G-001-2026010,SMO381
EES450G-001-2026010,FETTENS
EES461-001-2026030,FETTENS
EES461-001-2026030,JRCA277
EES480-001-2026010,JRDI229
EES480-002-2026010,CKWA233
EES480-003-2026030,NGRA227
EES530-001-2026010,AER226
EES550-001-2026010,WOOLERY
EES585-001-2026010,AFRYAR1
EES625-001-2026010,CKWA233
EES630-001-2026030,AER226
EES645-001-2026030,NGRA227
EES655-001-2026010,JRDI229
EES675-001-2026030,WOOLERY
EES675-001-2026030,ZMWANG
EES695-001-2026010,AER226
EES703-001-2026030,FETTENS
EES748-001-2026030,AER226
EES748-002-2026030,FETTENS
EES748-003-2026030,RLFR223
EES748-004-2026030,AFRYAR1
EES748-005-2026030,SJO345
EES748-006-2026030,MMMC234
EES748-007-2026030,MOKER
EES748-008-2026030,NGRA227
EES748-009-2026030,TLSP238
EES748-010-2026030,JTH268
EES748-011-2026030,CKWA233
EES748-012-2026030,WOOLERY
EES749-001-2026030,AER226
EES749-002-2026030,FETTENS
EES749-003-2026030,RLFR223
EES749-004-2026030,AFRYAR1
EES749-005-2026030,SJO345
EES749-006-2026030,MMMC234
EES749-007-2026030,MOKER
EES749-008-2026030,NGRA227
EES749-009-2026030,TLSP238
EES749-010-2026030,JTH268
EES749-011-2026030,CKWA233
EES749-012-2026030,WOOLERY
EES757-001-2026030,AER226
EES757-002-2026030,AFRYAR1
EES757-003-2026030,MMMC234
EES757-004-2026030,MOKER
EES757-005-2026030,JTH268
EES757-006-2026030,FETTENS
EES757-007-2026030,RLFR223
EES757-008-2026030,SJO345
EES757-009-2026030,NGRA227
EES757-010-2026030,TLSP238
EES757-011-2026030,CKWA233
EES757-012-2026030,WOOLERY
EES767-001-2026030,AER226
EES767-002-2026030,FETTENS
EES767-003-2026030,RLFR223
EES767-004-2026030,AFRYAR1
EES767-005-2026030,SJO345
EES767-006-2026030,MMMC234
EES767-007-2026030,MOKER
EES767-008-2026030,NGRA227
EES767-009-2026030,TLSP238
EES767-010-2026030,JTH268
EES767-011-2026030,CKWA233
EES767-012-2026030,WOOLERY
EES768-001-2026030,AER226
EES768-002-2026030,FETTENS
EES768-003-2026030,RLFR223
EES768-004-2026030,AFRYAR1
EES768-005-2026030,SJO345
EES768-006-2026030,MMMC234
EES768-007-2026030,MOKER
EES768-008-2026030,NGRA227
EES768-009-2026030,TLSP238
EES768-010-2026030,JTH268
EES768-011-2026030,CKWA233
EES768-012-2026030,WOOLERY
EES769-001-2026030,AER226
EES769-002-2026030,FETTENS
EES769-003-2026030,RLFR223
EES769-004-2026030,AFRYAR1
EES769-005-2026030,SJO345
EES769-006-2026030,MMMC234
EES769-007-2026030,MOKER
EES769-008-2026030,NGRA227
EES769-009-2026030,TLSP238
EES769-010-2026030,JTH268
EES769-011-2026030,CKWA233
EES769-012-2026030,WOOLERY
EES782-001-2026030,AER226
EES782-002-2026030,FETTENS
EES782-003-2026030,RLFR223
EES782-004-2026030,AFRYAR1
EES782-005-2026030,SJO345
EES782-006-2026030,MMMC234
EES782-007-2026030,MOKER
EES782-008-2026030,NGRA227
EES782-009-2026030,TLSP238
EES782-010-2026030,JTH268
EES782-011-2026030,CKWA233
EES782-012-2026030,WOOLERY
EES790-001-2026030,AER226
EES790-002-2026030,FETTENS
EES790-003-2026030,RLFR223
EES790-004-2026030,AFRYAR1
EES790-005-2026030,SJO345
EES790-006-2026030,MMMC234
EES790-007-2026030,MOKER
EES790-008-2026030,NGRA227
EES790-009-2026030,TLSP238
EES790-010-2026030,JTH268
EES790-011-2026030,CKWA233
EES790-012-2026030,WOOLERY
EGR101-001-2026010,LEFA232
EGR101-001-2026030,LMLE232
EGR101-002-2026010,LEFA232
EGR101-002-2026030,LMLE232
EGR101-003-2026010,LMLE232
EGR101-004-2026010,LMLE232
EGR101-005-2026010,LMLE232
EGR101-006-2026010,LMLE232
EGR101-007-2026010,VRVOGE00
EGR101-008-2026010,VRVOGE00
EGR101-009-2026010,MTJO228
EGR101-010-2026010,DMFR224
EGR101-011-2026010,DMFR224
EGR101-012-2026010,LMLE232
EGR101-013-2026010,KALIKA
EGR101-014-2026010,KALIKA
EGR101-015-2026010,LESH226
EGR101-016-2026010,LESH226
EGR101-017-2026010,RCSELL0
EGR101-018-2026010,RCSELL0
EGR101-019-2026010,MLA271
EGR101-020-2026010,MLA271
EGR101-021-2026010,GLA232
EGR102-001-2026010,JLST303
EGR102-001-2026010,VRVOGE00
EGR102-001-2026030,NMOOR0
EGR102-002-2026010,JLST303
EGR102-002-2026010,VRVOGE00
EGR102-002-2026030,NMOOR0
EGR102-003-2026010,HSH270
EGR102-003-2026010,SJSC243
EGR102-003-2026030,NMOOR0
EGR102-004-2026010,HSH270
EGR102-004-2026010,SJSC243
EGR102-005-2026010,DRST231
EGR102-005-2026010,NMOOR0
EGR102-006-2026010,MDWH231
EGR102-006-2026010,RCSELL0
EGR102-007-2026010,MDWH231
EGR102-007-2026010,RCSELL0
EGR102-008-2026010,LBE253
EGR102-008-2026010,LESH226
EGR102-009-2026010,LBE253
EGR102-009-2026010,LESH226
EGR102-010-2026010,ARO276
EGR102-010-2026010,LEFA232
EGR102-011-2026010,HSH270
EGR102-011-2026010,LEFA232
EGR102-012-2026010,DRST231
EGR102-012-2026010,NMOOR0
EGR102-013-2026010,ARO276
EGR102-013-2026010,MDWH231
EGR102-014-2026010,ARO276
EGR102-014-2026010,MDWH231
EGR102-015-2026010,SVI265
EGR102-017-2026010,DRST231
EGR102-017-2026010,NMOOR0
EGR102-018-2026010,JLST303
EGR102-018-2026010,NMOOR0
EGR103-001-2026010,JAWH235
EGR103-001-2026010,SSI303
EGR103-001-2026030,VRVOGE00
EGR103-002-2026010,JAWH235
EGR103-002-2026010,SSI303
EGR103-002-2026030,VRVOGE00
EGR103-003-2026010,DJKL224
EGR103-003-2026010,DLO268
EGR103-003-2026030,DJKL224
EGR103-004-2026010,DJKL224
EGR103-004-2026030,LMLE232
EGR103-004-2026030,MLA271
EGR103-005-2026030,LMLE232
EGR103-005-2026030,MLA271
EGR103-006-2026030,MDWH231
EGR103-008-2026030,LESH226
EGR103-009-2026030,RCSELL0
EGR103-010-2026030,RCSELL0
EGR103-011-2026030,LEFA232
EGR103-012-2026030,LEFA232
EGR103-013-2026030,SSI303
EGR103-015-2026030,JGA246
EGR120-001-2026010,AMA641
EGR120-001-2026030,AMA641
EGR150-001-2026010,EDA239
EGR150-001-2026010,ZDFUQU2
EGR150-001-2026030,EDA239
EGR150-001-2026030,ZDFUQU2
EGR175-010-2026010,TJO322
EGR190-001-2026010,MTJO228
EGR190-001-2026030,JCO228
EGR199-001-2026030,SGA251
EGR199-001-2026030,WDFE222
EGR215-001-2026010,DLO268
EGR215-001-2026010,DMFR224
EGR215-001-2026030,DMFR224
EGR215-002-2026010,DLO268
EGR215-002-2026010,DMFR224
EGR215-002-2026030,DMFR224
EGR215-003-2026010,JAWH235
EGR215-003-2026010,SSI303
EGR215-003-2026030,DMFR224
EGR240-001-2026010,HOLLOWAY
EGR240-001-2026030,HOLLOWAY
EGR260-001-2026030,JGGROP2
EGR380-210-2026050,AMKRUS2
EGR390-001-2026030,SLY222
EGR398-001-2026030,ZDFUQU2
EGR399-001-2026030,ZDFUQU2
EGR399-010-2026030,ZDFUQU2
EGR399-301-2026020,ZDFUQU2
EGR490-001-2026030,RGBU225
EGR537-001-2026030,DLU245
EGR542-001-2026010,ANDREWS
EGR542-001-2026010,JGGROP2
EGR546-001-2026010,AMCRAM0
EGR549-010-2026050,JSE223
EGR598-401-2026010,JAWH235
EGR598-401-2026010,ZDBA227
EGR599-004-2026010,AMA641
EGR599-010-2026010,MBA319
ELS691-201-2026030,JBA225
EM221-001-2026010,RHA351
EM221-001-2026030,JDBO227
EM221-002-2026010,JDBO227
EM221-002-2026030,JDBO227
EM221-003-2026010,FTA229
EM221-003-2026030,RHA351
EM221-004-2026010,FTA229
EM221-004-2026030,HEKARA2
EM221-005-2026010,HEKARA2
EM221-006-2026010,HANSON
EM221-210-2026050,RHA351
EM302-001-2026010,MEGR259
EM302-001-2026030,HEKARA2
EM302-002-2026010,SGZA224
EM302-002-2026030,JDBO227
EM302-003-2026010,JDBO227
EM302-003-2026030,HANSON
EM302-010-2026010,MBA319
EM302-210-2026050,JDBO227
EM313-001-2026010,HANSON
EM313-001-2026030,TIMWU
EM313-002-2026010,HANSON
EM313-002-2026030,HANSON
EM313-003-2026030,HANSON
EM313-010-2026010,HLI306
EM313-210-2026050,TIMWU
END710-001-2026010,MSC276
END711-001-2026010,MSC276
END712-001-2026010,MSC276
END712-001-2026030,MSC276
END716-001-2026010,MSC276
END717-001-2026030,MSC276
END735-001-2026010,MSC276
END735-001-2026030,MSC276
END736-001-2026030,MSC276
END763-001-2026010,MSC276
END763-001-2026030,MSC276
END764-001-2026030,MSC276
END824-201-2026010,AHWIEM2
END824-201-2026010,MSC276
END824-201-2026030,MSC276
END826-001-2026030,AHWIEM2
END826-001-2026030,CBCL222
END826-001-2026030,MSC276
END826-001-2026030,SBWI222
END830-001-2026030,AHWIEM2
END830-201-2026030,AHWIEM2
END831-001-2026010,AHWIEM2
END831-001-2026010,MSC276
END831-001-2026010,SBJO233
END831-001-2026030,AHWIEM2
END831-001-2026030,MSC276
END831-001-2026030,SBJO233
END841-001-2026010,AHWIEM2
END841-001-2026010,MSC276
END841-001-2026010,SBJO233
END841-001-2026030,AHWIEM2
END841-001-2026030,MSC276
END841-001-2026030,SBJO233
END880-001-2026010,AHWIEM2
END880-001-2026030,AHWIEM2
ENG098-001-2026030,NRMI222
ENG100-001-2026010,MWGODB1
ENG107-001-2026010,HPI223
ENG107-001-2026030,AMI338
ENG107-001-2026030,NKRU224
ENG107-002-2026010,MFSC241
ENG107-002-2026030,AMI338
ENG107-002-2026030,VIUN223
ENG107-003-2026010,MFSC241
ENG107-003-2026030,AMI338
ENG107-003-2026030,NKRU224
ENG107-004-2026010,MFSC241
ENG107-004-2026030,AMI338
ENG107-004-2026030,VIUN223
ENG107-005-2026010,MFSC241
ENG107-005-2026030,DGJA224
ENG107-005-2026030,MFSC241
ENG107-006-2026010,FXW2
ENG107-006-2026030,ACUK222
ENG107-006-2026030,MFSC241
ENG107-007-2026010,FXW2
ENG107-007-2026030,DGJA224
ENG107-007-2026030,MFSC241
ENG107-008-2026010,FXW2
ENG107-008-2026030,ACUK222
ENG107-008-2026030,MFSC241
ENG107-009-2026010,FXW2
ENG107-010-2026010,MCART00
ENG107-010-2026030,ATPO234
ENG107-010-2026030,EVHA222
ENG107-010-2026030,MCART00
ENG107-011-2026010,MCART00
ENG107-014-2026010,JMJO235
ENG107-015-2026010,JADUNC1
ENG107-201-2026030,EREEC0
ENG130-003-2026010,DRI228
ENG130-004-2026030,KJOC222
ENG130-005-2026010,JNRA224
ENG130-006-2026010,JDST288
ENG130-006-2026030,JDST288
ENG130-007-2026010,CDJO241
ENG130-008-2026010,MEGE223
ENG130-201-2026010,ELDRED
ENG130-201-2026030,NSWR222
ENG130-202-2026030,AVDOOL2
ENG142-001-2026010,RWKE223
ENG142-001-2026030,RWKE223
ENG180-001-2026010,MWGODB1
ENG180-001-2026010,RWI312
ENG180-001-2026030,PJAME2
ENG180-002-2026010,JLO300
ENG180-002-2026010,MWGODB1
ENG180-002-2026030,JHO306
ENG180-002-2026030,MWGODB1
ENG180-003-2026010,JLO300
ENG180-003-2026010,MWGODB1
ENG180-003-2026030,MWGODB1
ENG180-003-2026030,RWI312
ENG180-004-2026010,MWGODB1
ENG180-004-2026010,RWI312
ENG180-004-2026030,JHO306
ENG180-004-2026030,MWGODB1
ENG180-005-2026010,KEW222
ENG180-005-2026030,MWGODB1
ENG180-005-2026030,RWI312
ENG180-006-2026010,MCART00
ENG180-006-2026030,JLO300
ENG180-007-2026010,FKBE223
ENG180-007-2026030,AIGE222
ENG180-008-2026010,KEW222
ENG180-201-2026010,MAJE234
ENG180-201-2026030,MWGODB1
ENG180-202-2026030,JGMACD01
ENG191-001-2026010,JACLYM3
ENG207-001-2026010,MFSC241
ENG207-002-2026010,FXW2
ENG207-002-2026030,JMJO235
ENG207-003-2026010,JADUNC1
ENG207-003-2026030,DRI228
ENG221-001-2026030,MRLAUE2
ENG221-002-2026030,YMA271
ENG230-001-2026010,JALLISO
ENG230-001-2026030,SMO358
ENG230-002-2026030,MCART00
ENG230-003-2026010,RHA365
ENG230-004-2026010,JGMACD01
ENG241-001-2026010,JGMACD01
ENG241-001-2026010,JHO306
ENG242-001-2026030,JNRA224
ENG251-001-2026010,JACLYM3
ENG251-001-2026010,JWRU232
ENG252-001-2026030,GSA265
ENG252-001-2026030,JWRU232
ENG260-001-2026030,KEW222
ENG260-002-2026010,MAJE234
ENG260-002-2026030,AVDOOL2
ENG260-201-2026010,MAJE234
ENG260-201-2026030,NSWR222
ENG265-201-2026010,NSWR222
ENG266-001-2026030,RHA365
ENG280-001-2026010,FKBE223
ENG280-001-2026010,MHI267
ENG280-001-2026030,FKBE223
ENG280-001-2026030,RLI289
ENG280-002-2026010,AIGE222
ENG280-002-2026010,FKBE223
ENG280-002-2026030,FKBE223
ENG280-003-2026010,FKBE223
ENG280-003-2026010,MHI267
ENG280-004-2026010,AIGE222
ENG280-004-2026010,FKBE223
ENG280-201-2026010,FKBE223
ENG280-202-2026010,JADUNC1
ENG290-001-2026010,ELDRED
ENG290-001-2026030,KEW222
ENG301-001-2026010,EACONN3
ENG301-001-2026030,BMSC225
ENG307-001-2026010,RAEL225
ENG307-001-2026030,EREEC0
ENG310-001-2026030,BOSCH
ENG330-001-2026010,MATRAS2
ENG330-001-2026030,MCGIAN2
ENG330-002-2026010,MEGE223
ENG330-003-2026030,JALLISO
ENG335-001-2026010,ELDRED
ENG336-001-2026010,MRSIZE0
ENG339-001-2026030,RHA365
ENG342-001-2026030,JGMACD01
ENG343-001-2026010,EESH226
ENG357-001-2026030,MATRAS2
ENG359-001-2026010,EREEC0
ENG361-201-2026010,NSWR222
ENG368-001-2026010,RHA365
ENG384-001-2026030,FKBE223
ENG391-001-2026030,MATRAS2
ENG395-001-2026010,MWGODB1
ENG395-001-2026030,MWGODB1
ENG395-002-2026010,FXW2
ENG395-002-2026030,SMO358
ENG395-003-2026010,MEGE223
ENG399-001-2026010,MWGODB1
ENG399-001-2026030,MWGODB1
ENG401-002-2026030,EACONN3
ENG401-003-2026030,TMARK2
ENG401-004-2026030,JHRI223
ENG405-001-2026030,EACONN3
ENG407-001-2026030,HPI223
ENG407-002-2026010,JADUNC1
ENG407-002-2026030,FXW2
ENG425-001-2026010,MCART00
ENG425-001-2026030,MCART00
ENG440G-001-2026010,JALLISO
ENG450G-001-2026010,MATRAS2
ENG450G-001-2026030,JACLYM3
ENG480G-001-2026030,AMNADE2
ENG495-001-2026010,PJKALL2
ENG507-001-2026030,HPI223
ENG507-002-2026030,FXW2
ENG507-004-2026010,JADUNC1
ENG509-001-2026030,JLDO245
ENG509-201-2026010,JLDO245
ENG518-001-2026010,MCGIAN2
ENG570-001-2026010,AVDOOL2
ENG570-001-2026030,MFSC241
ENG570-002-2026030,JNRA224
ENG607-001-2026010,AMI338
ENG607-001-2026030,AMI338
ENG607-002-2026010,JMJO235
ENG607-002-2026030,HPI223
ENG607-003-2026010,HPI223
ENG607-003-2026030,SMO358
ENG608-001-2026010,EREEC0
ENG608-001-2026030,FXW2
ENG609-001-2026010,JMAB224
ENG622-001-2026010,EESH226
ENG631-001-2026030,MEGE223
ENG653-001-2026030,JACLYM3
ENG681-001-2026030,CAMA239
ENG691-001-2026010,LMSCHR2
ENG691-001-2026030,LMSCHR2
ENG691-002-2026010,JMAB224
ENG691-002-2026030,JMAB224
ENG691-003-2026010,LMSCHR2
ENG691-003-2026030,LMSCHR2
ENG748-001-2026010,MCGIAN2
ENG757-001-2026010,MCGIAN2
ENG757-001-2026030,MCGIAN2
ENG767-001-2026010,JALLISO
ENG767-001-2026030,JACLYM3
ENG767-002-2026010,JACLYM3
ENG767-002-2026030,JALLISO
ENG767-003-2026010,AVDOOL2
ENG767-003-2026030,AVDOOL2
ENG767-004-2026010,ELDRED
ENG767-004-2026030,MCGIAN2
ENG767-005-2026010,DBHI222
ENG767-005-2026030,PJAME2
ENG767-006-2026010,PJAME2
ENG767-006-2026030,PJKALL2
ENG767-007-2026010,JMJO235
ENG767-007-2026030,JGMACD01
ENG767-008-2026010,PJKALL2
ENG767-008-2026030,AMNADE2
ENG767-009-2026010,JGMACD01
ENG767-009-2026030,JNRA224
ENG767-010-2026010,AMI338
ENG767-010-2026030,DBHI222
ENG767-011-2026010,SMO358
ENG767-011-2026030,MRSIZE0
ENG767-012-2026010,AMNADE2
ENG767-012-2026030,MATRAS2
ENG767-013-2026010,HPI223
ENG767-013-2026030,NSWR222
ENG767-014-2026010,JNRA224
ENG767-014-2026030,SMO358
ENG767-015-2026010,EREEC0
ENG767-015-2026030,EREEC0
ENG767-016-2026010,MLRUST2
ENG767-016-2026030,EESH226
ENG767-017-2026010,EESH226
ENG767-018-2026010,MRSIZE0
ENG767-019-2026010,MATRAS2
ENG767-020-2026010,FXW2
ENG767-021-2026010,CWI335
ENG768-001-2026030,JMA270
ENG768-002-2026030,MCGIAN2
ENG768-003-2026030,HPI223
ENG768-004-2026030,CWI335
ENG768-005-2026030,MFSC241
ENG768-006-2026030,AMI338
ENG768-007-2026030,SMO358
ENG768-008-2026030,FXW2
ENG768-009-2026030,EREEC0
ENG768-010-2026030,JMJO235
ENG768-011-2026030,JALLISO
ENG768-012-2026030,NSWR222
ENG768-013-2026030,PJKALL2
ENG768-014-2026030,CAMA239
ENG769-001-2026030,MCGIAN2
ENG771-001-2026010,SMO358
ENG780-001-2026010,JALLISO
ENG780-001-2026030,AMI338
ENG780-002-2026010,JACLYM3
ENG780-002-2026030,CWI335
ENG780-003-2026010,AVDOOL2
ENG780-003-2026030,AVDOOL2
ENG780-004-2026010,ELDRED
ENG780-004-2026030,PJAME2
ENG780-005-2026010,DBHI222
ENG780-005-2026030,HPI223
ENG780-006-2026010,PJAME2
ENG780-006-2026030,JNRA224
ENG780-007-2026010,JMJO235
ENG780-007-2026030,JALLISO
ENG780-008-2026010,PJKALL2
ENG780-008-2026030,ELDRED
ENG780-009-2026010,JGMACD01
ENG780-009-2026030,EESH226
ENG780-010-2026010,AMI338
ENG780-010-2026030,MCGIAN2
ENG780-011-2026010,SMO358
ENG780-011-2026030,SMO358
ENG780-012-2026010,AMNADE2
ENG780-012-2026030,JMJO235
ENG780-013-2026030,PJKALL2
ENG780-014-2026010,JNRA224
ENG780-014-2026030,JGMACD01
ENG780-015-2026010,EREEC0
ENG780-015-2026030,AMNADE2
ENG780-016-2026010,MLRUST2
ENG780-016-2026030,EREEC0
ENG780-017-2026010,EESH226
ENG780-017-2026030,MRSIZE0
ENG780-018-2026010,MRSIZE0
ENG780-018-2026030,MATRAS2
ENG780-019-2026010,MATRAS2
ENG780-019-2026030,DBHI222
ENG780-020-2026010,FXW2
ENG780-020-2026030,JACLYM3
ENG780-021-2026010,CWI335
ENG780-021-2026030,FXW2
ENG780-022-2026010,ZUNSHIN
ENG780-022-2026030,JMAB224
ENG780-026-2026010,HPI223
ENS201-001-2026010,TMUTE2
ENS202-001-2026030,LJMOSE2
ENS300-001-2026010,LLI225
ENS300-002-2026010,JAST239
ENS300-004-2026010,ABA568
ENS300-004-2026030,TMUTE2
ENS300-005-2026010,PMC243
ENS300-007-2026030,NSE235
ENS300-008-2026030,TMUTE2
ENS300-009-2026030,LPE259
ENS300-011-2026030,KLSE223
ENS300-201-2026010,MSAME2
ENS395-001-2026010,LLAS222
ENS395-001-2026030,RSAND1
ENS395-002-2026010,DATWOOD
ENS395-002-2026030,LECA233
ENS395-003-2026010,LECA233
ENS395-004-2026010,CLIGGET
ENS395-006-2026010,AFRYAR1
ENS395-007-2026010,RSAND1
ENS395-008-2026010,SCHATZKI
ENS395-009-2026010,JSE223
ENS395-010-2026010,JAST239
ENS395-010-2026050,JAST239
ENS395-011-2026010,ALICET
ENS399-001-2026010,JAST239
ENS399-001-2026030,JAST239
ENS399-010-2026050,JAST239
ENS400-001-2026030,JAST239
ENS601-201-2026010,SCH462
ENS601-201-2026030,SCH462
ENS602-201-2026010,SCH462
ENS603-201-2026030,NSE235
ENS605-201-2026030,SCH462
ENS695-201-2026010,MWWI222
ENS696-201-2026010,MWWI222
ENS697-201-2026010,MWWI222
ENS697-201-2026030,SCH462
ENS698-201-2026010,MWWI222
ENS698-201-2026030,SCH462
ENS699-201-2026010,MWWI222
ENS699-201-2026030,MWWI222
ENT110-001-2026010,JRLENS2
ENT110-001-2026030,JRLENS2
ENT110-201-2026010,LTOWNSEN
ENT110-201-2026030,LTOWNSEN
ENT110-202-2026010,NMTE222
ENT110-210-2026050,NMTE222
ENT110-230-2026020,NMTE222
ENT209-001-2026010,BMJO263
ENT220-201-2026010,TMWILK2
ENT220-201-2026030,TMWILK2
ENT220-210-2026050,TMWILK2
ENT300-001-2026010,JAWH222
ENT300-002-2026010,JAWH222
ENT320-001-2026010,CJWI284
ENT320-201-2026010,CJWI284
ENT340-201-2026030,LTOWNSEN
ENT360-001-2026010,LJBR240
ENT360-001-2026030,TMWILK2
ENT460-001-2026010,NMTE222
ENT460-001-2026030,LMO225
ENT461G-001-2026010,CFOX
ENT461G-001-2026030,JDU282
ENT500-201-2026010,JAWH222
ENT502-001-2026010,LRIESKE
ENT520-210-2026050,ECH222
ENT561-001-2026010,ZSY224
ENT561-201-2026010,ZSY224
ENT561-210-2026050,LTOWNSEN
ENT568-001-2026030,ZSY224
ENT568-201-2026030,ZSY224
ENT634-201-2026030,RPALLI
ENT635-001-2026030,RPALLI
ENT662-001-2026010,NLHA239
ENT665-001-2026030,NLHA239
ENT667-001-2026010,LRIESKE
ENT667-201-2026010,LRIESKE
ENT670-001-2026030,CFOX
ENT695-201-2026010,ERHA235
ENT770-001-2026010,ZWA301
ENT770-002-2026010,CFOX
ENT770-002-2026030,ZSY224
ENT770-003-2026010,CFOX
ENT770-003-2026030,JLLA226
ENT770-004-2026030,CFOX
ENT770-201-2026010,CFOX
ENT770-201-2026030,JLLA226
ENT770-202-2026010,JLLA226
ENT770-202-2026010,TMWILK2
ENT770-202-2026030,CFOX
ENT770-203-2026010,JDU282
EPE174-001-2026010,SSBRID2
EPE174-001-2026030,ARMO261
EPE174-002-2026010,SSBRID2
EPE174-003-2026010,EGHO226
EPE174-004-2026010,MRWADE2
EPE174-005-2026010,SSBRID2
EPE174-006-2026010,MRWADE2
EPE174-007-2026010,ARMO261
EPE174-008-2026010,ARMO261
EPE174-010-2026050,SSBRID2
EPE174-601-2026010,NHAGA1
EPE174-601-2026030,NHAGA1
EPE174-602-2026030,NHAGA1
EPE190-001-2026030,SSBRID2
EPE190-002-2026030,SSBRID2
EPE190-003-2026030,SSBRID2
EPE301-001-2026010,BEBO248
EPE301-001-2026030,BEBO248
EPE301-002-2026010,BEBO248
EPE301-002-2026030,BEBO248
EPE301-003-2026010,PLPO223
EPE301-004-2026010,PLPO223
EPE301-201-2026010,TCWI246
EPE301-201-2026030,TCWI246
EPE301-202-2026010,TCWI246
EPE301-202-2026030,TCWI246
EPE301-203-2026010,TANI222
EPE301-204-2026030,PLPO223
EPE454G-001-2026030,EGHO226
EPE520-201-2026030,KEMA222
EPE540-201-2026010,ETWE225
EPE557-201-2026010,JLE287
EPE557-201-2026010,MKLI226
EPE557-201-2026010,OOOM223
EPE557-202-2026010,MKLI226
EPE557-202-2026010,SLOLDH2
EPE557-210-2026050,KDBRAD2
EPE558-001-2026010,AKH325
EPE558-201-2026030,JLE287
EPE571-201-2026050,MJPI235
EPE601-001-2026010,ETWE225
EPE601-001-2026030,ETWE225
EPE601-201-2026010,ETWE225
EPE601-201-2026030,ETWE225
EPE602-201-2026010,AKH325
EPE603-201-2026030,AUPO222
EPE612-001-2026010,TCMC241
EPE619-001-2026010,ZMI229
EPE619-201-2026030,MKLI226
EPE619-201-2026030,ZMI229
EPE619-210-2026050,ZMI229
EPE620-201-2026010,SLOLDH2
EPE621-201-2026030,HATU225
EPE628-201-2026030,ETWE225
EPE653-201-2026010,NHU222
EPE654-201-2026010,KMJO235
EPE655-201-2026030,KMJO235
EPE660-001-2026030,XMA2
EPE660-201-2026010,JLE287
EPE660-210-2026050,JLE287
EPE663-001-2026010,MJPI235
EPE663-201-2026030,KMJO235
EPE663-202-2026030,TCMC241
EPE663-203-2026030,KMJO235
EPE674-210-2026050,KMJO235
EPE676-201-2026030,MJPI235
EPE679-001-2026010,MRPEAB0
EPE682-201-2026010,NHU222
EPE707-001-2026030,XMA2
EPE711-001-2026010,XMA2
EPE712-001-2026010,XMA2
EPE757-001-2026010,ETWE225
EPE757-001-2026030,ZMI229
EPE757-002-2026010,KMJO235
EPE757-002-2026030,KMJO235
EPE757-003-2026010,AKH325
EPE757-003-2026030,NHU222
EPE757-004-2026010,NHU222
EPE757-004-2026030,AKH325
EPE757-005-2026010,JJENSEN
EPE757-005-2026030,JJENSEN
EPE757-006-2026010,JLE287
EPE757-006-2026030,JLE287
EPE757-007-2026030,ETWE225
EPE757-008-2026030,MJPI235
EPE757-201-2026010,KMJO235
EPE757-201-2026030,KMJO235
EPE763-201-2026030,JJENSEN
EPE767-001-2026010,SLOLDH2
EPE767-001-2026030,ZMI229
EPE767-002-2026010,JJENSEN
EPE767-002-2026030,NHU222
EPE767-003-2026010,JLE287
EPE767-003-2026030,JJENSEN
EPE767-004-2026030,AKH325
EPE767-005-2026030,JLE287
EPE767-006-2026010,ETWE225
EPE767-006-2026030,ETWE225
EPE767-007-2026010,KMJO235
EPE767-007-2026030,MJPI235
EPE767-008-2026010,NHU222
EPE767-008-2026030,KMJO235
EPE767-009-2026010,MJPI235
EPE767-009-2026030,SLOLDH2
EPE767-010-2026010,AKH325
EPE767-201-2026010,KMJO235
EPE767-201-2026030,KMJO235
EPE773-201-2026010,ETWE225
EPE773-210-2026050,ETWE225
EPE785-001-2026010,ZMI229
EPE785-001-2026030,JLE287
EPE785-002-2026010,JLE287
EPE785-002-2026030,KMJO235
EPE785-003-2026010,KMJO235
EPE785-003-2026030,JJENSEN
EPE785-004-2026030,NHU222
EPE785-005-2026010,NHU222
EPE785-005-2026030,ZMI229
EPE785-006-2026010,JJENSEN
EPE785-006-2026030,MJPI235
EPE785-007-2026010,AKH325
EPE785-007-2026030,AKH325
EPE785-201-2026030,ZMI229
EPE785-202-2026030,ETWE225
EPE785-210-2026050,KDBRAD2
EPE785-211-2026050,NHU222
EPE790-001-2026010,JJENSEN
EPE790-002-2026010,SLOLDH2
EPE790-002-2026030,SLOLDH2
EPE790-005-2026010,KMJO235
EPE790-202-2026030,ETWE225
EPE797-201-2026030,JJENSEN
EPI714-001-2026030,SRBROWN
EPI715-001-2026030,RVI223
EPI717-001-2026010,ELABNE0
EQM101-001-2026010,AMBE273
EQM101-001-2026030,AMBE273
EQM105-001-2026030,MGROSS2
EQM105-002-2026030,MGROSS2
EQM105-003-2026030,MGROSS2
EQM105-004-2026030,MGROSS2
EQM105-005-2026030,MGROSS2
EQM105-006-2026030,MGROSS2
EQM105-007-2026030,MGROSS2
EQM105-008-2026030,MGROSS2
EQM105-009-2026030,MGROSS2
EQM105-010-2026030,MGROSS2
EQM106-001-2026010,MJFRIE2
EQM106-001-2026010,SFCRAD2
EQM106-001-2026030,SFCRAD2
EQM210-001-2026010,RCOLEMAN
EQM301-201-2026030,AMBE273
EQM305-001-2026010,CRHE249
EQM305-001-2026010,LJNO224
EQM305-001-2026030,CRHE249
EQM305-001-2026030,LJNO224
EQM305-002-2026010,CRHE249
EQM305-002-2026010,LJNO224
EQM305-002-2026030,CRHE249
EQM305-002-2026030,LJNO224
EQM351-001-2026010,FCCAMA2
EQM351-001-2026030,FCCAMA2
EQM370-001-2026010,JRKOFF0
EQM375-001-2026010,MJAC222
EQM396-702-2026030,FCCAMA2
EQM396-702-2026030,HFWIEM2
EQM399-210-2026050,SFCRAD2
EQM490-001-2026010,CRHE249
EQM490-001-2026030,CRHE249
ER815-001-2026030,CLDO228
ER815-001-2026030,JMHAMM4
ER815-002-2026030,JOAV222
ER825-001-2026030,CLDO228
ER825-001-2026030,JMHAMM4
ER825-002-2026030,JOAV222
ER843-005-2026010,LYKA223
ER843-006-2026010,LYKA223
ER843-007-2026010,LYKA223
ER849-001-2026010,LYKA223
ER849-002-2026010,LYKA223
ER849-003-2026010,LYKA223
ER849-004-2026010,LYKA223
ER849-005-2026010,LYKA223
ER849-006-2026010,LYKA223
ER849-007-2026010,LYKA223
ER853-007-2026030,SDESA3
ER853-008-2026030,SDESA3
ER853-009-2026030,SDESA3
ER890-007-2026030,RCKEEN0
ER890-008-2026030,RCKEEN0
ER890-009-2026030,RCKEEN0
ER890-010-2026030,RCKEEN0
ER931-001-2026010,CHCOLL2
ER931-002-2026010,CHCOLL2
ER931-006-2026010,CHCOLL2
ER932-001-2026010,RJWA235
ER932-002-2026010,RJWA235
ER932-003-2026010,RJWA235
ER932-004-2026010,RJWA235
ER932-005-2026010,RJWA235
ER932-006-2026010,RJWA235
ER932-007-2026010,RJWA235
ESL090-001-2026010,NRMI222
ESL093-001-2026010,NRMI222
ESL093-001-2026030,NRMI222
ESL093-002-2026010,NRMI222
ESL093-002-2026030,NRMI222
ESL095-001-2026010,VEAT222
ESL095-001-2026030,VEAT222
ESL095-002-2026010,VEAT222
ESL095-002-2026030,VEAT222
ESL110-001-2026010,NRMI222
ESL110-001-2026030,NRMI222
ESL110-002-2026010,NRMI222
ESL110-002-2026030,NRMI222
ESL130-001-2026010,VEAT222
ESL130-001-2026030,VEAT222
ESL130-002-2026010,VEAT222
ESL130-002-2026030,VEAT222
ESL132-001-2026010,VEAT222
EXP396-001-2026010,DGABB2
EXP396-001-2026030,DGABB2
EXP396-002-2026010,DGABB2
EXP396-002-2026030,DGABB2
EXP396-003-2026010,DGABB2
EXP396-003-2026030,DGABB2
EXP396-004-2026010,DGABB2
EXP396-004-2026030,DGABB2
EXP396-005-2026010,DGABB2
EXP396-005-2026030,DGABB2
EXP396-006-2026010,WNA224
EXP396-006-2026030,DGABB2
EXP396-007-2026010,WNA224
EXP396-007-2026030,DGABB2
EXP396-008-2026010,DGABB2
EXP396-008-2026030,DGABB2
EXP396-009-2026010,DGABB2
EXP396-009-2026030,RLHI227
EXP396-010-2026010,NJE226
EXP396-010-2026030,NJE226
EXP396-010-2026050,DGABB2
EXP396-011-2026030,NJE226
EXP396-011-2026050,DGABB2
EXP396-012-2026030,DGABB2
EXP396-012-2026050,DGABB2
EXP396-013-2026010,DGABB2
EXP396-013-2026030,DGABB2
EXP396-013-2026050,DGABB2
EXP396-014-2026010,DGABB2
EXP396-014-2026030,DGABB2
EXP396-014-2026050,DGABB2
EXP396-015-2026010,DGABB2
EXP396-015-2026030,DGABB2
EXP396-015-2026050,DGABB2
EXP396-016-2026010,DGABB2
EXP396-016-2026030,DGABB2
EXP396-016-2026050,DGABB2
EXP396-017-2026010,DGABB2
EXP396-017-2026030,EEMORR1
EXP396-017-2026050,DGABB2
EXP396-018-2026010,CAST278
EXP396-018-2026030,CAST278
EXP396-018-2026050,DGABB2
EXP396-019-2026010,DGABB2
EXP396-019-2026030,LAPAYN2
EXP396-019-2026050,DGABB2
EXP396-020-2026010,ECR227
EXP396-020-2026030,DGABB2
EXP396-020-2026050,DGABB2
EXP396-021-2026010,ASVAUG2
EXP396-021-2026030,DGABB2
EXP396-022-2026010,CANO243
EXP396-022-2026030,CANO243
EXP396-023-2026010,AAB322
EXP396-023-2026030,EKFI225
EXP396-023-2026030,RPWO222
EXP396-024-2026010,JSHINE2
EXP396-024-2026030,DGABB2
EXP396-025-2026010,SLHERR1
EXP396-025-2026030,SLHERR1
EXP396-026-2026010,SESHEP0
EXP396-026-2026030,SESHEP0
EXP396-027-2026010,RLCOOP1
EXP396-027-2026030,RLCOOP1
EXP396-028-2026010,RJVO223
EXP396-028-2026030,RJVO223
EXP396-029-2026010,DGABB2
EXP396-029-2026030,SEPL222
EXP396-030-2026010,DGABB2
EXP396-030-2026030,ACCU226
EXP396-031-2026030,AJFISH3
EXP396-032-2026030,LRSI224
EXP396-033-2026030,AKGR232
EXP396-034-2026030,KMSM236
EXP396-035-2026030,MLBEAL0
EXP396-036-2026030,TJWE243
EXP396-037-2026030,DGABB2
EXP396-038-2026030,DGABB2
EXP396-039-2026030,DGABB2
EXP396-040-2026030,DGABB2
EXP396-041-2026030,DGABB2
EXP396-042-2026030,DGABB2
EXP396-043-2026030,DGABB2
EXP396-044-2026030,DGABB2
EXP396-045-2026030,DGABB2
EXP396-046-2026030,DGABB2
EXP396-047-2026030,DGABB2
EXP396-048-2026030,DGABB2
EXP396-049-2026030,DGABB2
EXP396-050-2026030,DGABB2
EXP396-051-2026030,DGABB2
EXP396-052-2026030,DGABB2
EXP396-053-2026030,DGABB2
EXP396-054-2026030,DGABB2
EXP396-055-2026030,DGABB2
EXP396-201-2026030,AJFISH3
EXP396-202-2026030,DGABB2
EXP396-203-2026030,DGABB2
EXP396-204-2026030,DGABB2
EXP396-205-2026030,DGABB2
EXP396-206-2026030,DGABB2
EXP396-207-2026030,DGABB2
EXP396-208-2026030,SFCRAD2
EXP396-209-2026030,SFCRAD2
EXP396-210-2026030,CFTE222
EXP396-701-2026030,DGABB2
EXP396-702-2026030,DGABB2
EXP396-703-2026030,DGABB2
EXP396-704-2026030,DGABB2
EXP396-705-2026030,DGABB2
EXP396-710-2026050,MARYAN1
EXP397-001-2026030,DGABB2
EXP397-002-2026010,DGABB2
EXP397-002-2026030,DGABB2
EXP397-003-2026010,DGABB2
EXP397-003-2026030,DGABB2
EXP397-004-2026010,DGABB2
EXP397-004-2026030,DGABB2
EXP397-005-2026010,DGABB2
EXP397-005-2026030,DGABB2
EXP397-006-2026010,DGABB2
EXP397-006-2026030,DGABB2
EXP397-007-2026010,DGABB2
EXP397-007-2026030,DGABB2
EXP397-008-2026010,DGABB2
EXP397-008-2026030,DGABB2
EXP397-009-2026010,DGABB2
EXP397-009-2026030,DGABB2
EXP397-010-2026010,DGABB2
EXP397-010-2026030,DGABB2
EXP397-011-2026030,DGABB2
EXP397-012-2026010,DGABB2
EXP397-012-2026030,DGABB2
EXP397-013-2026030,DGABB2
EXP397-014-2026030,DGABB2
EXP397-015-2026030,DGABB2
EXP397-016-2026030,DGABB2
EXP397-017-2026030,DGABB2
EXP397-018-2026030,DGABB2
EXP397-019-2026030,DGABB2
EXP397-020-2026030,DGABB2
EXP397-021-2026030,DGABB2
EXP397-022-2026030,DGABB2
EXP397-023-2026030,DGABB2
EXP397-024-2026030,DGABB2
EXP397-025-2026030,DGABB2
EXP397-201-2026010,DGABB2
EXP397-201-2026030,DGABB2
EXP397-202-2026010,CROFCHE
EXP397-202-2026030,DGABB2
EXP397-203-2026030,DGABB2
EXP397-204-2026030,DGABB2
EXP397-205-2026030,DGABB2
EXP397-206-2026030,DGABB2
EXP397-207-2026030,DGABB2
EXP397-208-2026030,SFCRAD2
EXP397-209-2026030,DGABB2
EXP397-210-2026030,CFTE222
EXP397-211-2026030,DGABB2
EXP397-212-2026030,DGABB2
EXP397-213-2026030,DGABB2
EXP397-214-2026030,DGABB2
EXP397-215-2026030,DGABB2
EXP397-701-2026030,DGABB2
EXP397-702-2026030,DGABB2
EXP397-703-2026030,DGABB2
EXP397-704-2026030,DGABB2
EXP397-705-2026030,DGABB2
EXP455-001-2026030,DGABB2
EXP455-002-2026030,DGABB2
EXP510-001-2026030,DGABB2
EXP510-002-2026030,DGABB2
EXP510-003-2026030,DGABB2
EXP510-701-2026030,DGABB2
EXP650-001-2026010,DGABB2
EXP650-001-2026030,DGABB2
EXP650-002-2026010,DGABB2
EXP650-002-2026030,ICU223
EXP650-003-2026010,DGABB2
EXP650-003-2026030,DGABB2
EXP650-004-2026010,DGABB2
EXP650-004-2026030,DGABB2
EXP650-005-2026010,DGABB2
EXP650-005-2026030,DGABB2
EXP650-006-2026030,DGABB2
EXP650-010-2026050,DGABB2
EXP650-011-2026050,CCH241
EXP650-012-2026050,DGABB2
EXP650-013-2026050,DGABB2
EXP650-014-2026050,DGABB2
EXP651-001-2026010,DGABB2
EXP651-001-2026020,GFHOLB1
EXP651-001-2026030,DGABB2
EXP651-002-2026010,DGABB2
EXP651-002-2026030,DGABB2
EXP651-003-2026010,DGABB2
EXP651-003-2026030,DGABB2
EXP651-004-2026010,DGABB2
EXP651-004-2026030,DGABB2
EXP651-005-2026010,DGABB2
EXP651-005-2026030,DGABB2
EXP651-010-2026050,DGABB2
EXP651-011-2026050,DELA230
EXP651-011-2026050,HSWAN
EXP651-012-2026050,DGABB2
EXP651-012-2026050,MAZI223
EXP651-013-2026050,DGABB2
EXP651-014-2026050,DGABB2
EXT999-008-2026030,EBSEEL0
EXT999-009-2026030,EBSEEL0
EXT999-010-2026030,EBSEEL0
FA501-710-2026050,CRI224
FA501-710-2026050,MLTURN01
FAM640-001-2026030,NWO222
FAM652-001-2026010,KKR234
FAM668-001-2026010,HKIM3
FAM686-001-2026010,KNTE222
FAM686-201-2026010,KNTE222
FAM687-001-2026010,NWO222
FAM690-001-2026030,JHANS2
FAM746-001-2026030,DBRO223
FAM746-201-2026030,DBRO223
FAM759-001-2026010,PDYK
FAM759-001-2026030,AVA233
FAM775-001-2026010,JHANS2
FAM775-002-2026010,JHANS2
FAM777-001-2026010,JHANS2
FAM787-001-2026010,KKR234
FAM787-001-2026030,NWO222
FAM787-002-2026030,KNTE222
FAM787-010-2026050,KNTE222
FAM790-201-2026030,AVA233
FCS610-201-2026030,JLIAN2
FCS610-201-2026030,KGOODMAN
FCS620-201-2026010,NLHU222
FFC251-001-2026010,HKIM3
FFC251-001-2026030,HKIM3
FFC251-002-2026010,DBRO223
FFC251-002-2026030,TLI296
FFC251-201-2026010,JBY238
FFC251-201-2026030,JBY238
FFC251-202-2026010,JBY238
FFC251-202-2026030,JBY238
FFC251-210-2026050,HKIM3
FFC251-230-2026020,HKIM3
FFC350-001-2026030,HKIM3
FFC351-001-2026010,HKIM3
FFC352-001-2026030,DBRO223
FFC360-001-2026030,KKR234
FFC390-001-2026030,KKR234
FFC402-201-2026010,SIV224
FFC403-001-2026010,DBRO223
FFC496-001-2026030,DBRO223
FFC498-201-2026030,SIV224
FFC499-001-2026010,DBRO223
FFC499-001-2026030,DBRO223
FFC499-010-2026050,DBRO223
FFC499-011-2026050,DBRO223
FIN250-001-2026010,EMONDAY
FIN250-001-2026030,EMONDAY
FIN250-201-2026010,EMONDAY
FIN250-201-2026030,EMONDAY
FIN250-210-2026050,EMONDAY
FIN300-001-2026010,RLGA233
FIN300-001-2026030,RLGA233
FIN300-002-2026010,JCH368
FIN300-002-2026030,JCH368
FIN300-003-2026010,PDOL222
FIN300-003-2026030,HHBARL0
FIN300-201-2026010,SPSAND1
FIN300-201-2026030,SPSAND1
FIN300-210-2026050,YSO227
FIN300-710-2026050,MSHA247
FIN310-201-2026010,WLTATR0
FIN310-201-2026030,WLTATR0
FIN357-201-2026030,WGE224
FIN358-201-2026010,MHA230
FIN358-201-2026010,WGE224
FIN359-201-2026030,JPL226
FIN359-210-2026050,JAC227
FIN359-210-2026050,WGE224
FIN360-001-2026010,SPSAND1
FIN360-001-2026030,SPSAND1
FIN395-001-2026010,JSA330
FIN395-001-2026030,JSA330
FIN395-002-2026010,JSA330
FIN395-002-2026030,JSA330
FIN395-003-2026010,JSA330
FIN395-004-2026010,JSA330
FIN405-001-2026010,PMA278
FIN405-001-2026030,MVA284
FIN405-002-2026010,PMA278
FIN405-002-2026030,ACO516
FIN405-003-2026010,PMA278
FIN405-003-2026030,MVA284
FIN405-004-2026010,JMO450
FIN405-004-2026030,ACO516
FIN405-005-2026010,JMO450
FIN405-005-2026030,ACO516
FIN405-006-2026010,JMO450
FIN405-006-2026030,MVA284
FIN405-007-2026010,JCH368
FIN410-001-2026010,JSA330
FIN410-002-2026010,JSA330
FIN410-002-2026030,SNA292
FIN410-003-2026010,JPL226
FIN410-003-2026030,SWHANK2
FIN410-004-2026010,SWHANK2
FIN410-004-2026030,JCH368
FIN410-005-2026010,SWHANK2
FIN410-005-2026030,SWHANK2
FIN410-006-2026030,JPL226
FIN423-001-2026010,SWHANK2
FIN423-001-2026030,ICU223
FIN423-002-2026010,SWHANK2
FIN430-001-2026010,LBA242
FIN430-001-2026030,JSA330
FIN430-002-2026010,LBA242
FIN430-002-2026030,JSA330
FIN430-003-2026010,LBA242
FIN430-003-2026030,HLLIU2
FIN430-004-2026010,RJA233
FIN430-004-2026030,HLLIU2
FIN435-001-2026010,MSHA247
FIN435-001-2026030,MSHA247
FIN435-002-2026010,MSHA247
FIN435-002-2026030,MSHA247
FIN440-001-2026010,ADHENS0
FIN445-001-2026010,MSHA247
FIN445-001-2026030,MSHA247
FIN445-401-2026010,MSHA247
FIN452-001-2026010,DSO245
FIN464-001-2026010,SPSAND1
FIN464-001-2026030,SPSAND1
FIN470-001-2026030,SWHANK2
FIN475-001-2026010,RLA285
FIN475-001-2026030,RLA285
FIN480-001-2026030,SWHANK2
FIN485-001-2026010,WLTATR0
FIN485-001-2026030,WLTATR0
FIN485-710-2026050,WLTATR0
FIN490-001-2026010,BABE244
FIN490-001-2026010,JCH368
FIN490-001-2026030,BABE244
FIN490-001-2026030,JCH368
FIN490-002-2026010,RLGA233
FIN490-002-2026030,WLTATR0
FIN490-003-2026010,MSHA247
FIN490-003-2026030,SPSAND1
FIN490-004-2026030,RLGA233
FIN490-005-2026010,RLGA233
FIN490-005-2026030,RLGA233
FIN490-006-2026010,WLTATR0
FIN490-006-2026030,ACO516
FIN490-007-2026030,HHBARL0
FIN600-001-2026010,KHANK2
FIN600-002-2026010,KHANK2
FIN600-201-2026030,JCH368
FIN600-202-2026030,JCSTOV2
FIN600-401-2026030,JCH368
FIN600-402-2026030,JCSTOV2
FIN623-001-2026030,ICU223
FIN630-001-2026010,RJA233
FIN645-001-2026030,CPCL223
FIN645-201-2026030,MSHA247
FIN645-401-2026030,MSHA247
FIN650-001-2026010,JPL226
FIN652-001-2026010,DSO245
FIN664-001-2026030,SPSAND1
FIN680-001-2026030,SWHANK2
FIN685-001-2026010,JPL226
FIN686-001-2026030,JPL226
FIN688-001-2026030,HLLIU2
FIN691-001-2026030,MSHA247
FIN695-001-2026010,SPSAND1
FIN695-002-2026010,CPCL223
FIN695-002-2026030,SPSAND1
FIN695-003-2026030,HLLIU2
FIN700-001-2026030,TABEGL2
FIN740-001-2026010,RJA233
FIN791-001-2026010,RJA233
FIN795-001-2026010,RJA233
FIN795-001-2026030,DSO245
FIN795-010-2026050,RJA233
FM815-001-2026030,JMHAMM4
FM815-004-2026030,CGHUST01
FM815-005-2026030,JAPATT00
FM815-010-2026030,RCA234
FM825-001-2026010,MATHENY
FM825-001-2026010,MGCAST2
FM825-001-2026030,JMHAMM4
FM825-001-2026030,JWKE227
FM825-001-2026030,MATHENY
FM825-002-2026030,MATHENY
FM825-002-2026030,MGCAST2
FM825-003-2026030,MATHENY
FM825-003-2026030,MGCAST2
FM825-004-2026030,CGHUST01
FM825-005-2026030,JAPATT00
FM825-007-2026030,MATHENY
FM825-007-2026030,MGCAST2
FM825-010-2026030,RCA234
FM836-001-2026010,RMTO225
FM836-013-2026030,RMTO225
FM840-001-2026010,RCA234
FM840-002-2026010,RCA234
FM840-003-2026010,RCA234
FM840-004-2026010,RCA234
FM840-005-2026010,RCA234
FM840-006-2026010,RCA234
FM840-007-2026030,RCA234
FM840-008-2026030,RCA234
FM840-009-2026030,RCA234
FM841-001-2026010,JLST266
FM841-002-2026010,JLST266
FM841-003-2026010,JLST266
FM841-004-2026010,JLST266
FM841-005-2026010,JLST266
FM841-006-2026010,JLST266
FM841-007-2026010,JLST266
FM849-001-2026010,KLBENN0
FM849-002-2026010,KLBENN0
FM849-003-2026010,KLBENN0
FM849-004-2026010,KLBENN0
FM849-005-2026010,KLBENN0
FM849-006-2026010,KLBENN0
FM849-007-2026010,KLBENN0
FM850-001-2026010,KLBENN0
FM850-002-2026010,KLBENN0
FM850-003-2026010,KLBENN0
FM850-004-2026010,KLBENN0
FM850-005-2026010,KLBENN0
FM850-006-2026010,KLBENN0
FM850-007-2026010,KLBENN0
FM852-001-2026010,RHOSEY
FM852-002-2026010,RHOSEY
FM852-003-2026010,RHOSEY
FM852-004-2026010,RHOSEY
FM852-005-2026010,RHOSEY
FM852-006-2026010,RHOSEY
FM852-007-2026010,RHOSEY
FM855-001-2026010,JLST266
FM855-002-2026010,JLST266
FM855-003-2026010,JLST266
FM855-004-2026010,JLST266
FM855-005-2026010,JLST266
FM855-006-2026010,JLST266
FM855-007-2026010,JLST266
FM855-007-2026030,JLST266
FM855-008-2026030,JLST266
FM855-009-2026030,JLST266
FM855-010-2026030,JLST266
FM931-001-2026010,SRU244
FM932-003-2026010,MFTO224
FM932-004-2026010,MFTO224
FM932-005-2026010,MFTO224
FM932-007-2026010,MFTO224
FM933-001-2026010,MFTO224
FM933-002-2026010,MFTO224
FM933-003-2026010,MFTO224
FM933-004-2026010,MFTO224
FM933-005-2026010,MFTO224
FM933-006-2026010,MFTO224
FM963-001-2026010,MALAND0
FOR100-001-2026010,LATAYLOR
FOR100-001-2026010,WRTHOMAS
FOR101-001-2026030,JJCOX2
FOR200-001-2026010,ZJHA227
FOR219-001-2026010,DCREMEAN
FOR219-001-2026010,ZJHA227
FOR221-001-2026030,ZJHA227
FOR245-001-2026010,SGGO228
FOR250-001-2026010,JJMU233
FOR255-001-2026030,LRLHOT2
FOR260-001-2026010,CFNI222
FOR260-001-2026010,ZJHA227
FOR285-001-2026010,LRLHOT2
FOR286-001-2026030,LRLHOT2
FOR310-001-2026030,EVCR224
FOR320-001-2026010,TOOC222
FOR330-001-2026030,AFI241
FOR330-001-2026030,JYA246
FOR340-001-2026010,SGGO228
FOR350-001-2026010,JMLHOT2
FOR356-001-2026030,BARTON
FOR357-001-2026030,JJMU233
FOR358-001-2026030,JMLHOT2
FOR359-001-2026030,STRINGER
FOR360-001-2026030,CFNI222
FOR365-001-2026030,MSP238
FOR370-001-2026010,DJMC261
FOR370-002-2026010,DJMC261
FOR400-001-2026010,LRLHOT2
FOR400-001-2026010,WRTHOMAS
FOR425-001-2026010,LAVI228
FOR435-001-2026030,JJCOX2
FOR435-002-2026030,JJCOX2
FOR460-001-2026010,BARTON
FOR461G-001-2026010,CFOX
FOR461G-001-2026030,JDU282
FOR480-001-2026030,LAVI228
FOR502-001-2026010,LRIESKE
FOR510-001-2026030,SJPR223
FOR515-001-2026030,DJMC261
FOR520-001-2026010,JJCOX2
FOR550-701-2026030,JJCOX2
FOR570-001-2026010,JYA246
FOR601-001-2026010,SJPR223
FOR602-001-2026010,EVCR224
FOR622-001-2026010,ADOWNIE
FOR622-001-2026010,SCHARDL
FOR622-001-2026010,TKA234
FOR667-001-2026010,LRIESKE
FOR667-201-2026010,LRIESKE
FOR770-001-2026010,SJPR223
FOR770-001-2026030,SJPR223
FOR770-002-2026010,MSP238
FOR770-002-2026030,EVCR224
FOR770-003-2026010,JJMU233
FOR770-003-2026030,JYA246
FOR770-004-2026030,DJMC261
FOR770-004-2026030,LAVI228
FR101-001-2026010,GPWA227
FR101-001-2026030,GPWA227
FR101-002-2026010,GPWA227
FR101-002-2026030,GPWA227
FR101-003-2026010,ZRSH223
FR101-003-2026030,JTDO224
FR101-004-2026010,ZRSH223
FR101-004-2026030,SCON224
FR101-005-2026010,SCON224
FR101-201-2026010,SCON224
FR101-201-2026030,SCON224
FR102-001-2026010,NES236
FR102-001-2026030,ZRSH223
FR102-002-2026010,NES236
FR102-002-2026030,NES236
FR102-003-2026010,YES227
FR102-003-2026030,JTDO224
FR102-004-2026030,NES236
FR102-201-2026010,YES227
FR102-201-2026030,ZRSH223
FR106-001-2026010,KBO311
FR201-001-2026010,EKYE222
FR201-002-2026010,JTDO224
FR201-002-2026030,MABO275
FR201-003-2026010,JTDO224
FR201-004-2026030,NSL226
FR201-201-2026010,MABO275
FR201-201-2026030,MABO275
FR201-202-2026010,MABO275
FR202-001-2026010,JTDO224
FR202-001-2026030,YES227
FR202-002-2026030,JTDO224
FR202-201-2026010,EKYE222
FR202-201-2026030,YES227
FR204-001-2026010,LSACH2
FR204-001-2026030,JEHORN1
FR215-001-2026010,JEHORN1
FR310-001-2026010,JNP
FR325-001-2026010,JEHORN1
FR344-001-2026030,JNP
FR350-001-2026030,JEHORN1
FR395-001-2026010,JEHORN1
FR395-001-2026030,JEHORN1
FR471G-001-2026030,JLHUMA2
FR504-001-2026010,JEHORN1
FR553-001-2026010,BRJA230
FR606-001-2026030,JLHUMA2
FR617-001-2026010,LSACH2
FR630-001-2026030,NSL226
FR780-001-2026010,JEHORN1
FR780-001-2026030,JEHORN1
FSC107-001-2026010,PPVI223
FSC304-001-2026030,SPSUMA2
FSC306-001-2026010,RRSC223
FSC399-010-2026050,MNEWMAN
FSC430-001-2026010,SPSUMA2
FSC434G-001-2026030,YLXIONG
FSC530-001-2026010,MNEWMAN
FSC536-001-2026030,PPVI223
FSC538-001-2026030,RRSC223
FSC540-001-2026030,MNEWMAN
FSC780-001-2026010,SPSUMA2
FSC780-002-2026010,MNEWMAN
GEO109-001-2026010,DTAB224
GEO109-001-2026010,NPLA224
GEO109-001-2026030,KNA258
GEO109-001-2026030,NPLA224
GEO109-002-2026010,EZI228
GEO109-002-2026010,NPLA224
GEO109-002-2026030,DTAB224
GEO109-002-2026030,NPLA224
GEO109-003-2026010,DTAB224
GEO109-003-2026010,NPLA224
GEO109-003-2026030,DTAB224
GEO109-003-2026030,NPLA224
GEO109-004-2026010,EZI228
GEO109-004-2026010,NPLA224
GEO109-005-2026010,DTAB224
GEO109-005-2026010,NPLA224
GEO109-005-2026030,KNA258
GEO109-005-2026030,NPLA224
GEO109-006-2026010,EZI228
GEO109-006-2026010,NPLA224
GEO109-006-2026030,KNA258
GEO109-006-2026030,NPLA224
GEO130-001-2026010,LLI225
GEO130-001-2026030,JAST239
GEO135-201-2026010,SCH462
GEO135-201-2026030,LPE259
GEO160-001-2026010,DADI232
GEO160-201-2026010,AWOOD6
GEO160-201-2026030,EZI228
GEO160-230-2026020,SMU353
GEO161-001-2026030,DADI232
GEO161-002-2026010,VGU239
GEO162-001-2026010,ABA568
GEO162-001-2026010,SHDA225
GEO162-001-2026030,ABA568
GEO162-001-2026030,SHDA225
GEO162-002-2026010,ABA568
GEO162-002-2026010,SHDA225
GEO162-002-2026030,ABA568
GEO162-002-2026030,SMU353
GEO162-003-2026010,ABA568
GEO162-003-2026010,SHDA225
GEO162-003-2026030,ABA568
GEO162-003-2026030,SMU353
GEO162-004-2026010,ABA568
GEO162-004-2026010,CMHI238
GEO162-005-2026010,ABA568
GEO162-005-2026010,CMHI238
GEO162-005-2026030,ABA568
GEO162-005-2026030,SHDA225
GEO162-006-2026010,ABA568
GEO162-006-2026010,CMHI238
GEO162-006-2026030,ABA568
GEO162-006-2026030,SHDA225
GEO172-001-2026010,KWA308
GEO172-201-2026030,IJA241
GEO200-001-2026030,PEHRA2
GEO210-001-2026010,RKA303
GEO210-001-2026010,ZOOK
GEO210-002-2026010,RKA303
GEO210-002-2026010,ZOOK
GEO210-003-2026010,RKA303
GEO210-003-2026010,ZOOK
GEO220-001-2026010,AWOOD6
GEO220-001-2026030,SCH462
GEO220-002-2026010,CHO340
GEO220-002-2026010,LPE259
GEO220-002-2026030,BCR251
GEO220-004-2026010,CHO340
GEO220-004-2026010,LPE259
GEO220-006-2026010,CHO340
GEO220-006-2026010,LPE259
GEO220-008-2026010,BCR251
GEO221-001-2026030,MSAME2
GEO222-001-2026010,MSAME2
GEO222-002-2026010,EGA270
GEO222-002-2026030,LPHIL2
GEO222-003-2026010,LPHIL2
GEO230-201-2026010,ALICET
GEO255-001-2026030,MSAME2
GEO261-001-2026010,JAST239
GEO261-001-2026010,KTSU223
GEO261-001-2026030,CMKI240
GEO261-001-2026030,PEHRA2
GEO261-002-2026010,JAST239
GEO261-002-2026010,KNA258
GEO261-003-2026010,JAST239
GEO261-003-2026010,KTSU223
GEO261-004-2026010,JAST239
GEO261-004-2026010,KNA258
GEO261-004-2026030,CMKI240
GEO261-004-2026030,PEHRA2
GEO261-005-2026010,JAST239
GEO261-005-2026010,KTSU223
GEO261-006-2026010,JAST239
GEO261-006-2026010,KNA258
GEO261-006-2026030,CMKI240
GEO261-006-2026030,PEHRA2
GEO261-201-2026010,IJA241
GEO261-202-2026030,VGU239
GEO285-001-2026010,LPHIL2
GEO285-001-2026030,LPHIL2
GEO305-001-2026010,NPLA224
GEO309-001-2026010,JELEVY0
GEO309-001-2026030,IAOL224
GEO309-002-2026010,IAOL224
GEO309-002-2026030,LLI225
GEO316-001-2026030,TMUTE2
GEO316-002-2026030,NSE235
GEO342-001-2026010,PMC243
GEO351-001-2026010,JAST239
GEO361-001-2026030,JELEVY0
GEO362-001-2026010,ABA568
GEO365-001-2026010,LLI225
GEO365-001-2026030,AWOOD6
GEO365-201-2026010,MSAME2
GEO365-201-2026030,ZOOK
GEO399-001-2026010,LPHIL2
GEO399-001-2026030,LPHIL2
GEO399-010-2026050,MWWI222
GEO406-001-2026010,ZOOK
GEO419-001-2026030,LLI225
GEO422-001-2026010,SCHEIN
GEO431-001-2026030,TMUTE2
GEO442G-001-2026030,LPE259
GEO509-001-2026010,MWWI222
GEO560-001-2026010,ABA568
GEO560-001-2026030,ABA568
GEO560-002-2026010,PEHRA2
GEO560-002-2026030,PEHRA2
GEO560-003-2026010,NPLA224
GEO560-003-2026030,NPLA224
GEO560-004-2026010,NPLA224
GEO560-004-2026030,LLI225
GEO560-005-2026010,PMC243
GEO560-005-2026030,PMC243
GEO560-006-2026010,TMUTE2
GEO560-006-2026030,TMUTE2
GEO560-007-2026010,LPE259
GEO560-007-2026030,LPE259
GEO560-008-2026010,LPHIL2
GEO560-008-2026030,LPHIL2
GEO560-009-2026010,GEG207
GEO560-009-2026030,GEG207
GEO560-010-2026010,MSAME2
GEO560-010-2026030,MSAME2
GEO560-011-2026010,SCHATZKI
GEO560-011-2026030,NSE235
GEO560-012-2026010,SCHEIN
GEO560-012-2026030,BLSHEA1
GEO560-013-2026010,NSE235
GEO560-013-2026030,JAST239
GEO560-014-2026010,BLSHEA1
GEO560-014-2026030,ALICET
GEO560-015-2026010,JAST239
GEO560-015-2026030,MWWI222
GEO560-016-2026010,ALICET
GEO560-016-2026030,AWOOD6
GEO560-017-2026010,MWWI222
GEO560-017-2026030,ZOOK
GEO560-018-2026010,AWOOD6
GEO560-019-2026010,ZOOK
GEO560-201-2026030,SCH462
GEO565-001-2026010,SCHATZKI
GEO570-001-2026010,JYA246
GEO600-001-2026010,TMUTE2
GEO609-001-2026030,LLI225
GEO619-001-2026030,LLI225
GEO655-001-2026010,ABA568
GEO655-001-2026030,ZOOK
GEO655-002-2026010,PEHRA2
GEO655-002-2026030,ABA568
GEO655-003-2026010,NPLA224
GEO655-003-2026030,PEHRA2
GEO655-004-2026010,LLI225
GEO655-004-2026030,NPLA224
GEO655-005-2026010,PMC243
GEO655-005-2026030,LLI225
GEO655-006-2026010,TMUTE2
GEO655-006-2026030,PMC243
GEO655-007-2026010,LPE259
GEO655-007-2026030,TMUTE2
GEO655-008-2026010,LPHIL2
GEO655-008-2026030,LPE259
GEO655-009-2026010,GEG207
GEO655-009-2026030,LPHIL2
GEO655-010-2026010,MSAME2
GEO655-010-2026030,GEG207
GEO655-011-2026010,SCHATZKI
GEO655-011-2026030,MSAME2
GEO655-012-2026010,SCHEIN
GEO655-012-2026030,NSE235
GEO655-013-2026010,NSE235
GEO655-013-2026030,BLSHEA1
GEO655-014-2026010,BLSHEA1
GEO655-014-2026030,JAST239
GEO655-015-2026010,JAST239
GEO655-015-2026030,ALICET
GEO655-016-2026010,ALICET
GEO655-016-2026030,MWWI222
GEO655-017-2026010,MWWI222
GEO655-017-2026030,AWOOD6
GEO655-018-2026010,AWOOD6
GEO655-019-2026010,ZOOK
GEO702-001-2026010,PEHRA2
GEO718-001-2026030,ABA568
GEO722-001-2026010,PMC243
GEO741-001-2026010,MWWI222
GEO748-001-2026010,NPLA224
GEO748-001-2026030,NPLA224
GEO749-001-2026010,NPLA224
GEO749-001-2026030,NPLA224
GEO757-001-2026010,NPLA224
GEO757-001-2026030,NPLA224
GEO767-001-2026010,NPLA224
GEO767-001-2026030,NPLA224
GEO768-001-2026010,NPLA224
GEO768-001-2026030,NPLA224
GEO769-001-2026030,NPLA224
GEO772-001-2026010,NPLA224
GEO772-001-2026030,NPLA224
GER011-001-2026010,BRBR224
GER101-001-2026010,CERO269
GER101-001-2026030,HHOEBU
GER101-002-2026010,RDA235
GER101-002-2026030,CERO269
GER101-003-2026010,EASM234
GER101-004-2026010,VOOL222
GER102-001-2026010,CERO269
GER102-001-2026030,DLE341
GER102-002-2026030,BRBR224
GER102-003-2026030,HHERZOG
GER103-001-2026030,RDA235
GER103-001-2026030,VOOL222
GER201-001-2026010,EASM234
GER201-001-2026030,HHERZOG
GER201-002-2026010,HHERZOG
GER202-002-2026030,RDA235
GER305-001-2026030,DLE341
GER305-001-2026030,NJROGE2
GER307-001-2026010,RDA235
GER318-001-2026030,NJROGE2
GER352-001-2026030,BRBR224
GER361-001-2026010,HHERZOG
GER363-001-2026010,BRBR224
GER395-001-2026030,HHERZOG
GER395-002-2026030,BRBR224
GER507-001-2026010,RDA235
GER553-001-2026010,BRJA230
GER650-001-2026010,HHERZOG
GER653-001-2026010,BRBR224
GER653-001-2026030,NJROGE2
GER653-002-2026010,BRBR224
GER721-001-2026010,BRBR224
GER781-001-2026030,HHERZOG
GER781-002-2026030,BRBR224
GER781-003-2026030,RDA235
GRK101-001-2026010,JBR454
GRK102-001-2026030,JBR454
GRK201-001-2026010,VCVA222
GRN767-001-2026030,GEG173
GS610-401-2026010,EASO222
GS610-401-2026030,EASO222
GS630-001-2026030,MLWA258
GS640-001-2026010,LKHURS0
GS650-401-2026010,DSC272
GS650-401-2026030,SFFE222
GS695-010-2026050,MAGRUB2
GS699-001-2026010,MJPI235
GS699-001-2026030,MJPI235
GS699-010-2026050,MAGRUB2
GS699-011-2026050,MAGRUB2
GS699-201-2026030,MJPI235
GWS200-001-2026010,MNST227
GWS200-001-2026010,YJON222
GWS200-002-2026030,FHE228
GWS200-002-2026030,IHA256
GWS200-210-2026050,ICWI226
GWS201-001-2026010,ATO257
GWS201-001-2026010,IHA256
GWS201-001-2026030,AHA270
GWS201-001-2026030,YJON222
GWS201-002-2026010,RLE277
GWS201-002-2026030,JZH362
GWS201-003-2026010,SSH398
GWS201-004-2026010,SSH398
GWS201-004-2026030,SSH398
GWS201-005-2026030,SSH398
GWS201-201-2026010,JMA483
GWS201-201-2026030,FHE228
GWS201-202-2026030,RLE277
GWS201-210-2026050,RLE277
GWS201-211-2026050,YJON222
GWS250-001-2026010,SPA454
GWS250-001-2026030,FHE228
GWS250-002-2026010,SSH398
GWS250-210-2026050,CCH397
GWS300-002-2026010,JHU364
GWS301-001-2026010,JHU364
GWS301-001-2026030,AHA270
GWS301-003-2026030,ATO257
GWS301-201-2026030,SSH398
GWS302-001-2026010,ATO257
GWS302-001-2026030,SPA454
GWS302-003-2026010,YZH354
GWS302-004-2026010,TWHIT2
GWS309-201-2026010,SSH398
GWS309-201-2026030,JMA483
GWS309-202-2026030,SSH398
GWS340-001-2026010,JRSA256
GWS340-001-2026030,JRSA256
GWS350-001-2026010,EWWI223
GWS399-001-2026030,MNST227
GWS600-001-2026010,ERBARR2
GWS600-001-2026010,EWWI223
GWS600-001-2026030,POL164
GWS630-001-2026030,JHU364
GWS650-001-2026010,YZH354
GWS690-001-2026030,FHE228
GWS690-006-2026030,MNST227
GWS700-001-2026030,CAMA239
HDF250-001-2026010,KKR234
HDF250-001-2026030,KKR234
HDF250-002-2026030,CKBU226
HDF250-230-2026020,KKR234
HDF251-001-2026010,HKIM3
HDF251-001-2026030,HKIM3
HDF251-002-2026010,DBRO223
HDF251-002-2026030,TLI296
HDF251-201-2026010,JBY238
HDF251-201-2026030,JBY238
HDF251-202-2026010,JBY238
HDF251-202-2026030,JBY238
HDF251-210-2026050,HKIM3
HDF251-230-2026020,HKIM3
HDF252-001-2026030,SGH260
HDF252-002-2026030,SGH260
HDF253-201-2026010,JHANS2
HDF253-201-2026030,JHANS2
HDF253-210-2026050,JHANS2
HDF254-001-2026010,KKR234
HDF254-001-2026030,KNHE261
HDF254-002-2026010,KKR234
HDF254-002-2026030,KNHE261
HDF254-230-2026020,AVA233
HDF301-001-2026010,EJBO226
HDF301-230-2026020,EJBO226
HDF302-001-2026030,EJBO226
HDF350-001-2026030,HKIM3
HDF354-201-2026010,PDYK
HDF354-201-2026030,EFAK223
HDF354-202-2026010,PDYK
HDF354-202-2026030,EFAK223
HDF357-001-2026010,AVA233
HDF357-001-2026030,AVA233
HDF357-002-2026010,AVA233
HDF357-230-2026020,AVA233
HDF360-001-2026030,KKR234
HDF390-001-2026030,KKR234
HDF473-001-2026030,KNHE261
HDF495-010-2026050,AVA233
HDF497-201-2026010,PDYK
HDF497-201-2026010,RLJO258
HDF499-001-2026010,PDYK
HDF499-001-2026010,RLJO258
HDF499-001-2026030,RLJO258
HDF500-001-2026030,EJBO226
HDF519-201-2026030,JLGAMB00
HDF519-202-2026030,KKSH225
HDI350-001-2026010,RPWO222
HDI400-401-2026010,RPWO222
HDI400-401-2026030,RPWO222
HDI500-001-2026010,RPWO222
HDI500-001-2026030,RPWO222
HDI600-001-2026010,RPWO222
HDI600-201-2026010,RPWO222
HDI601-001-2026010,WHBOWE2
HDI602-001-2026030,RPWO222
HDI602-201-2026030,RPWO222
HDI603-001-2026030,WHBOWE2
HDI603-201-2026010,WHBOWE2
HDI603-201-2026030,WHBOWE2
HDI604-201-2026010,WHBOWE2
HDI604-201-2026030,WHBOWE2
HDI604-210-2026050,WHBOWE2
HDI605-001-2026030,RPWO222
HDI605-010-2026050,RPWO222
HHS102-001-2026030,AMDUNN2
HHS120-001-2026010,HMAN224
HHS241-001-2026010,EAOH222
HHS241-001-2026010,SMDELO2
HHS241-001-2026030,SMDELO2
HHS241-002-2026010,SMDELO2
HHS241-002-2026030,RKWO225
HHS241-002-2026030,SMDELO2
HHS241-003-2026010,RKWO225
HHS241-003-2026030,EAOH222
HHS241-003-2026030,SMDELO2
HHS241-004-2026010,SMDELO2
HHS241-004-2026030,RKWO225
HHS241-004-2026030,SMDELO2
HHS241-005-2026010,EAOH222
HHS241-005-2026030,SMDELO2
HHS241-006-2026010,RKWO225
HHS241-006-2026030,EAOH222
HHS241-006-2026030,SMDELO2
HHS241-201-2026010,ASAN227
HHS241-201-2026030,ASAN227
HHS241-202-2026010,ASAN227
HHS262-001-2026010,ALVO223
HHS262-002-2026010,ALVO223
HHS262-003-2026010,ALVO223
HHS262-201-2026030,ALVO223
HHS262-202-2026030,ALVO223
HHS262-203-2026030,ALVO223
HHS262-204-2026030,ALVO223
HHS300-001-2026010,RRREME2
HHS300-001-2026030,RRREME2
HHS300-002-2026030,RRREME2
HHS350-001-2026010,KPGOLD2
HHS350-001-2026030,KPGOLD2
HHS350-002-2026010,LHO223
HHS350-002-2026030,KPGOLD2
HHS350-003-2026010,KPGOLD2
HHS353-001-2026010,TLMA237
HHS353-001-2026030,KPGOLD2
HHS353-002-2026030,ASAN231
HHS353-003-2026030,TLMA237
HHS353-201-2026010,KCLANCY
HHS353-202-2026010,KCLANCY
HHS356-001-2026010,BOF222
HHS356-001-2026030,BOF222
HHS356-002-2026010,CLFREA2
HHS356-002-2026030,CLFREA2
HHS356-003-2026010,BOF222
HHS356-003-2026030,CLFREA2
HHS361-001-2026010,MCH266
HHS361-001-2026030,MCH266
HHS361-002-2026010,KIWE222
HHS361-201-2026010,JSA246
HHS361-201-2026010,KSA288
HHS361-201-2026030,JSA246
HHS361-201-2026030,KSA288
HHS361-202-2026030,JSA246
HHS361-202-2026030,KSA288
HHS395-002-2026030,RRREME2
HHS395-003-2026030,SCAVE2
HHS395-004-2026030,BWH229
HHS395-005-2026030,MCH266
HHS395-006-2026030,KOSKAF0
HHS395-007-2026030,KCLANCY
HHS395-008-2026030,CLFREA2
HHS395-009-2026030,JLFIEL2
HHS395-010-2026030,DTH225
HHS395-010-2026050,SCAVE2
HHS395-011-2026030,SLHERR1
HHS400G-001-2026030,DTH225
HHS402G-001-2026010,TBUTTE2
HHS450-001-2026010,GPI222
HHS451-001-2026010,KMSCHU01
HHS453-001-2026030,CLFREA2
HHS453-002-2026030,NSE231
HHS453-003-2026010,CLFREA2
HHS453-005-2026010,KPGOLD2
HHS453-201-2026010,ALVO223
HHS454-001-2026010,KIWE222
HHS454-001-2026030,KIWE222
HHS454-002-2026010,JLFIEL2
HHS454-002-2026030,RRREME2
HHS454-003-2026010,JLFIEL2
HHS454-003-2026030,JLFIEL2
HHS454-005-2026010,KIWE222
HHS454-006-2026010,OCH237
HHS455-001-2026030,RANDR2
HHS455-010-2026050,RANDR2
HHS470-710-2026050,BOF222
HHS480-001-2026010,MCH266
HHS480-002-2026010,RRREME2
HHS495-001-2026010,KPGOLD2
HHS495-001-2026030,JLFIEL2
HHS495-002-2026030,JLFIEL2
HHS495-003-2026030,KIWE222
HHS495-004-2026030,KIWE222
HIS100-001-2026010,DECL223
HIS100-003-2026010,DECL223
HIS100-004-2026010,DECL223
HIS104-001-2026010,ELMYRU2
HIS104-001-2026030,ELMYRU2
HIS104-002-2026010,AMRA265
HIS104-002-2026010,ELMYRU2
HIS104-002-2026030,ABPO231
HIS104-002-2026030,ELMYRU2
HIS104-003-2026010,ABPO231
HIS104-003-2026010,ELMYRU2
HIS104-003-2026030,ACWI285
HIS104-003-2026030,ELMYRU2
HIS104-004-2026010,ELMYRU2
HIS104-004-2026010,SAGA233
HIS104-004-2026030,ELMYRU2
HIS104-004-2026030,MCLY224
HIS104-005-2026010,ELMYRU2
HIS104-005-2026010,NNSA224
HIS104-005-2026030,ELMYRU2
HIS104-005-2026030,MCLY224
HIS104-006-2026010,ELMYRU2
HIS104-006-2026010,SAGA233
HIS104-006-2026030,ABPO231
HIS104-006-2026030,ELMYRU2
HIS104-007-2026010,ABPO231
HIS104-007-2026010,ELMYRU2
HIS104-007-2026030,ELMYRU2
HIS104-007-2026030,MCLY224
HIS104-008-2026010,AMRA265
HIS104-008-2026010,ELMYRU2
HIS104-008-2026030,ABPO231
HIS104-008-2026030,ELMYRU2
HIS104-009-2026010,AMRA265
HIS104-009-2026010,ELMYRU2
HIS104-009-2026030,ACWI285
HIS104-009-2026030,ELMYRU2
HIS104-010-2026010,ABPO231
HIS104-010-2026010,ELMYRU2
HIS104-010-2026030,ACWI285
HIS104-010-2026030,ELMYRU2
HIS104-011-2026010,ELMYRU2
HIS104-011-2026010,SAGA233
HIS104-012-2026010,ELMYRU2
HIS104-012-2026010,NNSA224
HIS104-013-2026010,ELMYRU2
HIS104-013-2026010,NNSA224
HIS104-210-2026050,ELMYRU2
HIS105-001-2026010,DLWI269
HIS105-001-2026010,SCOCUL2
HIS105-001-2026030,AFJE223
HIS105-001-2026030,TWHIT2
HIS105-002-2026010,DLWI269
HIS105-002-2026010,JPKI236
HIS105-002-2026030,AFJE223
HIS105-002-2026030,TWHIT2
HIS105-003-2026010,ARI302
HIS105-003-2026010,DLWI269
HIS105-003-2026030,AFJE223
HIS105-003-2026030,TWHIT2
HIS105-004-2026010,DLWI269
HIS105-004-2026010,JPKI236
HIS105-005-2026010,ARI302
HIS105-005-2026010,DLWI269
HIS105-006-2026010,DLWI269
HIS105-006-2026010,JPKI236
HIS105-007-2026010,ARI302
HIS105-007-2026010,DLWI269
HIS105-008-2026010,DLWI269
HIS105-008-2026010,SCOCUL2
HIS105-009-2026010,DLWI269
HIS105-009-2026010,SCOCUL2
HIS108-001-2026010,ACA334
HIS108-001-2026010,MSUMM2
HIS108-001-2026030,AAED225
HIS108-001-2026030,AMTA237
HIS108-002-2026010,MSUMM2
HIS108-002-2026010,RNHE229
HIS108-002-2026030,AMTA237
HIS108-002-2026030,RNHE229
HIS108-003-2026010,MSUMM2
HIS108-003-2026010,RAKE236
HIS108-004-2026010,ACA334
HIS108-004-2026010,MSUMM2
HIS108-005-2026010,MSUMM2
HIS108-005-2026010,RNHE229
HIS108-005-2026030,AMTA237
HIS108-005-2026030,JPKI236
HIS108-006-2026010,MSUMM2
HIS108-006-2026010,RAKE236
HIS108-006-2026030,AMTA237
HIS108-006-2026030,JPKI236
HIS108-007-2026010,ACA334
HIS108-007-2026010,MSUMM2
HIS108-008-2026010,MSUMM2
HIS108-008-2026010,RNHE229
HIS108-008-2026030,AMTA237
HIS108-008-2026030,JPKI236
HIS108-009-2026010,MSUMM2
HIS108-009-2026010,RAKE236
HIS108-009-2026030,AMTA237
HIS108-009-2026030,RNHE229
HIS108-010-2026030,AMTA237
HIS108-010-2026030,RNHE229
HIS108-210-2026050,SCOCUL2
HIS109-001-2026010,DEHAMI01
HIS109-001-2026030,ACA334
HIS109-001-2026030,MSUMM2
HIS109-002-2026010,DEHAMI01
HIS109-002-2026030,AMRA265
HIS109-002-2026030,MSUMM2
HIS109-003-2026010,KHE241
HIS109-003-2026010,NBR265
HIS109-003-2026030,AMRA265
HIS109-003-2026030,MSUMM2
HIS109-004-2026010,NBR265
HIS109-004-2026010,VPR230
HIS109-004-2026030,ACA334
HIS109-004-2026030,MSUMM2
HIS109-005-2026010,NBR265
HIS109-005-2026010,VPR230
HIS109-005-2026030,AMRA265
HIS109-005-2026030,MSUMM2
HIS109-006-2026010,NBR265
HIS109-006-2026010,VPR230
HIS109-006-2026030,MSUMM2
HIS109-006-2026030,RAKE236
HIS109-007-2026010,NBR265
HIS109-007-2026010,VPR230
HIS109-007-2026030,MSUMM2
HIS109-007-2026030,RAKE236
HIS109-008-2026010,KHE241
HIS109-008-2026010,NBR265
HIS109-009-2026010,MCLY224
HIS109-009-2026010,NBR265
HIS109-009-2026030,MSUMM2
HIS109-009-2026030,RAKE236
HIS109-010-2026010,KHE241
HIS109-010-2026010,NBR265
HIS109-011-2026010,NBR265
HIS109-011-2026010,VPR230
HIS109-011-2026030,ACA334
HIS109-011-2026030,MSUMM2
HIS109-012-2026010,MCLY224
HIS109-012-2026010,NBR265
HIS109-013-2026010,NBR265
HIS109-013-2026010,VPR230
HIS109-014-2026010,MCLY224
HIS109-014-2026010,NBR265
HIS109-210-2026050,GDFR224
HIS109-601-2026030,MLBEAL0
HIS109-603-2026030,MLBEAL0
HIS109-604-2026030,MLBEAL0
HIS109-605-2026030,MLBEAL0
HIS109-606-2026030,MLBEAL0
HIS109-607-2026030,MLBEAL0
HIS109-608-2026030,MLBEAL0
HIS109-609-2026030,MLBEAL0
HIS109-610-2026030,MLBEAL0
HIS109-611-2026030,MLBEAL0
HIS109-612-2026030,MLBEAL0
HIS112-001-2026010,KDNE229
HIS112-001-2026030,KDNE229
HIS112-001-2026030,KHE241
HIS112-002-2026010,AFJE223
HIS112-002-2026010,MLBEAL0
HIS112-002-2026030,KDNE229
HIS112-002-2026030,KHE241
HIS112-003-2026030,KDNE229
HIS112-003-2026030,SCOCUL2
HIS112-004-2026010,MLBEAL0
HIS112-004-2026010,TLSM242
HIS112-004-2026030,KDNE229
HIS112-004-2026030,SCOCUL2
HIS112-005-2026010,MLBEAL0
HIS112-005-2026010,TLSM242
HIS112-005-2026030,KDNE229
HIS112-005-2026030,KHE241
HIS112-006-2026010,AFJE223
HIS112-006-2026010,MLBEAL0
HIS112-006-2026030,KDNE229
HIS112-006-2026030,SCOCUL2
HIS112-007-2026010,AFJE223
HIS112-007-2026010,MLBEAL0
HIS112-009-2026010,MLBEAL0
HIS112-009-2026010,TLSM242
HIS112-010-2026010,AAED225
HIS112-010-2026010,MLBEAL0
HIS119-001-2026010,JMCL249
HIS119-001-2026030,JMCL249
HIS121-001-2026030,DLWI269
HIS121-001-2026030,NNSA224
HIS121-002-2026030,DLWI269
HIS121-002-2026030,TLSM242
HIS121-003-2026030,DLWI269
HIS121-003-2026030,TLSM242
HIS121-004-2026030,DLWI269
HIS121-004-2026030,NNSA224
HIS121-005-2026030,DLWI269
HIS121-005-2026030,NNSA224
HIS121-006-2026030,DLWI269
HIS121-006-2026030,TLSM242
HIS121-201-2026030,DEHAMI01
HIS121-210-2026050,ARI302
HIS191-001-2026010,JBR454
HIS202-001-2026010,TWHIT2
HIS203-001-2026030,TWHIT2
HIS206-001-2026010,ELMYRU2
HIS206-002-2026010,MDI235
HIS207-001-2026010,FRCLOPZ
HIS208-001-2026010,DSBE239
HIS229-001-2026010,DJGARG01
HIS230-001-2026030,DJGARG01
HIS253-001-2026010,HJJO231
HIS254-001-2026030,SRDA227
HIS260-001-2026010,NBR265
HIS261-001-2026030,ARI302
HIS295-001-2026010,ECMO232
HIS301-001-2026010,JMCL249
HIS301-001-2026030,MADI255
HIS301-002-2026010,MADI255
HIS301-002-2026030,TWHIT2
HIS302-001-2026010,MLBEAL0
HIS309-001-2026030,DWH249
HIS320-001-2026010,AROV223
HIS320-001-2026030,AROV223
HIS323-001-2026010,DLWI269
HIS323-001-2026030,PETRONE
HIS323-002-2026030,DLWI269
HIS325-001-2026030,TRACAMP
HIS351-001-2026010,GCWR223
HIS351-001-2026030,AMTA237
HIS351-002-2026010,ATA225
HIS351-002-2026030,KDNE229
HIS351-003-2026030,GCWR223
HIS351-004-2026030,JBST264
HIS352-001-2026010,DLWI269
HIS352-002-2026030,JBST264
HIS352-210-2026050,ELMYRU2
HIS353-001-2026010,HJJO231
HIS353-002-2026030,DLWI269
HIS354-001-2026010,ELMYRU2
HIS354-001-2026030,MDI235
HIS355-001-2026030,DSBE239
HIS355-002-2026010,DSBE239
HIS357-001-2026010,ATA225
HIS358-001-2026030,ATA225
HIS363-201-2026010,GLSMIT01
HIS363-201-2026030,GLSMIT01
HIS363-202-2026010,GLSMIT01
HIS363-202-2026030,GLSMIT01
HIS363-210-2026050,GLSMIT01
HIS371-001-2026010,AFIRE2
HIS373-001-2026030,SKTA222
HIS378-001-2026030,SKTA222
HIS385-001-2026010,PETRONE
HIS390-001-2026030,DSKING5
HIS391-001-2026010,JBST264
HIS395-001-2026030,DJGARG01
HIS395-002-2026030,GCWR223
HIS395-003-2026030,ELMYRU2
HIS395-009-2026030,AFIRE2
HIS396-001-2026030,ECMO232
HIS402-001-2026010,TWHIT2
HIS460-001-2026010,MSUMM2
HIS461-001-2026030,MSUMM2
HIS463-001-2026030,MSUMM2
HIS467-001-2026030,TRACAMP
HIS499-001-2026010,TRACAMP
HIS499-002-2026010,ECMO232
HIS499-002-2026030,DEHAMI01
HIS499-003-2026030,MDI235
HIS501-001-2026030,DJGARG01
HIS509-001-2026010,DJGARG01
HIS564-001-2026030,ELMYRU2
HIS576-001-2026010,MSUMM2
HIS583-001-2026010,DVI233
HIS595-001-2026010,GCWR223
HIS595-001-2026030,GCWR223
HIS595-002-2026010,JWFE223
HIS595-002-2026030,DSBE239
HIS595-003-2026010,DVI233
HIS595-004-2026010,PJKALL2
HIS595-005-2026010,DSBE239
HIS606-001-2026010,AFIRE2
HIS641-001-2026030,ACCU226
HIS650-001-2026010,SKTA222
HIS650-001-2026030,ECMO232
HIS650-002-2026010,FRCLOPZ
HIS695-009-2026030,PKE235
HIS695-010-2026030,PKE235
HIS695-011-2026030,SKTA222
HIS695-012-2026030,AMTA237
HIS695-013-2026030,NBR265
HIS695-015-2026030,PKE235
HIS695-016-2026030,GCWR223
HIS700-001-2026010,KDNE229
HIS700-401-2026030,HJJO231
HIS701-001-2026010,TRACAMP
HIS701-001-2026030,JMCL249
HIS748-001-2026030,HJJO231
HIS748-010-2026050,HJJO231
HIS748-011-2026050,HJJO231
HIS749-001-2026010,HJJO231
HIS749-001-2026030,HJJO231
HIS750-001-2026030,HJJO231
HIS757-001-2026010,HJJO231
HIS757-001-2026030,HJJO231
HIS767-001-2026010,HJJO231
HIS767-001-2026030,HJJO231
HIS767-010-2026050,HJJO231
HIS767-011-2026050,HJJO231
HIS768-001-2026030,HJJO231
HIS769-001-2026030,HJJO231
HJS101-001-2026010,JBST264
HJS102-001-2026030,JBST264
HJS110-001-2026010,MCH321
HJS110-002-2026010,JBST264
HJS201-001-2026010,MCH321
HJS325-001-2026010,DLWI269
HJS326-001-2026030,JBST264
HJS425-002-2026030,JBST264
HJS495-001-2026010,MCH321
HJS495-002-2026010,MCH321
HMN300-701-2026030,RSISON2
HMN301-001-2026010,BMER226
HMN301-001-2026010,CLBRIS4
HMN301-001-2026010,JDU282
HMN302-001-2026030,CLBRIS4
HMN302-001-2026030,JSFRIE0
HMN302-001-2026030,RECO242
HMN302-001-2026030,RJONES
HMN303-001-2026030,DJTAYL2
HMN303-001-2026030,RBR233
HMN303-010-2026050,CLBRIS4
HMN303-701-2026050,CLBRIS4
HMN497-001-2026010,CLBRIS4
HMN497-001-2026010,MRSIZE0
HMN497-001-2026030,CLBRIS4
HMN497-001-2026030,MRSIZE0
HMN497-001-2026050,MRSIZE0
HMT120-001-2026010,RME247
HMT120-001-2026030,RME247
HMT120-002-2026010,RME247
HMT120-002-2026030,RME247
HMT210-201-2026030,YKA251
HMT270-001-2026010,JRSW222
HMT308-001-2026030,RME247
HMT320-001-2026010,YKA251
HMT350-001-2026010,RME247
HMT414-001-2026030,GDWA225
HMT414-002-2026030,GDWA225
HMT420-201-2026030,RME247
HMT420-230-2026020,RME247
HMT560-201-2026030,YLU232
HMT560-202-2026030,YLU232
HMT570-001-2026010,YLU232
HMT570-201-2026010,YLU232
HMT580-201-2026030,JRSW222
HMT580-202-2026030,JRSW222
HMT588-201-2026010,JRSW222
HMT588-202-2026010,JRSW222
HON100-001-2026010,JCO228
HON100-001-2026010,LLKOPP2
HON100-001-2026030,JCO228
HON100-001-2026030,LLKOPP2
HON140-001-2026010,TMTU228
HON140-001-2026030,SRPI232
HON140-002-2026010,TMTU228
HON140-002-2026030,NSA251
HON140-003-2026010,DHFA226
HON140-003-2026030,DJKI227
HON140-004-2026010,DHFA226
HON140-004-2026030,KLSE223
HON140-005-2026010,DJKI227
HON140-005-2026030,NSA251
HON140-006-2026010,DJKI227
HON140-006-2026030,ZKO222
HON140-007-2026010,RJVO223
HON140-007-2026030,RJVO223
HON140-008-2026010,RJVO223
HON140-008-2026030,TMTU228
HON140-009-2026010,ZKO222
HON140-010-2026010,ZKO222
HON140-010-2026030,JSE272
HON140-011-2026010,KLSE223
HON140-011-2026030,JEBO259
HON140-012-2026010,KLSE223
HON140-012-2026030,KLSE223
HON140-013-2026010,NSA251
HON140-014-2026010,NSA251
HON140-015-2026010,JSE272
HON140-016-2026010,JSE272
HON140-017-2026010,JEBO259
HON140-018-2026010,JEBO259
HON140-019-2026010,SRPI232
HON140-020-2026010,SRPI232
HON151-001-2026010,DJKI227
HON151-001-2026030,DJKI227
HON151-002-2026010,EVYU222
HON151-002-2026030,EVYU222
HON151-003-2026010,JMU262
HON151-004-2026010,JMABNE2
HON151-004-2026010,RECO242
HON152-001-2026010,KLSE223
HON152-002-2026010,LHBRAD2
HON152-002-2026030,JUNRI2
HON152-003-2026010,KDSARGE
HON152-003-2026030,FDE226
HON152-003-2026030,SDE246
HON152-004-2026010,ACEL229
HON152-005-2026010,TKLOGAN
HON201-001-2026010,AMA641
HON251-001-2026010,ZKO222
HON251-002-2026010,RJVO223
HON251-002-2026030,ZKO222
HON251-003-2026010,JCMA255
HON251-003-2026030,SRPI232
HON251-004-2026030,MCBIRD0
HON251-005-2026010,BAHU239
HON251-005-2026030,TDSTRA00
HON251-006-2026010,MRBL226
HON251-006-2026030,JSFRIE0
HON251-007-2026030,ZKO222
HON252-001-2026030,DHFA226
HON252-002-2026010,JEBO259
HON252-002-2026030,JSE272
HON252-003-2026010,JSE272
HON252-003-2026030,JSE272
HON252-004-2026010,BRBR224
HON252-005-2026010,MVWE222
HON252-005-2026030,JEBO259
HON301-001-2026010,BGARV0
HON301-001-2026030,KLSE223
HON301-002-2026030,MRBAKE00
HON301-002-2026030,PDHISL2
HON301-003-2026030,AMACH0
HON301-003-2026030,DKORRE2
HON301-006-2026030,KDSARGE
HON301-008-2026030,AFIRE2
HON301-710-2026050,PJAME2
HON310-001-2026010,DHFA226
HON310-001-2026030,CLBRIS4
HON310-002-2026010,TMTU228
HON310-002-2026030,DJKI227
HON310-003-2026010,CLBRIS4
HON310-003-2026030,RJVO223
HON310-004-2026030,CCL235
HON310-005-2026030,EVYU222
HON310-006-2026030,KLSE223
HON334-710-2026050,SCFOST2
HON350-001-2026010,NSA251
HON350-001-2026030,NSA251
HON350-002-2026010,EVYU222
HON350-002-2026030,EVYU222
HON352-710-2026050,SCFOST2
HON352-711-2026050,PJAME2
HON352-712-2026050,RJVO223
HON360-001-2026010,SRPI232
HON360-001-2026030,SRPI232
HON360-002-2026010,KBMC229
HON386-010-2026050,RJVO223
HON390-001-2026010,AMA641
HON390-001-2026030,JEBO259
HON393-001-2026010,EJHA246
HON393-001-2026030,EJHA246
HON393-002-2026010,RNE229
HON393-002-2026030,RNE229
HON393-003-2026010,EJHA246
HON393-003-2026030,EJHA246
HON393-004-2026030,RNE229
HON393-006-2026010,RNE229
HON394-001-2026010,JCO228
HON394-001-2026010,LLKOPP2
HON394-001-2026030,KAST253
HON395-001-2026010,CLFREA2
HON395-002-2026010,TMTU228
HON395-003-2026010,LLKOPP2
HON395-003-2026030,KCO326
HON395-004-2026010,VVE228
HON395-005-2026010,CJWI284
HON395-006-2026010,JLOSTE0
HON395-006-2026030,JLOSTE0
HON395-007-2026010,DJKI227
HON395-008-2026010,CJWI284
HON395-009-2026010,DHILD
HON395-009-2026030,RSISON2
HON395-010-2026010,EEDUPO2
HON395-010-2026010,KPMAYE2
HON395-010-2026030,TMTU228
HON395-010-2026050,KLSE223
HON395-011-2026030,ZKO222
HON395-012-2026030,DHILD
HON395-013-2026030,RJVO223
HON395-014-2026030,KLSE223
HON395-015-2026030,JACLYM3
HON395-017-2026030,NSA251
HON395-020-2026030,TGA222
HON399-001-2026010,NSA251
HON399-001-2026020,SCFOST2
HON399-001-2026030,AMA641
HON399-002-2026030,AMA641
HON399-003-2026030,AKCL233
HON399-004-2026030,SST290
HON491-001-2026010,RLCOOP1
HON491-001-2026030,ZKO222
HON491-002-2026010,RJVO223
HON491-002-2026030,ACEL229
HON491-003-2026010,TYA229
HON491-003-2026030,KDSARGE
HON491-004-2026010,MPMURP3
HON491-004-2026030,SRPI232
HON491-005-2026010,JMORG2
HON491-005-2026030,JMC255
HON491-006-2026010,PHKITZ1
HON491-006-2026030,RSAND1
HON491-007-2026010,CLU247
HON491-007-2026030,ACEL229
HON491-008-2026010,ABA237
HON491-008-2026030,JMC255
HON491-009-2026010,SKPHEL0
HON491-009-2026030,KAMC300
HON491-010-2026010,PRENDER
HON491-010-2026030,RJVO223
HON491-011-2026010,MRSIZE0
HON491-011-2026030,KSAAT2
HON491-012-2026010,MLBEAL0
HON491-012-2026030,AFM
HON491-013-2026010,PHKITZ1
HON491-013-2026030,HHBARL0
HON491-014-2026010,JLCLAS0
HON491-014-2026030,VLTO223
HON491-015-2026010,JALLISO
HON491-015-2026030,KALE244
HON491-016-2026010,HBE233
HON491-016-2026030,CCL235
HON491-017-2026010,FYSE222
HON491-017-2026030,CKE225
HON491-018-2026010,RLCOOP1
HON491-018-2026030,CLBRIS4
HON491-019-2026010,RSAND1
HON491-019-2026030,MLBEAL0
HON491-020-2026010,AMI338
HON491-020-2026030,EASWAN2
HON491-021-2026010,MCLET
HON491-021-2026030,RWATE2
HON491-022-2026010,DJKI227
HON491-022-2026030,DJKI227
HON491-023-2026010,CKAKIN1
HON491-023-2026030,LMBO233
HON491-024-2026010,LRKR224
HON491-024-2026030,GCWR223
HON491-025-2026010,BASM240
HON491-025-2026030,IABO222
HON491-026-2026010,BRE257
HON491-026-2026030,DZIEB2
HON491-027-2026010,LRKR224
HON491-027-2026030,JMCDO2
HON491-028-2026010,SPSAND1
HON491-028-2026030,SWHANK2
HON491-029-2026010,KLROGE1
HON491-030-2026010,TMARK2
HON491-030-2026030,IMEB222
HON491-031-2026010,AMA641
HON491-031-2026030,PRENDER
HON491-032-2026010,ALVO223
HON491-032-2026030,RLCOOP1
HON491-033-2026010,DHJE223
HON491-033-2026030,SDRE231
HON491-034-2026030,SKPATE2
HON491-035-2026010,SJCH239
HON491-035-2026030,HPI223
HON491-036-2026010,DJKI227
HON491-036-2026030,ANGRIM2
HON491-037-2026010,JLSMIT0
HON491-037-2026030,TSU224
HON491-038-2026010,DSI271
HON491-038-2026030,MBKARP2
HON491-039-2026030,CKAKIN1
HON491-040-2026030,PHKITZ1
HON491-041-2026030,WJAL223
HON491-042-2026030,POR223
HON491-043-2026030,JCGE224
HON491-044-2026030,ACMO224
HON491-045-2026030,JMC255
HON491-046-2026030,ZKO222
HON491-047-2026030,CLBRIS4
HON491-048-2026030,EEDUPO2
HON491-049-2026030,KLSE223
HON491-050-2026030,RJVO223
HON491-051-2026030,SJCH239
HON491-052-2026030,ULCA222
HON491-053-2026030,DJKI227
HON491-054-2026030,MNPEIR3
HON491-055-2026030,AWSE225
HON491-056-2026030,JRCA230
HON491-057-2026030,KJHOLM2
HON491-058-2026030,HSA225
HON491-059-2026030,JSH278
HON491-060-2026030,DCHUN2
HON491-061-2026030,JEQUIN0
HON491-066-2026030,RANDR2
HON491-067-2026030,WJAL223
HON491-068-2026030,SGGO228
HON491-073-2026030,CAST278
HON491-074-2026030,EAMELV0
HON491-075-2026030,CLU247
HON491-076-2026030,TMTU228
HON491-077-2026030,MLDO236
HP200-001-2026010,RRO229
HP200-001-2026030,RRO229
HP300-001-2026030,DVI233
HP301-710-2026050,DVI233
HP352-002-2026010,JRIESEN
HP501-001-2026010,JRIESEN
HP501-001-2026030,RRO229
HP501-002-2026010,DVI233
HP501-002-2026030,DVI233
HP501-003-2026010,DRAP222
HP501-003-2026030,DABOYD2
HP501-004-2026010,JRIESEN
HP501-004-2026030,JDBREW2
HP501-201-2026010,EBE235
HP501-201-2026030,DLKI234
HP501-710-2026050,DVI233
HP510-201-2026030,JRIESEN
HP583-001-2026010,DVI233
HP601-001-2026010,DRAP222
HP601-201-2026010,DRAP222
HP602-201-2026030,EBE235
HP610-001-2026010,JRIESEN
HP611-001-2026030,DVI233
HP612-001-2026010,JRIESEN
HP613-001-2026030,DRAP222
HP613-201-2026010,RRO229
HP614-001-2026010,DVI233
HP616-001-2026030,RRO229
HP617-201-2026010,EBE235
HP675-210-2026050,CCA354
HP699-001-2026010,DRAP222
HP699-001-2026030,DRAP222
HP699-010-2026050,DRAP222
HP748-001-2026010,DRAP222
HP748-001-2026030,DRAP222
HP748-010-2026050,DRAP222
HP785-001-2026010,DRAP222
HP785-001-2026030,DRAP222
HP798-001-2026030,JRIESEN
HP799-001-2026010,DRAP222
HP799-001-2026030,DRAP222
HP799-010-2026050,DRAP222
HRT100-001-2026010,SLY240
HRT200-001-2026030,SLY240
HRT203-001-2026030,SDUTTON
HRT220-001-2026010,RDURHAM
HRT220-002-2026010,RDURHAM
HRT220-003-2026010,RDURHAM
HRT240-001-2026010,SLY240
HRT240-001-2026030,SLY240
HRT240-002-2026010,SLY240
HRT240-002-2026030,SLY240
HRT300-001-2026010,SDUTTON
HRT300-003-2026010,RDURHAM
HRT335-001-2026010,HBE257
HRT335-001-2026030,SDEBO2
HRT335-201-2026010,HBE257
HRT335-201-2026030,HBE257
HRT335-202-2026010,HBE257
HRT335-210-2026050,HBE257
HRT336-001-2026030,JMWHEE5
HRT336-201-2026030,JMWHEE5
HRT337-001-2026010,JMWHEE5
HRT340-001-2026030,SLY240
HRT350-001-2026030,BAR244
HRT350-001-2026030,CHFINN0
HRT399-010-2026050,SLY240
HRT399-011-2026050,SLY240
HRT440-001-2026030,BAR244
HRT440-001-2026030,CHFINN0
HRT490-001-2026010,RDURHAM
HRT490-001-2026030,BAR244
HRT504-001-2026030,ERHA235
HRT520-001-2026010,RERU226
HRT521-001-2026030,BAR244
HRT525-001-2026030,QYI226
HSE595-201-2026030,MRAR224
HSP255-001-2026010,CVBR226
HSP255-001-2026010,KEDI227
HSP255-001-2026030,CVBR226
HSP255-201-2026010,EODA225
HSP255-201-2026010,JAPA293
HSP255-201-2026030,ABA423
HSP255-201-2026030,JAPA293
HSP355-201-2026010,JAPA293
HSP355-201-2026030,JAPA293
HSP395-001-2026030,MNST227
HSP399-001-2026030,MNST227
HSP499-201-2026030,ATO257
HSR701-001-2026010,MSO274
HSR701-001-2026030,MSO274
IBS601-001-2026010,BPZH222
IBS601-001-2026010,HPS
IBS601-001-2026010,KVKO222
IBS601-001-2026010,MGFRIE2
IBS602-001-2026010,CFBR226
IBS602-001-2026010,CTI240
IBS602-001-2026010,DKORRE2
IBS602-001-2026010,DRODGER
IBS602-001-2026010,JBL235
IBS602-001-2026010,JJMCCA2
IBS602-001-2026010,KAFIEL00
IBS602-001-2026010,MEMO308
IBS602-001-2026010,TGA222
IBS602-001-2026010,YYZAYT2
IBS603-001-2026030,AMHA283
IBS603-001-2026030,CRASH0
IBS603-001-2026030,DANDRES
IBS603-001-2026030,GCH222
IBS603-001-2026030,GFROL2
IBS603-001-2026030,HGLAUERT
IBS603-001-2026030,MCCLINT
IBS603-001-2026030,MNIKOLO
IBS603-001-2026030,RCGRON0
IBS603-001-2026030,SJCH239
IBS603-001-2026030,YAAL223
IBS603-001-2026030,YWU225
IBS603-001-2026030,YYZAYT2
IBS606-001-2026030,BONDADA
IBS606-001-2026030,HLU4
IBS606-001-2026030,SESTUS2
IBS608-001-2026030,CWU3
IBS608-001-2026030,EMBLAL
IBS608-001-2026030,KLTHOMD
IBS608-001-2026030,MCCLINT
IBS610-001-2026010,BONDADA
IBS610-001-2026010,CDRA236
IBS610-001-2026010,JJI223
IBS610-001-2026010,KHCH229
IBS610-001-2026010,RETE222
IBS610-001-2026010,SJCH239
IBS610-001-2026010,YLE255
IBS611-001-2026010,HMO222
IBS611-001-2026010,MPMURP3
IBS611-001-2026030,HMO222
IBS611-001-2026030,MPMURP3
ICT114-001-2026010,AJFISH3
ICT114-002-2026010,TKFR222
ICT115-002-2026030,BGMU223
ICT200-001-2026010,PCARR3
ICT200-001-2026030,PCARR3
ICT200-002-2026010,LMEN225
ICT200-002-2026030,TBCO224
ICT200-003-2026010,PAROSS2
ICT200-003-2026030,PAROSS2
ICT200-004-2026010,CVDE223
ICT200-004-2026030,LMEN225
ICT200-005-2026010,CVDE223
ICT200-006-2026010,LMEN225
ICT200-201-2026010,ADDE222
ICT200-201-2026030,HJBU222
ICT200-202-2026010,SJTA224
ICT200-202-2026030,SJTA224
ICT200-203-2026010,HJBU222
ICT200-203-2026030,CCRE227
ICT200-204-2026010,TBCO224
ICT200-204-2026030,TBCO224
ICT200-205-2026010,CCRE227
ICT200-205-2026030,JSA338
ICT200-206-2026010,TNO224
ICT200-206-2026030,JSA338
ICT200-207-2026010,VSH226
ICT200-207-2026030,TKFR222
ICT200-208-2026030,TNO224
ICT200-230-2026020,DDI253
ICT201-201-2026010,ADDE222
ICT201-201-2026030,ADDE222
ICT201-202-2026010,ADDE222
ICT201-202-2026030,CSBU225
ICT202-001-2026030,FAPE223
ICT202-201-2026010,WRSI227
ICT202-201-2026030,CVDE223
ICT202-202-2026010,JKBA248
ICT205-001-2026010,MLDO236
ICT205-201-2026030,MLDO236
ICT205-202-2026010,DJFOXW2
ICT205-202-2026030,JNHI236
ICT205-203-2026030,MLDO236
ICT301-001-2026010,FAPE223
ICT301-001-2026030,HZH308
ICT301-201-2026010,HZH308
ICT301-201-2026030,IDENE3
ICT302-001-2026010,SPGR227
ICT303-201-2026030,SATH244
ICT305-001-2026030,KAWO226
ICT305-201-2026010,RBO222
ICT305-201-2026030,AJFISH3
ICT305-202-2026010,KAWO226
ICT310-001-2026010,FKES222
ICT310-001-2026030,JKBA248
ICT310-201-2026010,JKBA248
ICT310-201-2026030,FKES222
ICT311-201-2026010,FKES222
ICT311-201-2026030,WRSI227
ICT312-201-2026010,TBCO224
ICT312-201-2026030,TBCO224
ICT315-001-2026010,JIVA222
ICT315-201-2026030,JIVA222
ICT316-201-2026030,ADDE222
ICT320-201-2026010,JBR313
ICT320-201-2026030,JBR313
ICT325-201-2026010,MLDO236
ICT351-001-2026030,SZE223
ICT390-001-2026010,SZE223
ICT390-002-2026010,KAWO226
ICT390-003-2026010,JCMA255
ICT390-201-2026030,JKBA248
ICT399-001-2026010,SPGR227
ICT399-002-2026010,RBO222
ICT399-003-2026010,JKBA248
ICT399-004-2026010,FKES222
ICT399-005-2026010,SZE223
ICT399-006-2026010,FAPE223
ICT399-007-2026010,MLDO236
ICT399-008-2026010,LALE230
ICT399-009-2026010,TKFR222
ICT399-010-2026030,JKBA248
ICT399-011-2026030,JIVA222
ICT399-201-2026010,SPGR227
ICT399-202-2026010,RBO222
ICT399-203-2026010,JKBA248
ICT399-204-2026010,FKES222
ICT399-205-2026010,SZE223
ICT399-206-2026010,FAPE223
ICT399-207-2026010,MLDO236
ICT399-208-2026010,LALE230
ICT399-209-2026010,TKFR222
ICT399-210-2026030,JKBA248
ICT399-211-2026030,JIVA222
ICT410-001-2026030,SZE223
ICT415-201-2026030,KAWO226
ICT418-201-2026010,CSBU225
ICT420-201-2026030,CSBU225
ICT520-001-2026030,MDCL233
ICT550-001-2026010,SZE223
ICT552-201-2026010,MWLITT0
ICT552-201-2026030,MWLITT0
ICT600-201-2026010,TBCO224
ICT605-201-2026010,FAPE223
ICT609-201-2026030,JIVA222
ICT610-201-2026030,FKES222
ICT615-201-2026030,MLDO236
ICT623-201-2026030,SBA324
ICT627-201-2026010,CMRO273
ICT650-201-2026010,JHI237
ICT661-201-2026010,SPGR227
ICT662-201-2026030,SJO267
ICT690-201-2026010,SJO267
ICT690-201-2026030,TMO310
ICT690-202-2026030,SCBA253
ICT690-203-2026010,SBA324
ICT690-204-2026010,RRCOMB2
ICT690-206-2026010,SJO267
ICT690-206-2026030,FAPE223
ICT690-207-2026010,LASC233
ICT690-208-2026030,RMSTEI0
ICT690-209-2026030,SJO267
ICT690-210-2026030,HZH308
ICT690-210-2026050,SJO267
ICT696-201-2026010,TKFR222
ICT696-201-2026030,TKFR222
ICT696-202-2026010,SPGR227
ICT696-202-2026030,MLDO236
ICT696-203-2026010,FAPE223
ICT730-201-2026030,SKIM3
ICT731-201-2026010,SKIM3
ID121-001-2026010,FPNA223
ID121-001-2026010,HDE238
ID121-001-2026010,JLME258
ID121-001-2026010,LTLE00
ID122-001-2026030,ISC225
ID122-002-2026030,LTLE00
ID122-003-2026030,FPNA223
ID161-001-2026010,PLLU222
ID162-001-2026030,NNI255
ID162-001-2026030,PLLU222
ID171-001-2026010,HTU222
ID221-001-2026010,PLLU222
ID221-002-2026010,ETAL227
ID221-002-2026010,PLLU222
ID222-001-2026030,RSISON2
ID222-002-2026030,RMMA262
ID222-003-2026030,ACH250
ID222-004-2026030,ETAL227
ID222-005-2026030,HTU222
ID222-005-2026030,SCBA252
ID231-001-2026010,RMMA262
ID232-001-2026030,JDBREW2
ID241-001-2026010,HEDJRB
ID242-001-2026030,RMMA262
ID251-001-2026010,SVERN2
ID252-001-2026030,HEDJRB
ID271-001-2026010,ETAL227
ID271-001-2026010,HTU222
ID321-001-2026010,HEDJRB
ID321-001-2026010,HTU222
ID321-001-2026010,SCBA252
ID321-710-2026050,OBRYANM
ID321-711-2026050,SCROGGIN
ID322-001-2026030,RSISON2
ID322-002-2026030,RMMA262
ID322-003-2026030,ACH250
ID322-004-2026030,ETAL227
ID322-005-2026030,HTU222
ID322-005-2026030,SCBA252
ID331-001-2026010,JDBREW2
ID332-001-2026030,ETAL227
ID359-001-2026010,FPNA223
ID359-001-2026030,RSISON2
ID359-002-2026010,JLME258
ID359-002-2026030,HEDJRB
ID359-003-2026030,FPNA223
ID359-004-2026010,RMMA262
ID359-004-2026030,ISC225
ID359-005-2026030,ETAL227
ID362-001-2026030,ACH250
ID371-001-2026010,ISC225
ID373-001-2026010,ETAL227
ID373-001-2026010,HTU222
ID373-001-2026030,ETAL227
ID373-010-2026050,ETAL227
ID383-001-2026010,PLLU222
ID383-001-2026030,HTU222
ID383-002-2026010,PLLU222
ID421-001-2026010,LLGUIN2
ID422-001-2026030,PLLU222
ID461-001-2026010,RMMA262
ID471-001-2026010,AMBOGG0
ID483-001-2026010,PLLU222
ID483-001-2026030,PLLU222
ID559-001-2026010,FPNA223
ID559-001-2026030,RSISON2
ID559-002-2026010,JLME258
ID559-002-2026030,HEDJRB
ID559-003-2026030,FPNA223
ID559-004-2026030,ISC225
ID559-005-2026030,ETAL227
ID559-005-2026030,ITAN223
ID561-002-2026010,RMMA262
ID595-001-2026030,HTU222
ID650-001-2026030,JLME258
ID655-002-2026010,HDE238
ID659-001-2026010,LLGUIN2
ID659-001-2026030,RSISON2
ID700-001-2026010,LLGUIN2
ID700-001-2026030,JLME258
ID700-010-2026050,LLGUIN2
ID748-001-2026030,LLGUIN2
ID785-001-2026010,LLGUIN2
ID785-001-2026030,HDE238
ID785-001-2026030,LLGUIN2
ID785-002-2026030,JLME258
IEC120-201-2026010,AENI229
IEC120-201-2026030,CMTURN1
IEC120-201-2026030,SMA408
IEC120-202-2026010,KAABNE0
IEC120-202-2026030,AENI229
IEC120-202-2026030,NDHO235
IEC255-001-2026010,EEWEBB0
IEC256-001-2026030,ETMI228
IEC256-001-2026030,SRHAWK2
IEC260-001-2026030,AENI229
IEC260-001-2026030,PDCA230
IEC411-001-2026030,AENI229
IEC507-001-2026010,CNSH227
IEC507-002-2026010,CNSH227
IEC507-201-2026010,CNSH227
IEC507-202-2026010,CNSH227
IEC508-001-2026010,AENI229
IEC508-002-2026010,AENI229
IEC508-201-2026010,AENI229
IEC508-202-2026010,AENI229
IEC509-001-2026010,SRHAWK2
IEC509-002-2026010,SRHAWK2
IEC509-201-2026010,SRHAWK2
IEC509-202-2026010,SRHAWK2
IEC510-001-2026010,SRHAWK2
IEC510-001-2026030,AENI229
IEC510-201-2026030,DCLYNN2
IEC512-001-2026010,AENI229
IEC522-001-2026030,ALDU242
IEC522-001-2026030,OGST223
IEC522-201-2026030,ALDU242
IEC523-001-2026010,CNSH227
IEC523-001-2026030,AENI229
IEC546-001-2026030,SRHAWK2
IEC546-201-2026030,SRHAWK2
IEC547-201-2026010,DCLYNN2
IEC552-001-2026010,AENI229
IEC552-002-2026010,AENI229
IEC552-201-2026010,AENI229
IEC552-202-2026010,AENI229
IEC557-001-2026030,KAABNE0
IEC557-201-2026030,KAABNE0
IEC620-001-2026010,ALDU242
IEC620-201-2026010,ALDU242
IEC621-001-2026030,SRHAWK2
IEC621-201-2026030,SRHAWK2
IEC623-001-2026010,ALDU242
IEC623-001-2026030,EEWEBB0
IEC623-201-2026010,ALDU242
IEC623-201-2026030,EEWEBB0
IEC701-001-2026010,CNSH227
IEC701-001-2026030,MDSA229
IEC721-001-2026030,KWI348
IEC721-003-2026010,JDLA234
IEC721-005-2026010,ADSP224
IEC721-005-2026030,ADSP224
IEC721-010-2026030,MEBE287
IEC721-011-2026010,SCH435
IEC767-001-2026010,KWI348
IEC767-002-2026010,DHARL00
IEC767-003-2026010,JDLA234
IEC767-004-2026010,SSH324
IEC767-005-2026010,ADSP224
IEC767-006-2026010,KBAC222
IEC767-007-2026010,RCPENN2
IEC767-008-2026010,CNSH227
IEC767-009-2026010,SRHAWK2
INF520-001-2026010,JJSMIT3
INF520-001-2026010,KIES222
INT200-001-2026010,FMU223
INT200-001-2026030,TMBA240
INT200-002-2026010,TMBA240
INT201-001-2026010,RDA235
INT296-001-2026010,DVA225
INT340-001-2026010,PLWA228
INT350-001-2026010,MAZA226
INT350-001-2026030,MAZA226
INT350-201-2026010,MSAME2
INT399-001-2026010,FMU223
INT399-001-2026030,FMU223
INT495G-001-2026010,MDI235
INT495G-001-2026030,DVA225
IPS610-001-2026010,LJBR240
IPS625-001-2026010,ADOWNIE
IPS790-010-2026050,AGHUNT00
IS200-001-2026010,PCARR3
IS200-001-2026030,PCARR3
IS200-002-2026010,LMEN225
IS200-002-2026030,TBCO224
IS200-003-2026010,PAROSS2
IS200-003-2026030,PAROSS2
IS200-004-2026010,CVDE223
IS200-004-2026030,LMEN225
IS200-005-2026010,CVDE223
IS200-006-2026010,LMEN225
IS200-201-2026010,ADDE222
IS200-201-2026030,HJBU222
IS200-202-2026010,SJTA224
IS200-202-2026030,SJTA224
IS200-203-2026010,HJBU222
IS200-203-2026030,CCRE227
IS200-204-2026010,TBCO224
IS200-204-2026030,TBCO224
IS200-205-2026010,CCRE227
IS200-205-2026030,JSA338
IS200-206-2026010,TNO224
IS200-206-2026030,JSA338
IS200-207-2026010,VSH226
IS200-207-2026030,TKFR222
IS200-208-2026030,TNO224
IS200-230-2026020,DDI253
IS201-201-2026010,ADDE222
IS201-201-2026030,ADDE222
IS201-202-2026010,ADDE222
IS201-202-2026030,CSBU225
IS202-001-2026030,FAPE223
IS202-201-2026010,WRSI227
IS202-201-2026030,CVDE223
IS202-202-2026010,JKBA248
IS303-201-2026030,SATH244
ISC100-001-2026010,AKGR232
ISC100-001-2026010,DRO250
ISC100-001-2026030,AKGR232
ISC100-003-2026010,JAGL232
ISC100-003-2026030,JAGL232
ISC161-001-2026010,LMMO267
ISC161-001-2026030,SAGEEG2
ISC174-001-2026030,WZH250
ISC261-001-2026010,ENBE222
ISC261-001-2026010,KNCO268
ISC261-001-2026030,SDGI234
ISC261-001-2026030,SMHA323
ISC261-002-2026010,ENBE222
ISC261-002-2026010,KNCO268
ISC261-002-2026030,SDGI234
ISC261-002-2026030,SMHA323
ISC261-003-2026030,NLMCDO2
ISC261-003-2026030,SDGI234
ISC261-004-2026010,ENBE222
ISC261-004-2026010,LMGA265
ISC261-005-2026010,ENBE222
ISC261-005-2026030,KNCO268
ISC261-005-2026030,SDGI234
ISC261-006-2026030,NLMCDO2
ISC261-006-2026030,SDGI234
ISC261-007-2026010,NLMCDO2
ISC261-007-2026010,SDGI234
ISC261-008-2026010,SDGI234
ISC261-008-2026010,SMHA323
ISC261-008-2026030,KNCO268
ISC261-008-2026030,SDGI234
ISC261-010-2026010,SDGI234
ISC261-010-2026010,SMHA323
ISC261-011-2026010,NLMCDO2
ISC261-011-2026010,SDGI234
ISC311-001-2026030,ENBE222
ISC311-002-2026030,KPR256
ISC311-003-2026010,ENBE222
ISC311-004-2026010,ESP223
ISC311-201-2026010,KPR256
ISC311-201-2026030,NLMCDO2
ISC311-202-2026010,KPR256
ISC311-202-2026030,KPR256
ISC311-230-2026020,HJE228
ISC319-001-2026030,NLMCDO2
ISC319-002-2026030,XSH227
ISC319-003-2026010,XSH227
ISC321-001-2026010,AAM230
ISC321-001-2026030,AAM230
ISC321-002-2026010,HKI288
ISC321-002-2026030,AAM230
ISC321-003-2026010,EFR257
ISC321-003-2026030,EFR257
ISC321-004-2026010,AAM230
ISC321-004-2026030,EFR257
ISC321-005-2026010,EFR257
ISC321-210-2026050,WZH250
ISC325-001-2026010,SDGI234
ISC325-002-2026030,HKI288
ISC325-003-2026010,AMGE233
ISC325-003-2026030,AMGE233
ISC325-004-2026010,SDGI234
ISC325-004-2026030,AMGE233
ISC325-005-2026010,AMGE233
ISC325-201-2026010,KAPA238
ISC325-201-2026030,KAPA238
ISC325-202-2026030,KAPA238
ISC325-210-2026050,HKI288
ISC331-001-2026010,ESP223
ISC331-001-2026030,ESP223
ISC335-001-2026030,ESP223
ISC339-001-2026010,AKGR232
ISC341-001-2026010,DJA275
ISC341-001-2026030,KPR256
ISC341-211-2026050,KPR256
ISC351-001-2026010,DEPO224
ISC351-001-2026030,DEPO224
ISC361-001-2026010,AECKMAN
ISC361-001-2026030,WZH250
ISC361-002-2026010,KNPO224
ISC361-002-2026030,SGU240
ISC361-003-2026010,DEPO224
ISC361-003-2026030,AECKMAN
ISC361-004-2026010,WZH250
ISC361-004-2026030,DEPO224
ISC361-005-2026010,DEPO224
ISC361-006-2026010,DEPO224
ISC371-001-2026010,SAGEEG2
ISC371-001-2026030,LMMO267
ISC381-201-2026010,JKI326
ISC381-201-2026030,JKI326
ISC381-202-2026010,TLST231
ISC381-202-2026030,TLST231
ISC381-203-2026030,JKI326
ISC381-210-2026050,JKI326
ISC381-230-2026020,HKI288
ISC382-001-2026010,SAGEEG2
ISC382-001-2026030,SAGEEG2
ISC382-002-2026010,KPR256
ISC382-002-2026030,DJA275
ISC395-001-2026010,SAGEEG2
ISC395-001-2026030,ENBE222
ISC395-002-2026030,SAGEEG2
ISC395-003-2026010,ENBE222
ISC395-004-2026010,KAPA238
ISC395-004-2026030,DEPO224
ISC395-005-2026030,KAPA238
ISC395-006-2026030,AKGR232
ISC399-001-2026010,SDGI234
ISC399-001-2026030,SDGI234
ISC399-010-2026050,SDGI234
ISC441-002-2026010,RSSY222
ISC441-401-2026030,RSSY222
ISC451-001-2026030,GETA226
ISC451-002-2026010,HKI288
ISC471-401-2026010,MCWH232
ISC471-401-2026030,MCWH232
ISC473-001-2026030,EAFI227
ISC473-201-2026010,ESP223
ISC473-201-2026030,ESP223
ISC473-210-2026050,ESP223
ISC473-230-2026020,SAGEEG2
ISC491-001-2026010,AECKMAN
ISC491-001-2026030,DEPO224
ISC491-002-2026010,AECKMAN
ISC491-002-2026030,AECKMAN
ISC491-003-2026030,AECKMAN
ISC491-004-2026030,ENBE222
ISC491-005-2026030,KPR256
ISC491-006-2026030,KPR256
ISC491-007-2026030,AKGR232
ISC491-008-2026030,DEPO224
ISC491-009-2026030,SAGEEG2
ISC491-010-2026050,AECKMAN
ISC497-001-2026010,MJI232
ISC497-002-2026030,HKI288
ISC497-003-2026010,MCWH232
ISC497-003-2026030,KNPO224
ISC497-004-2026010,JASC249
ISC497-004-2026010,KAPA238
ISC497-005-2026010,HKI288
ISC497-401-2026030,MCWH232
ISC551-401-2026030,EAFI227
ISC561-201-2026010,JKI326
ISC561-201-2026030,JKI326
ISC562-201-2026030,TLST231
ISC563-201-2026010,MJI232
ISC563-210-2026050,MJI232
ISC564-230-2026020,JKI326
ISC571-201-2026010,TLST231
ISC571-201-2026030,HJE228
ISC583-710-2026050,SAGEEG2
ISC583-711-2026050,SAGEEG2
ISC583-712-2026050,ENBE222
ISC583-712-2026050,SAGEEG2
ITA011-001-2026030,ILA222
ITA101-001-2026010,AMGR331
ITA101-002-2026010,ILA222
ITA101-003-2026010,AMGR331
ITA102-001-2026010,ILA222
ITA102-001-2026030,ILA222
ITA102-002-2026030,AMGR331
ITA201-001-2026010,ILA222
ITA395-001-2026010,ILA222
ITA395-001-2026030,ILA222
ITA395-002-2026030,AMGR331
JAM201-001-2026010,ABDE225
JAM201-001-2026030,ABDE225
JAM201-002-2026010,ABDE225
JAM201-201-2026010,ABDE225
JAM201-201-2026030,ABDE225
JAM201-202-2026030,ABDE225
JAM201-203-2026030,ABDE225
JAM202-001-2026010,LNTR222
JAM202-001-2026030,LNTR222
JAM202-002-2026010,LNTR222
JAM202-002-2026030,LNTR222
JAM202-003-2026010,LNTR222
JAM203-001-2026010,RGARR2
JAM203-001-2026030,RGARR2
JAM203-002-2026010,RGARR2
JAM203-002-2026030,RGARR2
JAM203-003-2026010,RGARR2
JAM203-003-2026030,RGARR2
JAM203-004-2026010,RGARR2
JAM203-004-2026030,RGARR2
JAM395-001-2026010,EJEN226
JAM395-001-2026030,EJEN226
JAM395-002-2026030,BRE257
JAM395-003-2026010,ZTAI2
JAM395-003-2026030,ZTAI2
JAM395-004-2026010,KOHU222
JAM395-004-2026030,JLSMIT0
JAM395-005-2026010,JLSMIT0
JAM395-005-2026030,JDST245
JAM430-001-2026030,BHA358
JOU101-001-2026010,JLSMIT0
JOU101-001-2026030,JLSMIT0
JOU204-001-2026010,ABDE225
JOU204-002-2026010,ABDE225
JOU204-002-2026030,ABDE225
JOU204-003-2026010,ABDE225
JOU204-003-2026030,CMHO288
JOU204-004-2026010,ABDE225
JOU204-004-2026030,HFAR222
JOU208-001-2026010,JLSMIT0
JOU208-001-2026030,JLSMIT0
JOU287-001-2026010,JDST245
JOU301-001-2026010,BEVA223
JOU301-001-2026030,BEVA223
JOU302-001-2026010,ARBEAV2
JOU302-001-2026030,ARBEAV2
JOU303-001-2026010,RMCR232
JOU303-001-2026030,PBBA230
JOU304-001-2026010,SESH230
JOU304-001-2026030,SESH230
JOU308-001-2026030,JAHALE5
JOU308-002-2026010,LAFE225
JOU308-002-2026030,JAHALE5
JOU319-001-2026010,NLMCDO2
JOU319-001-2026030,NLMCDO2
JOU319-002-2026010,SGU240
JOU319-002-2026030,XSH227
JOU319-003-2026010,XSH227
JOU330-001-2026010,UK00126
JOU330-001-2026030,UK00126
JOU333-001-2026010,KMO366
JOU333-001-2026030,KMO366
JOU333-210-2026050,KMO366
JOU367-001-2026010,YKI224
JOU367-001-2026030,YKI224
JOU367-002-2026010,YKI224
JOU367-002-2026030,YKI224
JOU377-001-2026030,JDST245
JOU387-001-2026030,JDST245
JOU404-001-2026010,CLHI241
JOU404-001-2026030,ARBEAV2
JOU404-001-2026030,CLHI241
JOU404-002-2026030,ARBEAV2
JOU404-002-2026030,CLHI241
JOU408-001-2026010,LHO297
JOU408-001-2026030,LHO297
JOU430-001-2026010,BHA358
JOU455-001-2026010,IJBR222
JOU455-001-2026030,IJBR222
JOU497-001-2026010,UK00126
JOU497-001-2026030,UK00126
JOU497-002-2026010,UK00126
JOU497-002-2026030,UK00126
JOU497-401-2026010,JDST245
JOU498-001-2026010,JDST245
JOU498-001-2026030,JDST245
JOU498-001-2026030,PBBA230
JOU498-002-2026030,JDST245
JOU498-002-2026030,PBBA230
JOU499-001-2026010,RMCR232
JOU499-001-2026030,RMCR232
JOU535-210-2026050,JLSMIT0
JOU538-001-2026010,KMO366
JOU538-001-2026030,KMO366
JPN101-001-2026010,YHO226
JPN101-002-2026010,YHO226
JPN101-003-2026010,YHO226
JPN101-004-2026010,MSINOUE
JPN102-001-2026030,YHO226
JPN102-002-2026030,YHO226
JPN102-003-2026030,YHO226
JPN201-201-2026010,DSLAYM
JPN201-201-2026010,JPE240
JPN201-202-2026010,DSLAYM
JPN201-202-2026010,JPE240
JPN202-201-2026030,DSLAYM
JPN202-201-2026030,JPE240
JPN202-202-2026030,DSLAYM
JPN202-202-2026030,JPE240
JPN301-001-2026010,MGO240
JPN302-001-2026030,MGO240
JPN320-201-2026010,JPE240
JPN321-001-2026030,MGO240
JPN325-201-2026030,DSLAYM
JPN326-201-2026030,JPE240
JPN395-001-2026010,DSLAYM
JPN395-001-2026030,DSLAYM
JPN395-002-2026010,MGO240
JPN395-002-2026030,MGO240
JPN395-003-2026030,YHO226
JPN395-004-2026010,MGO240
JPN395-004-2026030,YHO226
JPN395-005-2026010,MGO240
JPN410-001-2026030,MGO240
JPN421G-201-2026010,DSLAYM
JPN625-201-2026030,DSLAYM
KHP100-001-2026010,KMDE278
KHP100-001-2026030,ARSP237
KHP100-002-2026010,KMDE278
KHP100-002-2026030,KMDE278
KHP100-003-2026010,KMDE278
KHP100-003-2026030,ARSP237
KHP100-004-2026010,NPKO223
KHP100-004-2026030,KMDE278
KHP100-401-2026010,ARSP237
KHP100-401-2026030,NPKO223
KHP100-402-2026010,ARSP237
KHP101-001-2026010,NPKO223
KHP101-001-2026030,NPKO223
KHP101-002-2026010,NPKO223
KHP101-002-2026030,KMDE278
KHP104-001-2026010,LDMA248
KHP104-001-2026030,ESH286
KHP104-002-2026010,LDMA248
KHP104-002-2026030,LDMA248
KHP107-001-2026010,MDTO235
KHP107-001-2026030,MDTO235
KHP110-001-2026010,CMSC294
KHP110-001-2026030,ESN227
KHP110-002-2026010,AKRI242
KHP110-002-2026030,CMSC294
KHP112-001-2026010,SYKA226
KHP112-001-2026030,KMDE278
KHP112-002-2026010,NPKO223
KHP112-002-2026030,SYKA226
KHP112-003-2026030,NPKO223
KHP118-001-2026010,AKRI242
KHP118-001-2026030,AKRI242
KHP118-002-2026010,CMSC294
KHP118-002-2026030,ANKU229
KHP118-004-2026030,ANKU229
KHP118-201-2026010,CMSC294
KHP118-201-2026030,ESN227
KHP118-202-2026010,KMRE278
KHP118-202-2026030,KMDE278
KHP118-203-2026010,KMDE278
KHP118-203-2026030,KMDE278
KHP118-204-2026010,KMDE278
KHP118-204-2026030,DCHA257
KHP118-205-2026010,SGA345
KHP118-205-2026030,LDMA248
KHP118-206-2026010,DCHA257
KHP118-206-2026030,KMRE278
KHP118-207-2026010,SYKA226
KHP118-207-2026030,CMSC294
KHP118-208-2026010,NPKO223
KHP118-208-2026030,AKRI242
KHP118-209-2026010,NPKO223
KHP118-209-2026030,CMSC294
KHP118-210-2026010,KMDE278
KHP118-210-2026030,CMSC294
KHP118-211-2026010,AKRI242
KHP118-211-2026030,ANKU229
KHP118-212-2026010,CMSC294
KHP118-212-2026030,ANKU229
KHP118-213-2026030,AKRI242
KHP118-214-2026010,ARSP237
KHP118-214-2026030,SASA261
KHP118-215-2026010,ARSP237
KHP118-215-2026030,ESH286
KHP118-216-2026030,NPKO223
KHP118-217-2026010,SASA261
KHP120-001-2026010,SYKA226
KHP120-001-2026030,SYKA226
KHP120-002-2026010,SYKA226
KHP120-002-2026030,SYKA226
KHP120-003-2026010,ESN227
KHP120-003-2026030,ESN227
KHP120-004-2026010,ESN227
KHP120-004-2026030,CMSC294
KHP120-005-2026010,ESN227
KHP120-005-2026030,NPKO223
KHP120-006-2026010,ARSP237
KHP120-006-2026030,ARSP237
KHP120-007-2026010,SASA261
KHP120-007-2026030,SASA261
KHP120-008-2026010,ANKU229
KHP120-008-2026030,LDMA248
KHP120-009-2026010,DCHA257
KHP120-009-2026030,KMRE278
KHP120-010-2026010,ANKU229
KHP120-010-2026030,ARSP237
KHP120-011-2026010,LDMA248
KHP120-011-2026030,ESN227
KHP120-012-2026010,KMRE278
KHP120-012-2026030,SASA261
KHP120-013-2026010,SASA261
KHP120-013-2026030,DCHA257
KHP122-001-2026010,CMSC294
KHP122-001-2026030,SASA261
KHP122-002-2026030,SGA345
KHP124-001-2026010,SASA261
KHP124-001-2026030,ANKU229
KHP124-002-2026030,ANKU229
KHP127-001-2026010,SGA345
KHP127-001-2026030,SGA345
KHP127-002-2026010,SGA345
KHP127-002-2026030,SGA345
KHP128-001-2026010,ANKU229
KHP128-001-2026030,ESH286
KHP128-002-2026010,ANKU229
KHP128-003-2026010,LDMA248
KHP128-003-2026030,LDMA248
KHP128-004-2026010,LDMA248
KHP128-004-2026030,LDMA248
KHP130-001-2026030,SYKA226
KHP136-001-2026010,LAFO238
KHP136-001-2026030,LAFO238
KHP137-001-2026010,JHA280
KHP137-001-2026030,JHA280
KHP138-001-2026010,AROV223
KHP138-001-2026030,AROV223
KHP151-001-2026010,ANAN227
KHP151-002-2026010,JADAY2
KHP151-003-2026010,JKNICH2
KHP151-004-2026010,JMC255
KHP151-005-2026010,KRLA225
KHP151-006-2026010,JADAY2
KHP151-007-2026010,HERWI2
KHP151-008-2026010,SKR227
KHP151-009-2026010,ABEIG2
KHP151-010-2026010,ASA459
KHP156-001-2026030,JOHI222
KHP157-001-2026030,RDFL223
KHP162-001-2026030,JOHI222
KHP190-201-2026010,BMI247
KHP190-201-2026030,BMI247
KHP190-201-2026030,JWABEL2
KHP190-201-2026030,LCCO250
KHP190-202-2026010,BMI247
KHP190-202-2026030,BMI247
KHP190-202-2026030,JWABEL2
KHP190-202-2026030,LCCO250
KHP190-203-2026010,JWABEL2
KHP190-203-2026030,BMI247
KHP190-203-2026030,JWABEL2
KHP190-203-2026030,LCCO250
KHP190-204-2026010,JWABEL2
KHP190-204-2026030,BMI247
KHP190-204-2026030,JWABEL2
KHP190-204-2026030,LCCO250
KHP190-205-2026010,LCCO250
KHP190-205-2026030,BMI247
KHP190-205-2026030,JWABEL2
KHP190-205-2026030,LCCO250
KHP190-206-2026010,LCCO250
KHP190-206-2026030,BMI247
KHP190-206-2026030,JWABEL2
KHP190-206-2026030,LCCO250
KHP190-207-2026010,BMI247
KHP190-207-2026030,BMI247
KHP190-207-2026030,JWABEL2
KHP190-207-2026030,LCCO250
KHP190-208-2026010,BMI247
KHP190-208-2026030,BMI247
KHP190-208-2026030,JWABEL2
KHP190-208-2026030,LCCO250
KHP190-209-2026010,JWABEL2
KHP190-209-2026030,BMI247
KHP190-209-2026030,JWABEL2
KHP190-209-2026030,LCCO250
KHP190-210-2026010,JWABEL2
KHP190-210-2026030,BMI247
KHP190-210-2026030,JWABEL2
KHP190-210-2026030,LCCO250
KHP190-211-2026010,LCCO250
KHP190-211-2026030,BMI247
KHP190-211-2026030,JWABEL2
KHP190-211-2026030,LCCO250
KHP190-212-2026010,LCCO250
KHP190-212-2026030,BMI247
KHP190-212-2026030,JWABEL2
KHP190-212-2026030,LCCO250
KHP190-213-2026010,JWABEL2
KHP190-213-2026030,BMI247
KHP190-213-2026030,JWABEL2
KHP190-213-2026030,LCCO250
KHP190-214-2026010,JWABEL2
KHP190-214-2026030,BMI247
KHP190-214-2026030,JWABEL2
KHP190-214-2026030,LCCO250
KHP200-001-2026010,JADAY2
KHP200-001-2026030,JADAY2
KHP200-002-2026010,JADAY2
KHP200-002-2026030,ANAN227
KHP200-003-2026010,ANAN227
KHP200-003-2026030,ANAN227
KHP200-004-2026010,ANAN227
KHP200-005-2026010,JOHI222
KHP200-201-2026010,RWCRIS00
KHP200-201-2026030,RWCRIS00
KHP200-210-2026050,JADAY2
KHP200-230-2026020,JADAY2
KHP205-001-2026030,JAHU270
KHP205-001-2026030,MME290
KHP210-001-2026010,ESH286
KHP210-001-2026030,ESH286
KHP210-002-2026010,ESH286
KHP210-002-2026030,DCHA257
KHP210-003-2026010,DCHA257
KHP210-004-2026010,JPF222
KHP220-001-2026010,SLBE226
KHP220-002-2026010,AKRI242
KHP220-002-2026030,AKRI242
KHP220-201-2026030,SLBE226
KHP222-001-2026010,SKR227
KHP222-001-2026030,SKR227
KHP222-002-2026010,SKR227
KHP222-002-2026030,SKR227
KHP230-001-2026010,JADAY2
KHP230-001-2026030,JPF222
KHP230-002-2026010,READ223
KHP230-002-2026030,JPF222
KHP230-003-2026010,JPF222
KHP230-003-2026030,EFHI222
KHP230-004-2026010,READ223
KHP230-004-2026030,READ223
KHP230-005-2026010,MRMASO3
KHP230-005-2026030,READ223
KHP230-006-2026010,JPF222
KHP230-006-2026030,SKR227
KHP230-007-2026010,EFHI222
KHP230-201-2026010,EFHI222
KHP230-201-2026030,EFHI222
KHP230-210-2026050,JADAY2
KHP230-230-2026020,JADAY2
KHP240-001-2026010,MRMASO3
KHP240-001-2026030,MCA243
KHP240-002-2026010,MME290
KHP240-002-2026030,MCA243
KHP240-003-2026010,CJMI240
KHP240-003-2026030,MRMASO3
KHP240-004-2026010,DAHA276
KHP240-004-2026030,MRMASO3
KHP240-005-2026010,CJMI240
KHP240-201-2026030,MGABEL2
KHP240-202-2026010,MGABEL2
KHP240-210-2026050,MCA243
KHP240-230-2026020,LMBO233
KHP250-001-2026030,SGA345
KHP260-001-2026010,SGA345
KHP263-001-2026010,ABEIG2
KHP270-201-2026010,SKR227
KHP270-201-2026030,SKR227
KHP270-230-2026020,JMC255
KHP277-001-2026010,EAAK226
KHP277-001-2026030,EAAK226
KHP277-201-2026010,RDFL223
KHP277-210-2026050,KJAG223
KHP280-001-2026010,SJSI225
KHP280-001-2026030,SJSI225
KHP280-002-2026030,JOHI222
KHP280-201-2026010,RWCRIS00
KHP280-210-2026050,ABEIG2
KHP300-001-2026010,JADAY2
KHP300-001-2026030,JOHI222
KHP300-002-2026010,TTS227
KHP300-002-2026030,JADAY2
KHP300-003-2026010,TTS227
KHP300-003-2026030,JADAY2
KHP300-004-2026010,KMRE278
KHP300-004-2026030,ASA459
KHP300-005-2026010,ASA459
KHP300-005-2026030,KMRE278
KHP300-210-2026050,HERWI2
KHP300-211-2026050,ASA459
KHP300-230-2026020,TTS227
KHP301-001-2026010,MMA397
KHP301-201-2026030,SKSE232
KHP301-210-2026050,SKSE232
KHP310-001-2026010,HNI233
KHP319-001-2026010,LKCO232
KHP319-001-2026030,LKCO232
KHP320-001-2026010,MMA397
KHP320-001-2026030,MMA397
KHP321-001-2026010,MMA397
KHP321-001-2026030,MMA397
KHP322-001-2026010,MMA397
KHP322-001-2026030,MMA397
KHP322-002-2026010,EAAK226
KHP322-002-2026030,EAAK226
KHP330-001-2026030,HNI233
KHP331-001-2026010,SLBE226
KHP331-001-2026030,SLBE226
KHP340-001-2026010,BCLE223
KHP340-001-2026030,BCLE223
KHP340-002-2026010,BCLE223
KHP340-002-2026030,BCLE223
KHP340-003-2026010,BCLE223
KHP340-003-2026030,BCLE223
KHP340-004-2026010,BCLE223
KHP340-004-2026030,BCLE223
KHP344-001-2026030,HERWI2
KHP350-001-2026010,ANAN227
KHP350-001-2026010,MKW223
KHP350-001-2026030,JWHE241
KHP350-001-2026030,KRLA225
KHP350-002-2026010,JWHE241
KHP350-002-2026010,MRMASO3
KHP350-002-2026030,JWHE241
KHP350-002-2026030,MGABEL2
KHP350-003-2026010,RAPO232
KHP350-003-2026010,SMSI231
KHP350-003-2026030,JWHE241
KHP350-003-2026030,MRMASO3
KHP350-004-2026010,JWHE241
KHP350-004-2026010,MGABEL2
KHP360-001-2026030,ABEIG2
KHP380-001-2026010,HNI233
KHP380-001-2026030,HNI233
KHP380-002-2026010,HNI233
KHP380-002-2026030,HNI233
KHP380-003-2026030,HNI233
KHP382-201-2026010,ABEIG2
KHP382-201-2026030,AST314
KHP382-202-2026010,AST314
KHP382-202-2026030,AST314
KHP382-203-2026030,ABEIG2
KHP382-210-2026050,ABEIG2
KHP390-001-2026010,LACHIL2
KHP415-001-2026010,AGSH241
KHP415-001-2026010,FGA229
KHP415-001-2026030,FGA229
KHP415-001-2026030,QGU225
KHP415-002-2026010,AGSH241
KHP415-002-2026010,FGA229
KHP415-002-2026030,AGSH241
KHP415-002-2026030,FGA229
KHP415-003-2026010,FGA229
KHP415-003-2026010,QGU225
KHP415-003-2026030,FGA229
KHP415-003-2026030,ZLI314
KHP415-004-2026010,FGA229
KHP415-004-2026010,QGU225
KHP415-004-2026030,FGA229
KHP415-004-2026030,QGU225
KHP415-005-2026030,AGSH241
KHP415-005-2026030,FGA229
KHP415-006-2026010,AGSH241
KHP415-006-2026010,FGA229
KHP415-006-2026030,FGA229
KHP415-006-2026030,QGU225
KHP415-007-2026010,FGA229
KHP415-007-2026010,QGU225
KHP415-007-2026030,AGSH241
KHP415-007-2026030,FGA229
KHP415-008-2026010,AGSH241
KHP415-008-2026010,FGA229
KHP415-008-2026030,FGA229
KHP415-008-2026030,ZLI314
KHP415-009-2026010,FGA229
KHP415-009-2026010,QGU225
KHP415-010-2026050,ANAN227
KHP420G-001-2026010,KRLA225
KHP420G-001-2026010,SMSI231
KHP420G-001-2026030,KRLA225
KHP420G-001-2026030,SMSI231
KHP420G-002-2026010,KRLA225
KHP420G-002-2026010,SMSI231
KHP420G-002-2026030,KRLA225
KHP420G-002-2026030,SMSI231
KHP420G-003-2026010,JAHU270
KHP420G-003-2026010,KRLA225
KHP420G-003-2026030,KRLA225
KHP420G-003-2026030,SMSI231
KHP420G-004-2026010,JLCLAS0
KHP420G-004-2026010,TRNA226
KHP420G-004-2026030,JLCLAS0
KHP420G-004-2026030,TRNA226
KHP420G-005-2026010,JLCLAS0
KHP420G-005-2026010,TRNA226
KHP420G-005-2026030,JLCLAS0
KHP420G-005-2026030,SMSI231
KHP420G-006-2026010,JLCLAS0
KHP420G-006-2026010,TRNA226
KHP420G-006-2026030,JLCLAS0
KHP420G-006-2026030,TRNA226
KHP420G-007-2026010,HBE233
KHP420G-007-2026010,MKW223
KHP420G-007-2026030,JLCLAS0
KHP420G-007-2026030,TRNA226
KHP420G-008-2026010,HBE233
KHP420G-008-2026010,MKW223
KHP420G-008-2026030,JLCLAS0
KHP420G-008-2026030,TRNA226
KHP420G-009-2026010,HBE233
KHP420G-009-2026010,MKW223
KHP420G-010-2026010,JAHU270
KHP420G-010-2026010,MME290
KHP420G-010-2026050,JLCLAS0
KHP420G-710-2026050,KRLA225
KHP430-001-2026010,HNI233
KHP445-001-2026010,JMC255
KHP445-001-2026030,MME290
KHP445-002-2026010,JMC255
KHP445-002-2026030,TTS227
KHP445-003-2026010,MME290
KHP445-003-2026030,JMC255
KHP445-004-2026030,JMC255
KHP445-210-2026050,JMC255
KHP445-230-2026020,MLCO247
KHP450-001-2026030,JAHU270
KHP450-001-2026030,MME290
KHP450-002-2026010,KRLA225
KHP450-002-2026010,SMSI231
KHP450-002-2026030,JAHU270
KHP450-002-2026030,MME290
KHP450-003-2026010,JAHU270
KHP450-003-2026010,KRLA225
KHP450-003-2026030,JAHU270
KHP450-003-2026030,MME290
KHP450-004-2026010,JWHE241
KHP450-004-2026010,KRLA225
KHP450-004-2026030,CJMI240
KHP450-005-2026010,JAHU270
KHP450-005-2026010,LMBO233
KHP450-005-2026030,CJMI240
KHP450-006-2026010,JAHU270
KHP450-006-2026010,LMBO233
KHP450-006-2026030,CJMI240
KHP450-007-2026010,JWHE241
KHP450-007-2026010,LMBO233
KHP450-007-2026030,HBE233
KHP450-007-2026030,MKW223
KHP450-008-2026030,HBE233
KHP450-008-2026030,MKW223
KHP450-009-2026030,HBE233
KHP450-009-2026030,MKW223
KHP450-010-2026050,CJMI240
KHP473-001-2026010,MSP278
KHP473-001-2026030,TTS227
KHP473-002-2026010,MSP278
KHP473-002-2026030,SJSI225
KHP473-003-2026010,JKNICH2
KHP473-003-2026030,JKNICH2
KHP473-201-2026010,RABE238
KHP473-201-2026030,RABE238
KHP473-202-2026010,RABE238
KHP473-202-2026030,RABE238
KHP473-210-2026050,KJAG223
KHP473-211-2026050,TTS227
KHP474-001-2026030,SKSE232
KHP474-710-2026050,KJAG223
KHP475-001-2026010,RDFL223
KHP475-001-2026030,RDFL223
KHP476-001-2026010,KJAG223
KHP476-001-2026030,KJAG223
KHP488-201-2026030,SYTH222
KHP489-001-2026010,SLBE226
KHP489-001-2026030,SLBE226
KHP509-002-2026030,HNI233
KHP510-201-2026030,SLBE226
KHP520-201-2026030,KEMA222
KHP546-001-2026010,JOHI222
KHP546-001-2026030,RDFL223
KHP546-401-2026010,SJSI225
KHP546-401-2026030,KMJO238
KHP547-001-2026010,MLCO247
KHP550-001-2026010,MGABEL2
KHP550-001-2026030,MGABEL2
KHP577-001-2026030,LMBO233
KHP577-005-2026030,LMBO233
KHP578-001-2026010,MRMASO3
KHP578-001-2026030,MRMASO3
KHP579-001-2026010,HERWI2
KHP580-001-2026010,ASA459
KHP580-001-2026030,MLCO247
KHP580-002-2026030,ASA459
KHP590-001-2026010,JMC255
KHP591-201-2026010,MEBE226
KHP600-001-2026010,JLCLAS0
KHP600-001-2026010,TRNA226
KHP602-201-2026030,ABEIG2
KHP605-010-2026050,MLCO247
KHP620-001-2026030,LMBO233
KHP640-001-2026010,HBE233
KHP640-001-2026010,MKW223
KHP644-001-2026030,KJAG223
KHP644-201-2026030,ASA459
KHP644-202-2026030,ASA459
KHP644-210-2026050,ASA459
KHP673-201-2026030,JMC255
KHP673-210-2026050,JMC255
KHP674-001-2026010,SYTH222
KHP674-201-2026010,SYTH222
KHP676-401-2026010,TTS227
KHP677-001-2026010,SLBE226
KHP677-201-2026010,SLBE226
KHP678-001-2026010,SYTH222
KHP679-001-2026010,JMC255
KHP679-001-2026030,SYTH222
KHP679-201-2026030,SYTH222
KHP679-202-2026010,MJIC222
KHP683-001-2026030,JKNICH2
KHP684-001-2026010,SKSE232
KHP685-401-2026010,JKNICH2
KHP686-201-2026010,RDFL223
KHP688-401-2026030,RDFL223
KHP748-014-2026010,MLCO247
KHP757-001-2026030,MGABEL2
KHP757-002-2026030,ABEIG2
KHP757-003-2026030,JLCLAS0
KHP757-004-2026030,HERWI2
KHP757-005-2026030,HBE233
KHP757-006-2026030,MJIC222
KHP757-007-2026030,FGA229
KHP757-008-2026030,MASA259
KHP757-009-2026030,MCA243
KHP768-218-2026050,SKSE232
LA105-001-2026010,JPH235
LA111-001-2026010,RAHARG0
LA111-002-2026010,RAHARG0
LA111-003-2026010,RAHARG0
LA111-004-2026010,RAHARG0
LA121-001-2026030,RAHARG0
LA161-001-2026030,ACSE223
LA162-001-2026010,ACSE223
LA205-001-2026030,JKO234
LA222-001-2026010,TLMI250
LA223-001-2026030,CSA233
LA262-001-2026030,ACSE223
LA271-001-2026030,CSA233
LA324-001-2026010,JKO234
LA345-001-2026010,JPH235
LA355-001-2026030,TLMI250
LA355-401-2026010,HZAN222
LA372-001-2026010,RAHARG0
LA373-001-2026030,JTMENK2
LA398-001-2026030,JPH235
LA399-010-2026050,CBWI247
LA400-001-2026010,TLMI250
LA425-001-2026010,ACSE223
LA426-001-2026030,JPH235
LA531-001-2026030,CSA233
LAS201-001-2026010,DVA225
LAS201-001-2026030,ASLIBE2
LAS395-001-2026010,ASLIBE2
LAS395-001-2026030,ASLIBE2
LAS395-002-2026030,ASLIBE2
LAS399-001-2026030,ASLIBE2
LAS401-001-2026010,ASLIBE2
LAS401-001-2026030,ASLIBE2
LAT101-001-2026010,JRKA246
LAT101-002-2026010,MTSU226
LAT101-201-2026010,VCVA222
LAT101-202-2026010,RLE233
LAT102-001-2026030,NEPO234
LAT102-002-2026030,OJKO223
LAT102-201-2026010,LHI227
LAT102-201-2026030,JRKA246
LAT201-001-2026010,OJKO223
LAT201-002-2026010,EPRI229
LAT202-001-2026030,JMTUNB2
LAT211-210-2026050,LHI227
LAT211-211-2026050,RLE233
LAW801-001-2026010,EMARVI0
LAW801-002-2026010,JBL272
LAW802-001-2026030,EMARVI0
LAW802-002-2026030,KMOORE
LAW805-001-2026010,MJDAVIS
LAW805-002-2026010,MSBO239
LAW805-003-2026010,HEALYM
LAW806-001-2026010,BBST222
LAW806-001-2026010,MDMU229
LAW806-002-2026010,BBST222
LAW806-002-2026010,MDMU229
LAW806-003-2026010,LRGI224
LAW806-003-2026010,RAVALE2
LAW806-004-2026010,LRGI224
LAW806-004-2026010,RAVALE2
LAW806-005-2026010,AJSIPE2
LAW806-005-2026010,BMTI224
LAW806-006-2026010,AJSIPE2
LAW806-006-2026010,BMTI224
LAW806-007-2026010,CLLO248
LAW806-007-2026010,MHENK1
LAW806-008-2026010,CLLO248
LAW806-008-2026010,MHENK1
LAW807-001-2026030,SAKU225
LAW807-002-2026030,ZBR223
LAW809-001-2026010,CDSCHU2
LAW810-001-2026010,IMFR223
LAW810-002-2026010,RKWI231
LAW811-001-2026010,RKWI231
LAW811-001-2026030,IMFR223
LAW813-001-2026010,ECMO244
LAW813-001-2026010,EWLE228
LAW814-001-2026010,KSRIP2
LAW814-010-2026050,CMA432
LAW815-001-2026010,JADO226
LAW815-002-2026010,CLDO251
LAW816-001-2026030,BBST222
LAW816-001-2026030,MDMU229
LAW816-002-2026030,BBST222
LAW816-002-2026030,MDMU229
LAW816-003-2026030,LRGI224
LAW816-003-2026030,RAVALE2
LAW816-004-2026030,LRGI224
LAW816-004-2026030,RAVALE2
LAW816-005-2026030,AJSIPE2
LAW816-005-2026030,BMTI224
LAW816-006-2026030,AJSIPE2
LAW816-006-2026030,BMTI224
LAW816-007-2026030,CLLO248
LAW816-007-2026030,MHENK1
LAW816-008-2026030,CLLO248
LAW816-008-2026030,MHENK1
LAW817-001-2026030,SRCA272
LAW817-002-2026030,CLDO251
LAW819-001-2026010,JDSH230
LAW820-001-2026030,JDSH230
LAW820-002-2026030,JDSH230
LAW820-003-2026030,JDSH230
LAW820-004-2026030,JDSH230
LAW821-001-2026010,ALSPAR0
LAW821-001-2026030,MAST306
LAW821-002-2026010,MAST306
LAW821-002-2026030,ALSPAR0
LAW821-003-2026010,WLST226
LAW822-001-2026010,JDSH230
LAW822-001-2026030,JADO226
LAW823-001-2026030,MJDAVIS
LAW824-001-2026010,SJRO232
LAW824-001-2026030,SJRO232
LAW824-002-2026030,SJRO232
LAW824-010-2026050,SJRO232
LAW825-001-2026010,JWHA233
LAW825-001-2026030,JWHA233
LAW825-002-2026030,BBST222
LAW826-001-2026010,ABGRAY0
LAW827-001-2026030,CWISD2
LAW829-001-2026010,AJSI270
LAW830-001-2026030,SRCA272
LAW832-001-2026030,JPPRAT2
LAW833-001-2026010,CLDE224
LAW833-001-2026030,CLDE224
LAW833-010-2026050,CLDE224
LAW835-001-2026010,SAKU225
LAW835-001-2026030,CDSCHU2
LAW835-010-2026050,CDSCHU2
LAW836-001-2026010,PBBL222
LAW838-001-2026030,WETH222
LAW845-001-2026030,JMDO234
LAW850-001-2026010,MICHAELD
LAW850-002-2026010,MICHAELD
LAW851-001-2026010,AJKL229
LAW851-001-2026030,MICHAELD
LAW855-001-2026010,AJKL229
LAW858-010-2026050,YJU224
LAW860-001-2026010,KMOORE
LAW860-001-2026030,DABR223
LAW861-001-2026010,DABR223
LAW863-001-2026030,DABR223
LAW866-001-2026030,GSBA223
LAW870-001-2026010,ZBR223
LAW872-001-2026010,KMOORE
LAW875-001-2026030,AJKL229
LAW876-001-2026010,LBVA225
LAW876-001-2026030,ZBR223
LAW881-001-2026030,PBBL222
LAW882-001-2026010,PBBL222
LAW882-001-2026030,EMARVI0
LAW885-001-2026030,EMARVI0
LAW887-001-2026010,JCNICH1
LAW890-001-2026010,KSRIP2
LAW890-001-2026030,KSRIP2
LAW891-010-2026050,BBST222
LAW892-001-2026010,BBST222
LAW893-001-2026030,BBST222
LAW895-001-2026030,JEIN224
LAW895-001-2026030,SLSTEP0
LAW896-001-2026010,ZBR223
LAW896-001-2026030,TDAT222
LAW896-002-2026030,ACZI223
LAW896-002-2026030,DLHUGH00
LAW896-003-2026030,IMFR223
LAW896-004-2026030,BBST222
LAW896-005-2026030,BBST222
LAW896-006-2026030,JCDU255
LAW896-010-2026050,MDMU229
LAW896-011-2026050,DLHUGH00
LAW898-001-2026010,HEALYM
LAW901-001-2026010,JBCO233
LAW901-001-2026030,ACZI223
LAW901-001-2026030,DLHUGH00
LAW901-002-2026010,WCTRAC2
LAW901-002-2026030,CHKR225
LAW901-003-2026010,ELJONE4
LAW901-003-2026030,WCTRAC2
LAW901-004-2026030,ELJONE4
LAW901-005-2026030,JBCO233
LAW901-006-2026030,ACZI223
LAW901-006-2026030,DLHUGH00
LAW901-007-2026030,DLHUGH00
LAW901-010-2026050,LRGI224
LAW902-001-2026010,ACZI223
LAW902-001-2026010,DLHUGH00
LAW902-001-2026030,MICHAELD
LAW902-002-2026010,DLHUGH00
LAW902-002-2026030,DMBA281
LAW902-010-2026050,JBCO233
LAW902-011-2026050,TCTHOM3
LAW902-012-2026050,DLHUGH00
LAW903-001-2026010,MDMU229
LAW903-001-2026030,MDMU229
LAW903-002-2026010,BLFR222
LAW903-002-2026030,BBST222
LAW904-001-2026010,TDAT222
LAW904-001-2026030,AJKL229
LAW905-001-2026010,CLLO248
LAW905-001-2026030,CLLO248
LAW906-001-2026010,SRCA272
LAW906-001-2026030,GJO228
LAW907-001-2026010,DLMC269
LAW907-001-2026030,RTEWIN2
LAW907-002-2026010,CDDEVI0
LAW908-001-2026010,DABR223
LAW909-001-2026030,BBST222
LAW910-001-2026010,LSY223
LAW911-001-2026030,MMO348
LAW912-001-2026030,LSY223
LAW914-001-2026030,MJDAVIS
LAW915-001-2026010,TDAT222
LAW915-001-2026030,SWMC230
LAW916-001-2026010,CLDO251
LAW916-001-2026030,RBDI222
LAW919-001-2026030,MSBO239
LAW920-001-2026010,JBL272
LAW920-001-2026030,HEALYM
LAW921-001-2026010,JADO226
LAW925-001-2026010,JMDO234
LAW926-001-2026010,MICHAELD
LAW927-001-2026030,HEALYM
LAW929-001-2026030,BLFR222
LAW931-001-2026030,KMOORE
LAW934-001-2026030,SAKU225
LAW935-001-2026010,JBL272
LAW940-001-2026030,MSBO239
LAW941-001-2026030,JDSH230
LAW942-001-2026010,EMARVI0
LAW942-001-2026030,BLFR222
LAW943-001-2026030,RKWI231
LAW948-001-2026030,IMFR223
LAW949-001-2026030,CLDO251
LAW949-010-2026050,JPST243
LAW950-001-2026030,KSRIP2
LAW952-001-2026010,MJDAVIS
LAW957-001-2026010,BLFR222
LAW960-001-2026030,DLHUGH00
LAW961-001-2026030,MHENK1
LAW962-001-2026030,ZBR223
LAW963-001-2026010,KMOORE
LAW963-001-2026030,KMOORE
LAW966-001-2026030,MHENK1
LAW971-001-2026010,WNWA224
LAW971-001-2026030,CMCL224
LAW972-001-2026010,DLHUGH00
LAW972-001-2026030,DLHUGH00
LAW978-001-2026030,DLHUGH00
LIN200-001-2026010,ABJO249
LIN200-001-2026030,ABJO249
LIN200-001-2026030,JSFRIE0
LIN200-002-2026010,ABJO249
LIN200-002-2026030,ABJO249
LIN200-002-2026030,JSFRIE0
LIN200-003-2026010,BRBR224
LIN200-201-2026030,GNWA226
LIN200-201-2026030,JSFRIE0
LIN200-202-2026010,GNWA226
LIN200-202-2026030,AMBY222
LIN211-001-2026010,GNWA226
LIN211-001-2026010,JSFRIE0
LIN211-001-2026030,GNWA226
LIN211-001-2026030,JSFRIE0
LIN211-002-2026010,JSFRIE0
LIN211-002-2026010,NEOB223
LIN211-002-2026030,JSFRIE0
LIN211-002-2026030,NEOB223
LIN211-003-2026010,JGBR239
LIN211-003-2026010,JSFRIE0
LIN211-003-2026030,JGBR239
LIN211-003-2026030,JSFRIE0
LIN211-005-2026010,JSFRIE0
LIN211-005-2026010,NEOB223
LIN211-007-2026010,JGBR239
LIN211-007-2026010,JSFRIE0
LIN211-008-2026010,JGBR239
LIN211-008-2026010,JSFRIE0
LIN211-008-2026030,JFR267
LIN211-009-2026010,JSFRIE0
LIN211-009-2026010,NEOB223
LIN211-011-2026010,SRTA237
LIN211-201-2026010,SRTA237
LIN211-201-2026030,JSFRIE0
LIN211-201-2026030,NEOB223
LIN211-202-2026010,SRTA237
LIN211-202-2026030,JGBR239
LIN211-202-2026030,JSFRIE0
LIN211-203-2026030,JSFRIE0
LIN211-203-2026030,NEOB223
LIN211-204-2026030,JGBR239
LIN211-204-2026030,JSFRIE0
LIN221-001-2026010,JFR267
LIN221-001-2026030,MRLAUE2
LIN221-002-2026030,YMA271
LIN300-001-2026010,JFR267
LIN301-001-2026010,AMBY222
LIN305-001-2026030,JCA488
LIN310-001-2026030,BOSCH
LIN317-001-2026010,BOSCH
LIN317-002-2026010,JCA488
LIN317-002-2026030,AMBY222
LIN317-003-2026010,YMA271
LIN317-003-2026030,ERBARR2
LIN317-004-2026010,DPR235
LIN317-004-2026030,YMA271
LIN317-005-2026010,YMA271
LIN317-005-2026030,YMA271
LIN317-006-2026030,BRBR224
LIN331-001-2026030,KBMC229
LIN331-001-2026030,SRTA237
LIN495-001-2026030,KBMC229
LIN505-001-2026010,JCA488
LIN508-001-2026010,ERBARR2
LIN511-001-2026030,JFR267
LIN515-001-2026030,BOSCH
LIN517-001-2026010,KBMC229
LIN517-002-2026010,AVBROW2
LIN517-002-2026030,TSU224
LIN527-001-2026010,AMBY222
LIN550-001-2026030,JCA488
LIN601-001-2026010,MRLAUE2
LIN606-001-2026030,DPR235
LIN617-001-2026030,DPR235
LIN617-002-2026030,ABU258
LIN748-001-2026030,KBMC229
LIS510-201-2026010,SJMEYE0
LIS510-201-2026030,SJMEYE0
LIS510-202-2026010,SJMEYE0
LIS510-202-2026030,SJMEYE0
LIS510-210-2026050,SJMEYE0
LIS600-201-2026010,MEBL230
LIS600-201-2026030,MEBL230
LIS600-202-2026010,DDI253
LIS600-202-2026030,MEBL230
LIS600-210-2026050,DDI253
LIS601-201-2026010,SBA324
LIS601-201-2026030,SBA324
LIS601-202-2026010,RMSTEI0
LIS601-202-2026030,RMSTEI0
LIS602-201-2026010,MEBL230
LIS602-201-2026030,MEBL230
LIS602-202-2026010,MEBL230
LIS602-202-2026030,SCBA253
LIS603-201-2026010,NCH224
LIS603-201-2026030,NCH224
LIS603-202-2026010,SBA324
LIS603-202-2026030,MEBL230
LIS606-201-2026030,MCCA246
LIS609-201-2026030,JIVA222
LIS610-201-2026010,MCCA246
LIS614-201-2026030,ATHURL2
LIS615-201-2026030,MLDO236
LIS617-201-2026010,CSBU225
LIS618-201-2026030,SPGR227
LIS619-201-2026010,DDI253
LIS623-201-2026030,SBA324
LIS624-201-2026030,CSBU225
LIS627-201-2026010,CMRO273
LIS631-201-2026010,NCH224
LIS631-210-2026050,NCH224
LIS643-201-2026010,BRE253
LIS643-201-2026030,BRE253
LIS644-201-2026010,JWALLE0
LIS645-201-2026010,BRE253
LIS645-201-2026030,BRE253
LIS645-210-2026050,BRE253
LIS646-201-2026010,MNNOE2
LIS647-201-2026030,MCCA246
LIS659-201-2026010,JWOL222
LIS659-201-2026030,JWOL222
LIS661-201-2026010,SPGR227
LIS662-201-2026030,SJO267
LIS665-201-2026010,YCH311
LIS668-201-2026030,NCH224
LIS672-201-2026010,BRE253
LIS672-204-2026030,SCBA253
LIS676-201-2026010,MCCA246
LIS676-201-2026030,KTO261
LIS676-210-2026050,KTO261
LIS690-201-2026010,SJO267
LIS690-201-2026030,TMO310
LIS690-202-2026030,SCBA253
LIS690-203-2026010,SBA324
LIS690-204-2026010,RRCOMB2
LIS690-206-2026010,SJO267
LIS690-206-2026030,FAPE223
LIS690-207-2026010,LASC233
LIS690-208-2026030,RMSTEI0
LIS690-209-2026030,SJO267
LIS690-210-2026030,HZH308
LIS690-210-2026050,SJO267
LJ201-001-2026010,PLY223
LJ201-001-2026030,JJSH247
LJ201-002-2026010,PLY223
LJ201-002-2026030,PLY223
LJ201-003-2026010,ATSM231
LJ201-003-2026030,JJSH247
LJ201-004-2026010,JJSH247
LJ201-004-2026030,ABA445
LJ201-201-2026030,CDRISK2
LJ201-201-2026030,MAZI223
LJ301-001-2026010,CDRISK2
LJ301-001-2026030,JJSH247
LJ301-002-2026010,CDRISK2
LJ301-002-2026030,JJSH247
LJ391-001-2026030,PLY223
LJ391-002-2026010,PLY223
LJ391-201-2026010,RLE233
LJ399-001-2026010,DSVOSS
LJ399-001-2026030,DSVOSS
LJ499-001-2026010,CDRISK2
LST301-001-2026010,CMA302
LST302-001-2026010,DMPARS2
LST303-001-2026030,CMA302
LST304-001-2026030,DMPARS2
LST305-001-2026030,CMA302
LST306-001-2026030,DMPARS2
LST395-001-2026010,JHANN2
LST395-002-2026010,SLE311
LST395-003-2026010,CMA302
LST395-004-2026010,DMPARS2
LST395-005-2026010,DMPARS2
LST395-005-2026010,SLE311
LST400-001-2026030,NKAKAF2
LST402-001-2026010,DKE246
LST402-001-2026030,CMA302
LST402-001-2026030,DKE246
LST403-001-2026010,CMA302
LST404-001-2026030,JMC424
LST405-001-2026030,DMPARS2
LST406-001-2026010,DMPARS2
LST409-001-2026010,CMA302
LST409-001-2026010,DMPARS2
LST410-001-2026030,CMA302
LST410-001-2026030,DMPARS2
LST425-001-2026030,DKE246
MA109-001-2026010,MMI330
MA109-001-2026030,PZA226
MA109-002-2026010,KLPA237
MA109-002-2026030,MMI330
MA109-003-2026010,MMI330
MA109-003-2026030,PZA226
MA109-004-2026010,CHO309
MA109-004-2026030,PZA226
MA109-005-2026010,PZA226
MA109-005-2026030,EKWO222
MA109-006-2026010,BLBU245
MA109-006-2026030,EKWO222
MA109-007-2026010,PZA226
MA109-007-2026030,MPBR235
MA109-008-2026010,BLBU245
MA109-008-2026030,MPBR235
MA109-009-2026010,CHO309
MA109-009-2026030,KEFFI2
MA109-010-2026010,AJHEIL0
MA109-010-2026030,KEFFI2
MA109-011-2026010,CHO309
MA109-012-2026010,AJHEIL0
MA109-013-2026010,NDNG224
MA109-013-2026030,LRO297
MA109-013-2026030,MMI330
MA109-014-2026010,PZA226
MA109-014-2026030,LRO297
MA109-014-2026030,MMI330
MA109-015-2026010,NDNG224
MA109-015-2026030,AJDA236
MA109-016-2026010,ATON222
MA109-017-2026010,MPBR235
MA109-018-2026010,DME260
MA109-019-2026010,MPBR235
MA109-020-2026010,DME260
MA109-021-2026010,KEFFI2
MA109-022-2026010,MPBR235
MA109-023-2026010,KEFFI2
MA109-024-2026010,FBI228
MA109-025-2026010,KEFFI2
MA109-026-2026010,FBI228
MA109-028-2026010,EKWO222
MA109-028-2026010,PCCA231
MA109-029-2026010,EKWO222
MA109-029-2026010,PCCA231
MA109-030-2026010,MMI330
MA109-030-2026010,STR255
MA109-031-2026010,MMI330
MA109-031-2026010,STR255
MA109-032-2026010,JMBE296
MA109-601-2026010,KLPA237
MA109-602-2026010,KLPA237
MA109-603-2026010,KLPA237
MA109-604-2026010,KLPA237
MA109-605-2026010,KLPA237
MA109-606-2026010,KLPA237
MA109-607-2026010,KLPA237
MA109-608-2026010,KLPA237
MA109-609-2026010,KLPA237
MA109-610-2026010,KLPA237
MA109-611-2026010,KLPA237
MA109-612-2026010,KLPA237
MA110-001-2026010,AJCI228
MA110-001-2026010,BFEL222
MA110-001-2026030,BFEL222
MA110-001-2026030,NAMA261
MA110-002-2026010,AJCI228
MA110-002-2026010,BFEL222
MA110-002-2026030,BFEL222
MA110-002-2026030,NAMA261
MA110-003-2026010,BFEL222
MA110-003-2026010,FMU252
MA110-003-2026030,BFEL222
MA110-003-2026030,IBKO223
MA110-004-2026010,BFEL222
MA110-004-2026010,FMU252
MA110-004-2026030,BFEL222
MA110-004-2026030,JTVO224
MA110-005-2026010,BFEL222
MA110-005-2026010,JTVO224
MA110-005-2026030,BFEL222
MA110-005-2026030,JTVO224
MA110-006-2026010,BFEL222
MA110-006-2026010,WLRI225
MA110-007-2026010,BFEL222
MA110-007-2026010,PLA247
MA110-008-2026010,BFEL222
MA110-008-2026010,PLA247
MA110-009-2026010,BFEL222
MA110-009-2026010,HEME234
MA110-010-2026010,BFEL222
MA110-010-2026010,HEME234
MA110-011-2026010,CHRU227
MA110-011-2026010,PZA226
MA110-012-2026010,CHRU227
MA110-012-2026010,PZA226
MA110-013-2026010,JTVO224
MA110-013-2026010,PZA226
MA110-014-2026010,ECA331
MA110-014-2026010,PZA226
MA110-015-2026010,ECA331
MA110-015-2026010,PZA226
MA110-016-2026010,BFEL222
MA110-016-2026010,EBU241
MA110-017-2026010,BFEL222
MA110-017-2026010,EBU241
MA110-018-2026010,BFEL222
MA110-018-2026010,EBU241
MA110-019-2026010,BFEL222
MA110-019-2026010,EBU241
MA110-020-2026010,EBU241
MA110-020-2026010,PZA226
MA110-021-2026010,EBU241
MA110-021-2026010,PZA226
MA111-001-2026010,PSA270
MA111-002-2026010,PSA270
MA111-002-2026030,AAL416
MA111-003-2026010,CHO309
MA111-003-2026030,SAHA304
MA111-004-2026010,EKWO222
MA111-004-2026030,SAHA304
MA111-005-2026010,AAL416
MA111-005-2026030,CHO309
MA111-006-2026010,AAL416
MA111-006-2026030,CHO309
MA111-007-2026010,EKWO222
MA111-008-2026010,SAHA304
MA111-008-2026030,NDNG224
MA111-009-2026010,SAHA304
MA111-009-2026030,DARI239
MA111-010-2026010,CBGE225
MA111-010-2026030,BJBA255
MA111-011-2026010,CBGE225
MA111-011-2026030,KVI248
MA111-013-2026030,NDNG224
MA111-014-2026010,NDNG224
MA111-014-2026030,NDNG224
MA111-015-2026010,NDNG224
MA111-016-2026010,SAHA304
MA111-017-2026010,SAHA304
MA111-018-2026010,FEHE222
MA111-201-2026010,AAL416
MA111-201-2026030,AAL416
MA113-001-2026010,MPYI222
MA113-001-2026010,PHA290
MA113-002-2026010,MPYI222
MA113-002-2026010,PHA290
MA113-002-2026030,BLBU245
MA113-002-2026030,HEME234
MA113-003-2026010,JTHA231
MA113-003-2026010,MPYI222
MA113-003-2026030,BLBU245
MA113-003-2026030,HEME234
MA113-004-2026010,JLE330
MA113-004-2026010,MPYI222
MA113-004-2026030,AMMO379
MA113-004-2026030,BLBU245
MA113-005-2026010,JTHA231
MA113-005-2026010,MPYI222
MA113-006-2026010,JLE330
MA113-006-2026010,MPYI222
MA113-007-2026010,MHTO224
MA113-007-2026010,NAMA261
MA113-007-2026030,AAL768
MA113-007-2026030,MHTO224
MA113-008-2026010,MHTO224
MA113-008-2026010,NAMA261
MA113-008-2026030,LMO291
MA113-008-2026030,MHTO224
MA113-009-2026010,EJVI229
MA113-009-2026010,MHTO224
MA113-009-2026030,LMO291
MA113-009-2026030,MHTO224
MA113-010-2026010,EJVI229
MA113-010-2026010,MHTO224
MA113-011-2026010,MHTO224
MA113-011-2026010,NAKO230
MA113-011-2026030,BLBU245
MA113-011-2026030,CHRU227
MA113-012-2026010,LYYA225
MA113-012-2026010,REHRE2
MA113-012-2026030,BLBU245
MA113-012-2026030,CHRU227
MA113-013-2026010,LYYA225
MA113-013-2026010,REHRE2
MA113-013-2026030,AAL768
MA113-013-2026030,BLBU245
MA113-014-2026010,FKE232
MA113-014-2026010,REHRE2
MA113-014-2026030,AMMO379
MA113-014-2026030,BLBU245
MA113-015-2026010,FKE232
MA113-015-2026010,REHRE2
MA113-016-2026010,ALBA336
MA113-016-2026010,REHRE2
MA113-017-2026010,ALBA336
MA113-017-2026010,REHRE2
MA113-018-2026010,AMMO379
MA113-018-2026010,NJST237
MA113-019-2026010,AMMO379
MA113-019-2026010,NJST237
MA113-020-2026010,NAKO230
MA113-020-2026010,NJST237
MA113-021-2026010,MHMC239
MA113-021-2026010,NJST237
MA113-022-2026010,MHMC239
MA113-022-2026010,NJST237
MA114-001-2026010,CBGE225
MA114-001-2026010,LWMA227
MA114-001-2026030,CBGE225
MA114-001-2026030,PCCA231
MA114-002-2026010,CBGE225
MA114-002-2026010,LWMA227
MA114-002-2026030,CBGE225
MA114-002-2026030,EBU241
MA114-003-2026010,CBGE225
MA114-003-2026010,JLWA281
MA114-003-2026030,CBGE225
MA114-003-2026030,EBU241
MA114-004-2026010,CBGE225
MA114-004-2026010,MUHA222
MA114-004-2026030,CBGE225
MA114-004-2026030,PCCA231
MA114-005-2026010,CBGE225
MA114-005-2026010,JLWA281
MA114-006-2026010,CBGE225
MA114-006-2026010,MUHA222
MA114-006-2026030,KLVA243
MA114-006-2026030,UBOD223
MA114-007-2026010,AADE250
MA114-007-2026010,JOOL224
MA114-007-2026030,JTHA231
MA114-007-2026030,KLVA243
MA114-008-2026010,AADE250
MA114-008-2026010,JOOL224
MA114-008-2026030,JTHA231
MA114-008-2026030,KLVA243
MA114-009-2026010,AADE250
MA114-009-2026010,AJCO302
MA114-009-2026030,KLVA243
MA114-009-2026030,UBOD223
MA114-010-2026010,AADE250
MA114-010-2026010,AJCO302
MA114-010-2026030,ECA331
MA114-010-2026030,KLVA243
MA114-011-2026010,AADE250
MA114-011-2026010,NAR239
MA114-011-2026030,ECA331
MA114-011-2026030,KLVA243
MA114-012-2026010,AADE250
MA114-012-2026010,NAR239
MA114-012-2026030,CBGE225
MA114-012-2026030,JDKE228
MA114-013-2026030,CBGE225
MA114-013-2026030,JDKE228
MA114-014-2026030,CBGE225
MA114-014-2026030,JLE330
MA114-015-2026030,CBGE225
MA114-015-2026030,JLE330
MA123-001-2026010,BLBU245
MA123-001-2026010,WNST225
MA123-001-2026030,HBI239
MA123-001-2026030,JBSCHM3
MA123-002-2026010,BLBU245
MA123-002-2026010,WNST225
MA123-002-2026030,HBI239
MA123-002-2026030,JBSCHM3
MA123-003-2026010,BLBU245
MA123-003-2026010,WNST225
MA123-003-2026030,HBI239
MA123-003-2026030,JBSCHM3
MA123-004-2026010,BLBU245
MA123-004-2026010,WNST225
MA123-004-2026030,HBI239
MA123-004-2026030,JBSCHM3
MA123-005-2026010,BLBU245
MA123-005-2026010,LWI302
MA123-005-2026030,EHE294
MA123-005-2026030,JBSCHM3
MA123-006-2026010,BLBU245
MA123-006-2026010,LWI302
MA123-007-2026030,FMU252
MA123-007-2026030,KGO274
MA123-008-2026010,KGO274
MA123-008-2026010,LWI302
MA123-008-2026030,FMU252
MA123-008-2026030,KGO274
MA123-009-2026010,KGO274
MA123-009-2026010,NKGB223
MA123-009-2026030,FMU252
MA123-009-2026030,KGO274
MA123-010-2026010,KGO274
MA123-010-2026010,NKGB223
MA123-010-2026030,FMU252
MA123-010-2026030,KGO274
MA123-011-2026010,KGO274
MA123-011-2026010,NKGB223
MA123-011-2026030,KGO274
MA123-011-2026030,STR255
MA123-012-2026010,KGO274
MA123-012-2026010,NKGB223
MA123-012-2026030,KGO274
MA123-012-2026030,STR255
MA123-013-2026010,EHE294
MA123-013-2026010,KGO274
MA123-013-2026030,KGO274
MA123-013-2026030,STR255
MA123-014-2026010,KGO274
MA123-014-2026010,MAFI256
MA123-014-2026030,KGO274
MA123-014-2026030,STR255
MA123-015-2026010,BSMA238
MA123-015-2026010,KGO274
MA123-015-2026030,KGO274
MA123-015-2026030,PHA290
MA123-016-2026010,BSMA238
MA123-016-2026010,KGO274
MA123-016-2026030,KGO274
MA123-016-2026030,PHA290
MA123-017-2026010,BSMA238
MA123-017-2026010,KGO274
MA123-017-2026030,EESU224
MA123-017-2026030,KGO274
MA123-018-2026010,BSMA238
MA123-018-2026010,KGO274
MA123-018-2026030,EESU224
MA123-018-2026030,KGO274
MA123-019-2026010,APA406
MA123-019-2026010,KGO274
MA123-019-2026030,KGO274
MA123-019-2026030,PHA290
MA123-020-2026010,KGO274
MA123-020-2026010,MAFI256
MA123-020-2026030,KGO274
MA123-020-2026030,PHA290
MA123-021-2026010,KGO274
MA123-021-2026010,LWI302
MA123-021-2026030,JOOL224
MA123-021-2026030,KGO274
MA123-022-2026010,EHE294
MA123-022-2026010,KGO274
MA123-022-2026030,JLWA281
MA123-022-2026030,KGO274
MA123-023-2026010,ACRA242
MA123-023-2026010,KGO274
MA123-024-2026010,ACRA242
MA123-024-2026010,KGO274
MA123-024-2026030,JOOL224
MA123-024-2026030,KGO274
MA123-025-2026010,ACRA242
MA123-025-2026010,KGO274
MA123-025-2026030,EHE294
MA123-025-2026030,MBA403
MA123-026-2026010,ACRA242
MA123-026-2026010,KGO274
MA123-027-2026010,APA406
MA123-027-2026010,KGO274
MA123-027-2026030,JLWA281
MA123-027-2026030,MBA403
MA123-028-2026030,JLWA281
MA123-028-2026030,MBA403
MA123-029-2026010,EHE294
MA123-029-2026010,MBA403
MA123-029-2026030,EESU224
MA123-029-2026030,MBA403
MA123-030-2026010,EHE294
MA123-030-2026010,MBA403
MA123-030-2026030,EESU224
MA123-030-2026030,MBA403
MA123-031-2026010,MBA403
MA123-031-2026010,UBOD223
MA123-031-2026030,FKE232
MA123-031-2026030,MBA403
MA123-032-2026010,MBA403
MA123-032-2026010,UBOD223
MA123-032-2026030,FKE232
MA123-032-2026030,MBA403
MA123-033-2026010,MBA403
MA123-033-2026010,UBOD223
MA123-033-2026030,FKE232
MA123-033-2026030,MBA403
MA123-034-2026010,MBA403
MA123-034-2026010,UBOD223
MA123-034-2026030,FKE232
MA123-034-2026030,MBA403
MA123-036-2026010,APA406
MA123-036-2026010,MBA403
MA123-036-2026030,JLWA281
MA123-036-2026030,MBA403
MA123-037-2026010,KVI248
MA123-037-2026010,MBA403
MA123-038-2026010,KVI248
MA123-038-2026010,MBA403
MA123-039-2026010,MAFI256
MA123-039-2026010,MBA403
MA123-040-2026010,KVI248
MA123-040-2026010,MBA403
MA123-041-2026010,KVI248
MA123-041-2026010,MBA403
MA123-601-2026030,MBA403
MA123-602-2026030,MBA403
MA123-604-2026030,MBA403
MA137-001-2026010,ACORS2
MA137-001-2026010,ARA340
MA137-001-2026030,ARA340
MA137-001-2026030,JBSCHM3
MA137-002-2026010,ACORS2
MA137-002-2026010,ARA340
MA137-002-2026030,ARA340
MA137-002-2026030,JBSCHM3
MA137-003-2026010,ACORS2
MA137-003-2026010,EHPI223
MA137-003-2026030,JBSCHM3
MA137-003-2026030,MHMC239
MA137-004-2026010,ACORS2
MA137-004-2026010,EHPI223
MA137-004-2026030,JBSCHM3
MA137-004-2026030,MHMC239
MA137-005-2026010,ACORS2
MA137-005-2026010,EESU224
MA137-006-2026010,ACORS2
MA137-006-2026010,EESU224
MA138-001-2026010,JAPE240
MA138-001-2026010,JBSCHM3
MA138-001-2026030,ACORS2
MA138-001-2026030,NAR239
MA138-002-2026010,JAPE240
MA138-002-2026010,JBSCHM3
MA138-002-2026030,ACORS2
MA138-002-2026030,NAR239
MA162-001-2026010,BRWH224
MA162-001-2026010,PSA270
MA162-001-2026030,KLPA237
MA162-001-2026030,NKGB223
MA162-002-2026010,BRWH224
MA162-002-2026010,PSA270
MA162-002-2026030,KLPA237
MA162-002-2026030,NKGB223
MA162-003-2026010,BRWH224
MA162-003-2026010,PSA270
MA162-003-2026030,KLPA237
MA162-003-2026030,NKGB223
MA162-004-2026010,BRWH224
MA162-004-2026010,PSA270
MA162-004-2026030,KLPA237
MA162-004-2026030,NKGB223
MA162-005-2026010,MSHO250
MA162-005-2026010,PSA270
MA162-005-2026030,ALBA336
MA162-005-2026030,KLPA237
MA162-006-2026010,MSHO250
MA162-006-2026010,PSA270
MA162-006-2026030,ALBA336
MA162-006-2026030,KLPA237
MA162-007-2026010,MSHO250
MA162-007-2026010,PSA270
MA162-007-2026030,KLPA237
MA162-007-2026030,LYYA225
MA162-008-2026010,MSHO250
MA162-008-2026010,PSA270
MA162-008-2026030,KLPA237
MA162-008-2026030,LYYA225
MA162-009-2026030,KLPA237
MA162-009-2026030,LYYA225
MA162-010-2026030,KLPA237
MA162-010-2026030,LYYA225
MA162-011-2026030,EJVI229
MA162-011-2026030,KLPA237
MA162-012-2026030,EJVI229
MA162-012-2026030,KLPA237
MA162-013-2026030,BRWH224
MA162-013-2026030,PZA226
MA162-014-2026030,PZA226
MA162-014-2026030,WNST225
MA162-015-2026030,PZA226
MA162-015-2026030,WNST225
MA162-016-2026030,PZA226
MA162-016-2026030,WNST225
MA162-017-2026030,EJVI229
MA162-017-2026030,PZA226
MA162-018-2026030,EJVI229
MA162-018-2026030,PZA226
MA162-019-2026030,PSA270
MA162-019-2026030,WNST225
MA162-020-2026030,BRWH224
MA162-020-2026030,PSA270
MA162-021-2026030,MSHO250
MA162-021-2026030,PSA270
MA162-022-2026030,MSHO250
MA162-022-2026030,PSA270
MA162-023-2026030,MSHO250
MA162-023-2026030,PSA270
MA162-024-2026030,MSHO250
MA162-024-2026030,PSA270
MA162-025-2026030,ALBA336
MA162-025-2026030,PSA270
MA162-026-2026030,ALBA336
MA162-026-2026030,PSA270
MA162-027-2026030,NAKO230
MA162-027-2026030,PSA270
MA162-028-2026030,NAKO230
MA162-028-2026030,PSA270
MA162-029-2026030,NAKO230
MA162-029-2026030,PSA270
MA162-030-2026030,NAKO230
MA162-030-2026030,PSA270
MA162-201-2026030,WLRI225
MA193-002-2026030,HEME234
MA193-003-2026030,HEME234
MA193-004-2026030,AMMO379
MA193-007-2026030,AAL768
MA193-008-2026030,LMO291
MA193-009-2026030,LMO291
MA193-011-2026030,CHRU227
MA193-012-2026030,CHRU227
MA193-013-2026030,AAL768
MA193-014-2026030,AMMO379
MA194-001-2026030,PCCA231
MA194-002-2026030,EBU241
MA194-003-2026030,EBU241
MA194-004-2026030,PCCA231
MA194-006-2026030,UBOD223
MA194-007-2026030,JTHA231
MA194-008-2026030,JTHA231
MA194-009-2026030,UBOD223
MA194-010-2026030,ECA331
MA194-011-2026030,ECA331
MA194-012-2026030,JDKE228
MA194-013-2026030,JDKE228
MA194-014-2026030,JLE330
MA194-015-2026030,JLE330
MA201-001-2026010,DARI239
MA201-001-2026030,AJCI228
MA201-002-2026010,DARI239
MA201-002-2026030,PLA247
MA201-003-2026010,IBKO223
MA201-004-2026010,IBKO223
MA201-005-2026010,AJDA236
MA201-006-2026010,AJDA236
MA202-001-2026030,EKWO222
MA202-002-2026030,LWMA227
MA202-003-2026030,MAFI256
MA202-004-2026030,ACRA242
MA202-005-2026030,MUHA222
MA202-006-2026030,BSMA238
MA213-001-2026010,AKAL244
MA213-001-2026010,KEHA289
MA213-001-2026030,EEFR238
MA213-001-2026030,SAHA304
MA213-002-2026010,AKAL244
MA213-002-2026010,KEHA289
MA213-003-2026010,AKAL244
MA213-003-2026010,NMCO231
MA213-003-2026030,EEFR238
MA213-003-2026030,SAHA304
MA213-004-2026010,AKAL244
MA213-004-2026010,NMCO231
MA213-004-2026030,EHPI223
MA213-004-2026030,SAHA304
MA213-005-2026010,AAL768
MA213-005-2026010,AKAL244
MA213-005-2026030,AJCO302
MA213-005-2026030,SAHA304
MA213-006-2026010,AAL768
MA213-006-2026010,AKAL244
MA213-006-2026030,EHPI223
MA213-006-2026030,PPERR0
MA213-007-2026010,FJCH223
MA213-007-2026010,HBI239
MA213-007-2026030,JAPE240
MA213-007-2026030,PPERR0
MA213-008-2026010,FJCH223
MA213-008-2026010,HBI239
MA213-008-2026030,KKA241
MA213-008-2026030,PPERR0
MA213-009-2026010,EEFR238
MA213-009-2026010,FJCH223
MA213-009-2026030,KKA241
MA213-009-2026030,PPERR0
MA213-010-2026010,EEFR238
MA213-010-2026010,FJCH223
MA213-010-2026030,AJCO302
MA213-010-2026030,PPERR0
MA213-011-2026010,FJCH223
MA213-011-2026010,LRO297
MA213-012-2026010,FJCH223
MA213-012-2026010,LRO297
MA213-013-2026010,CAMA268
MA213-013-2026010,NEZ225
MA213-014-2026010,CAMA268
MA213-014-2026010,NEZ225
MA213-015-2026010,CAMA268
MA213-015-2026010,JSA348
MA213-016-2026010,CAMA268
MA213-016-2026010,JSA348
MA213-017-2026010,CAMA268
MA213-017-2026010,ISRO230
MA213-018-2026010,CAMA268
MA213-018-2026010,ISRO230
MA214-001-2026010,JEBREN2
MA214-001-2026030,ISRO230
MA214-002-2026010,DLU245
MA214-002-2026030,BFEL222
MA214-003-2026010,PDHISL2
MA214-003-2026030,BFEL222
MA214-004-2026010,XSH228
MA214-004-2026030,CHO309
MA214-005-2026030,KPO226
MA214-006-2026030,FBI228
MA214-007-2026030,CHO309
MA214-008-2026030,PPERR0
MA241-001-2026030,APA406
MA261-001-2026010,JEBREN2
MA261-001-2026030,BJBRAU2
MA310-001-2026030,KLPA237
MA320-001-2026010,BAB237
MA320-001-2026010,SRINI
MA320-001-2026030,PSA270
MA320-002-2026010,BAB237
MA320-002-2026010,SRINI
MA320-002-2026030,NDNG224
MA320-003-2026030,SRINI
MA320-003-2026030,ZRHA235
MA321-001-2026010,DLU245
MA321-001-2026030,JQI229
MA322-001-2026010,MREAD2
MA322-001-2026030,MMI330
MA322-002-2026010,HGLUE2
MA322-002-2026030,CMMA241
MA322-003-2026010,HGLUE2
MA322-003-2026030,LWI302
MA322-004-2026010,DMU228
MA322-004-2026030,NMCO231
MA322-005-2026030,NEZ225
MA322-006-2026030,CBGE225
MA322-007-2026030,AAL416
MA322-008-2026030,MPYI222
MA322-201-2026010,MBA403
MA322-202-2026010,MBA403
MA323-001-2026010,YXU250
MA323-001-2026030,JQI229
MA327-001-2026010,ABA223
MA327-001-2026030,AMA631
MA330-001-2026010,MREAD2
MA330-001-2026030,BLBU245
MA337-001-2026030,DMU228
MA340-001-2026030,REHRE2
MA351-001-2026010,AADE250
MA352-001-2026030,NJST237
MA361-001-2026010,CAMA268
MA391-001-2026010,BJBRAU2
MA391-001-2026030,DME260
MA395-001-2026030,PDHISL2
MA395-002-2026030,CAMA268
MA395-003-2026030,DMU228
MA415G-001-2026010,BJBRAU2
MA416G-001-2026010,YZH392
MA417G-001-2026030,ABA223
MA420G-001-2026030,YXU250
MA421G-001-2026030,QYE3
MA427G-001-2026030,YZH392
MA432G-001-2026010,FJCH223
MA471G-001-2026010,MHTO224
MA506-001-2026010,ADY223
MA507-001-2026030,RHI235
MA514-001-2026010,YZH392
MA522-001-2026010,YXU250
MA533-001-2026010,PPERR0
MA537-001-2026030,DLU245
MA551-001-2026010,NJST237
MA561-001-2026010,XSH228
MA565-001-2026010,DHJE223
MA575-001-2026010,PDHISL2
MA601-001-2026010,BFEL222
MA611-018-2026030,KSE246
MA614-001-2026030,MPYI222
MA651-001-2026030,KPO226
MA654-001-2026010,BGU225
MA661-001-2026030,CAMA268
MA665-001-2026010,DHJE223
MA671-001-2026030,XSH228
MA676-001-2026030,PDHISL2
MA714-001-2026010,REHRE2
MA714-001-2026030,MREAD2
MA721-001-2026010,QYE3
MA749-001-2026030,BGU225
MA751-001-2026030,AADE250
MA757-001-2026030,BGU225
MA764-001-2026030,AKAL244
MA765-001-2026010,URNAGE2
MA765-001-2026030,KLVA243
MA767-001-2026030,BGU225
MA768-001-2026030,BGU225
MA769-001-2026030,BGU225
MA777-002-2026030,DMU228
MAP671-201-2026010,JFOB222
MAP671-201-2026030,JFOB222
MAP672-201-2026010,BLSHEA1
MAP672-201-2026010,MWWI222
MAP673-201-2026030,BLSHEA1
MAP675-201-2026010,BLSHEA1
MAP675-201-2026010,MWWI222
MAP695-201-2026010,MWWI222
MAP698-201-2026030,MWWI222
MAP699-201-2026030,MWWI222
MAS101-001-2026010,BRE257
MAS101-001-2026030,BRE257
MAS201-001-2026010,BJMC248
MAS201-001-2026030,BJMC248
MAS201-210-2026050,BJMC248
MAS300-001-2026010,EJEN226
MAS304-001-2026010,BRE257
MAS304-001-2026030,ERSA224
MAS304-002-2026010,BRE257
MAS310-001-2026030,KMO366
MAS312-001-2026010,CLHI241
MAS312-001-2026030,CLHI241
MAS319-001-2026010,NLMCDO2
MAS319-001-2026030,NLMCDO2
MAS319-002-2026010,SGU240
MAS319-002-2026030,XSH227
MAS319-003-2026010,XSH227
MAS322-001-2026010,ZTAI2
MAS322-001-2026030,ZTAI2
MAS323-001-2026010,XSH227
MAS323-001-2026030,XSH227
MAS332-201-2026010,MAHA300
MAS335-001-2026010,KOHU222
MAS342-001-2026030,AACUTA2
MAS342-210-2026050,AACUTA2
MAS342-401-2026010,AACUTA2
MAS362-001-2026010,WHA278
MAS362-001-2026030,WHA278
MAS390-001-2026010,RAHE225
MAS390-001-2026030,RAHE225
MAS390-002-2026010,MSHA258
MAS390-002-2026030,MSHA258
MAS390-003-2026010,MSHA258
MAS390-003-2026030,MSHA258
MAS403-001-2026010,CLHI241
MAS403-001-2026030,CLHI241
MAS404-001-2026030,BRE257
MAS412-001-2026010,LTE245
MAS412-001-2026030,LTE245
MAS414-001-2026030,BRE257
MAS420-001-2026030,KOHU222
MAS422-201-2026030,MAHA300
MAS430-001-2026030,ZTAI2
MAS435-201-2026030,MAHA300
MAS435-210-2026050,MAHA300
MAS442-001-2026030,CLHI241
MAS445-201-2026010,YKYU222
MAS445-201-2026030,YKYU222
MAS455-001-2026030,KDLU225
MAS490-001-2026010,BHA358
MAS490-001-2026030,RAHE225
MAS490-002-2026030,BHA358
MAS505-001-2026030,BJMC248
MAS540-001-2026010,ZTAI2
MAS560-401-2026010,KPU232
MAS590-001-2026010,EJEN226
MAS590-001-2026030,EJEN226
MAT114-001-2026010,MLTURN0
MAT114-001-2026030,MLTURN0
MAT114-002-2026010,MLTURN0
MAT114-002-2026030,MLTURN0
MAT120-001-2026010,MLTURN0
MAT120-001-2026030,MLTURN0
MAT237-001-2026010,MLTURN0
MAT237-001-2026030,MLTURN0
MAT247-201-2026030,RCA253
MAT247-202-2026030,RCA253
MAT247-230-2026020,MLTURN0
MAT315-001-2026010,LMU246
MAT315-001-2026030,LMU246
MAT330-001-2026030,HETLIZ
MAT359-001-2026010,MLTURN0
MAT414-001-2026010,SCWESL2
MAT433-001-2026030,SCWESL2
MAT480-701-2026010,SCWESL2
MAT480-701-2026030,SCWESL2
MAT510-001-2026010,SCWESL2
MAT550-001-2026010,RCA253
MAT550-201-2026010,RCA253
MAT559-001-2026030,HETLIZ
MAT570-201-2026030,MLEE6
MAT570-202-2026030,MLEE6
MAT572-201-2026010,RCA253
MAT572-202-2026010,RCA253
MAT575-001-2026010,LMU246
MAT575-201-2026010,LMU246
MAT575-202-2026010,LMU246
MB749-001-2026010,BGARV0
MB749-001-2026030,BGARV0
MB767-001-2026010,AKAPLAN
MB768-001-2026010,BGARV0
MB769-001-2026010,BGARV0
MBA610-001-2026010,KHANK2
MBA610-002-2026010,KHANK2
MBA610-201-2026030,JCH368
MBA610-202-2026030,JCSTOV2
MBA610-401-2026030,JCH368
MBA610-402-2026030,JCSTOV2
MBA615-001-2026010,JCMCCR2
MBA615-001-2026010,RLSIEV0
MBA615-201-2026010,RLSIEV0
MBA615-202-2026010,JCMCCR2
MBA615-401-2026010,RLSIEV0
MBA615-402-2026010,JCMCCR2
MBA616-201-2026030,RLSIEV0
MBA616-401-2026030,RLSIEV0
MBA620-001-2026010,AZA272
MBA620-002-2026010,LVINC2
MBA620-201-2026010,AZA272
MBA620-202-2026010,MCALEX2
MBA620-401-2026010,AZA272
MBA620-402-2026010,MCALEX2
MBA630-010-2026050,KJA234
MBA640-001-2026010,KGU236
MBA642-001-2026030,KGU236
MBA645-201-2026010,SEOLEA2
MBA645-401-2026010,SEOLEA2
MBA646-201-2026030,SEOLEA2
MBA646-401-2026030,SEOLEA2
MBA647-201-2026030,MSHA247
MBA647-401-2026030,MSHA247
MBA660-201-2026010,CSRU223
MBA660-401-2026010,CSRU223
MBA692-701-2026030,KGU236
MBA692-702-2026030,HMA250
MBA695-001-2026010,KGU236
MBA695-002-2026010,WALLYF
MBA695-201-2026030,JCMCCR2
MBA695-202-2026030,JRMCCA3
MBA695-401-2026030,JCMCCR2
MBA695-402-2026030,JRMCCA3
MCL100-001-2026010,JROUHIE
MCL135-001-2026010,JROUHIE
MCL200-001-2026010,AMGR331
MCL200-001-2026030,HHOEBU
MCL201-001-2026010,RDA235
MCL270-001-2026030,JROUHIE
MCL311-001-2026010,MVWE222
MCL312-001-2026010,BRBR224
MCL312-001-2026030,BRBR224
MCL312-002-2026030,ESLEE
MCL326-001-2026030,JBST264
MCL343-001-2026010,NJROGE2
MCL343-001-2026010,VOOL222
MCL343-001-2026030,CERO269
MCL343-001-2026030,NJROGE2
MCL343-002-2026010,NJROGE2
MCL343-002-2026010,VOOL222
MCL390-001-2026030,JEHORN1
MCL395-001-2026010,JEHORN1
MCL495-001-2026010,APA286
MCL495-001-2026030,MVWE222
MCL500-201-2026030,MSINOUE
MCL510-401-2026010,SHDUBR2
MCL517-001-2026010,AVBROW2
MCL591-001-2026030,AVVOSK2
MCL591-002-2026010,AMGR331
MCL591-002-2026030,MGO240
MCL591-003-2026030,AMGR331
MCL591-004-2026030,GKZA222
MCL591-201-2026010,CLATOT
MCL591-201-2026030,CLATOT
MCL591-401-2026010,AVVOSK2
MCL591-401-2026030,AVVOSK2
MCL592-001-2026010,JEHORN1
MCL592-001-2026030,NJROGE2
MCL592-002-2026030,MGO240
MCL593-001-2026010,MSINOUE
MCL593-001-2026030,MSINOUE
MCL593-002-2026030,JHE245
MCL593-003-2026010,DSLAYM
MCL593-003-2026030,DSLAYM
MCL593-004-2026030,MGO240
MCL593-005-2026030,JPE240
MCL596-001-2026010,MGO240
MCL598-001-2026010,JFR267
MCL598-001-2026030,JBST264
MCL601-001-2026030,SHDUBR2
MCL601-701-2026010,SHDUBR2
MCL610-001-2026010,SHDUBR2
MCL610-701-2026010,SHDUBR2
MCL650-001-2026010,SHDUBR2
MCL690-001-2026030,SHDUBR2
MD1800-001-2026010,SAHAIST
MD801-001-2026010,RMTO225
MD801-001-2026030,RMTO225
MD804-001-2026030,RMTO225
MD810-001-2026010,BPHI223
MD810-001-2026010,CRSIMM2
MD810-001-2026010,MAWURT0
MD810-001-2026010,RJCRAV2
MD810-001-2026030,DCOHEN
MD810-001-2026030,PMURPHY
MD821-021-2026030,ARHOEL0
MD821-021-2026030,EPST227
MD821-021-2026030,KETWIS2
MD821-021-2026030,MASTRO3
MD826-001-2026030,JRKO224
MD826-001-2026030,KSCAMP3
MD827-001-2026030,MADISS2
MD827-001-2026030,TEWI230
MD828-001-2026030,ARICH3
MD828-001-2026030,NRSH226
MD830-013-2026010,EEWA229
MD841-001-2026010,NSTILES
MD841-002-2026010,NSTILES
MD841-003-2026010,NSTILES
MD841-004-2026010,NSTILES
MD841-005-2026010,NSTILES
MD841-006-2026010,NSTILES
MD841-007-2026030,GKLIM2
MD841-007-2026030,NSTILES
MD841-008-2026030,GKLIM2
MD841-008-2026030,NSTILES
MD841-009-2026030,GKLIM2
MD841-009-2026030,NSTILES
MD841-010-2026030,GKLIM2
MD841-010-2026030,NSTILES
MD844-001-2026010,RBSL222
MD844-002-2026010,RBSL222
MD844-003-2026010,RBSL222
MD844-004-2026010,RBSL222
MD844-005-2026010,RBSL222
MD844-006-2026010,RBSL222
MD844-007-2026010,RBSL222
MD851-002-2026010,CABU225
MD851-002-2026010,MSROSE2
MD853-001-2026010,JWKE227
MD853-002-2026010,JWKE227
MD853-003-2026010,JWKE227
MD853-004-2026010,JWKE227
MD853-005-2026010,JWKE227
MD853-006-2026010,JWKE227
MD855-001-2026010,RMTO225
MD855-002-2026010,RMTO225
MD855-003-2026010,RMTO225
MD855-004-2026010,RMTO225
MD855-005-2026010,RMTO225
MD855-006-2026010,RMTO225
MD855-007-2026010,RMTO225
MD856-009-2026030,LXBLOND
MD856-010-2026030,LXBLOND
MDE800-001-2026030,CABU225
MDE800-001-2026030,MSROSE2
MDE801-001-2026010,CABU225
MDE801-001-2026030,MSROSE2
MDE802-001-2026030,JMHAMM4
MDE803-001-2026010,JMHAMM4
MDE803-021-2026010,JMHAMM4
MDE803-031-2026010,JMHAMM4
MDE807-001-2026010,SVO223
MDE810-001-2026030,TLRE238
MDE811-001-2026010,MRA282
MDE813-001-2026030,TLRE238
ME205-001-2026010,JTHENN1
ME205-001-2026030,JTHENN1
ME205-002-2026010,JTHENN1
ME205-002-2026030,WLI249
ME205-003-2026010,WLI249
ME205-003-2026030,JTHENN1
ME205-210-2026050,JTHENN1
ME220-001-2026010,KATZ
ME220-001-2026030,FTA229
ME220-002-2026010,KATZ
ME220-002-2026030,MRE252
ME220-210-2026050,FTA229
ME251-001-2026010,JZU230
ME251-001-2026010,MHA571
ME251-001-2026030,JSC226
ME251-010-2026010,JGA246
ME310-001-2026010,HPO234
ME310-001-2026030,RHA351
ME310-002-2026010,HPO234
ME310-002-2026030,JAKERR0
ME310-002-2026030,RHA351
ME310-003-2026010,HPO234
ME310-003-2026030,JAKERR0
ME310-003-2026030,RHA351
ME310-004-2026010,HPO234
ME310-004-2026030,JAKERR0
ME310-004-2026030,RHA351
ME310-005-2026010,HPO234
ME310-005-2026030,JAKERR0
ME310-005-2026030,RHA351
ME310-006-2026030,JAKERR0
ME310-006-2026030,RHA351
ME310-010-2026030,JGA246
ME311-001-2026010,MDO228
ME311-001-2026030,MDO228
ME311-002-2026010,MDO228
ME311-002-2026030,MDO228
ME311-003-2026010,MDO228
ME311-003-2026030,MDO228
ME311-004-2026010,JAKERR0
ME311-004-2026010,MDO228
ME311-004-2026030,MDO228
ME311-005-2026010,MDO228
ME311-005-2026030,MDO228
ME311-010-2026010,JGA246
ME321-001-2026010,FTA229
ME321-001-2026030,FTA229
ME321-010-2026010,JFMA228
ME321-210-2026050,JFMA228
ME325-001-2026010,DPSEKU0
ME325-001-2026030,MDO228
ME325-010-2026030,JFMA228
ME325-210-2026050,KATZ
ME330-001-2026010,DFR260
ME330-001-2026030,SMBE264
ME330-010-2026010,JFMA228
ME330-210-2026050,FTA229
ME340-001-2026010,RHA351
ME340-001-2026030,DHERRIN
ME340-010-2026030,HLI306
ME344-001-2026010,STEPHEN
ME344-001-2026030,RHA351
ME344-010-2026030,MBA319
ME344-210-2026050,MBA319
ME380-001-2026010,DHERRIN
ME395-001-2026010,FFBADU2
ME395-002-2026010,SCBA228
ME395-002-2026030,FFBADU2
ME395-003-2026010,MEGR259
ME395-003-2026030,SCBA228
ME395-004-2026010,HANSON
ME395-004-2026030,MRE252
ME395-005-2026010,JBHO223
ME395-005-2026030,HANSON
ME395-006-2026010,ISJAWA2
ME395-006-2026030,JBHO223
ME395-007-2026010,HEKARA2
ME395-007-2026030,ISJAWA2
ME395-008-2026010,AMA244
ME395-009-2026010,HCH298
ME395-009-2026030,HEKARA2
ME395-010-2026010,KLIU5
ME395-010-2026030,AMA244
ME395-011-2026030,HCH298
ME395-012-2026010,TMSEIG2
ME395-012-2026030,JPARKER
ME395-013-2026030,HPO234
ME395-014-2026030,TMSEIG2
ME395-015-2026010,STEPHEN
ME395-015-2026030,DPSEKU0
ME395-016-2026030,SSMITH
ME395-017-2026010,CATRIN0
ME395-017-2026030,STEPHEN
ME395-018-2026010,JFWE223
ME395-018-2026030,KATZ
ME395-019-2026010,XSU231
ME395-019-2026030,CATRIN0
ME395-020-2026010,CLU3
ME395-020-2026030,JFWE223
ME395-021-2026030,TIMWU
ME395-022-2026010,HPO234
ME395-022-2026030,MEGR259
ME395-023-2026010,MRE252
ME395-023-2026030,DHERRIN
ME395-024-2026010,TIMWU
ME395-024-2026030,WLI249
ME395-025-2026010,WLI249
ME395-025-2026030,JFMA228
ME395-026-2026030,NKAKAF2
ME395-027-2026010,JTHENN1
ME395-027-2026030,JSC226
ME395-028-2026010,JSC226
ME395-028-2026030,PWA254
ME395-029-2026030,SJPO228
ME395-030-2026030,SMBE264
ME395-031-2026030,MBA319
ME395-032-2026010,SJPO228
ME395-032-2026030,JTHENN1
ME395-033-2026010,MBA319
ME395-033-2026030,HLI306
ME395-034-2026030,KLIU5
ME395-035-2026010,JPARKER
ME395-035-2026030,JZU230
ME395-036-2026010,SMBE264
ME395-036-2026030,JGA246
ME395-037-2026010,JGA246
ME395-037-2026030,SGZA224
ME395-038-2026010,HLI306
ME395-038-2026030,DFR260
ME395-039-2026010,DHERRIN
ME411-001-2026010,JTHENN1
ME411-001-2026010,MDO228
ME411-001-2026030,MDO228
ME411-001-2026030,STEPHEN
ME411-010-2026010,CLU3
ME412-001-2026010,MDO228
ME412-001-2026010,STEPHEN
ME412-001-2026030,JTHENN1
ME412-001-2026030,MDO228
ME412-010-2026030,CLU3
ME416-001-2026010,NKAKAF2
ME417-010-2026030,MBA319
ME417-201-2026030,MBA319
ME440-001-2026010,MDO228
ME440-001-2026030,JPARKER
ME440-010-2026010,HLI306
ME501-001-2026010,JDBO227
ME501-001-2026030,JFWE223
ME501-010-2026010,CLU3
ME503-201-2026030,FFBADU2
ME503-401-2026030,FFBADU2
ME505-201-2026030,ISJAWA2
ME505-401-2026030,ISJAWA2
ME507-201-2026030,KDSEEV2
ME507-401-2026030,KDSEEV2
ME511-001-2026010,ISJAWA2
ME512-001-2026030,WLI249
ME516-001-2026010,SSI297
ME526-201-2026010,HOLLOWAY
ME530-001-2026010,SJPO228
ME531-001-2026010,SCBA228
ME555-001-2026010,CATRIN0
ME556-210-2026050,CLU3
ME563-001-2026030,KLIU5
ME590-010-2026030,JFMA228
ME599-001-2026010,JSC226
ME599-002-2026010,SMBE264
ME599-006-2026030,SGZA224
ME599-007-2026030,DFR260
ME599-008-2026010,BXI224
ME599-008-2026030,JZU230
ME599-009-2026030,MEGR259
ME599-010-2026010,MBA319
ME599-202-2026030,JRCAUD2
ME599-203-2026030,FFBADU2
ME599-402-2026030,JRCAUD2
ME599-403-2026030,FFBADU2
ME601-001-2026030,HCH298
ME605-201-2026010,WLI249
ME605-401-2026010,WLI249
ME606-201-2026010,FFBADU2
ME610-001-2026030,TIMWU
ME634-001-2026030,SCBA228
ME641-001-2026010,JFWE223
ME644-001-2026010,TMSEIG2
ME651-001-2026030,XSU231
ME671-001-2026010,YMZHANG
ME672-001-2026030,JXU239
ME681-001-2026010,CATRIN0
ME699-001-2026010,JSC226
ME699-002-2026010,SMBE264
ME699-006-2026030,SGZA224
ME699-007-2026030,DFR260
ME699-008-2026010,BXI224
ME699-008-2026030,JZU230
ME699-009-2026030,MEGR259
ME699-201-2026030,JRCAUD2
ME699-203-2026030,FFBADU2
ME699-401-2026030,JRCAUD2
ME699-403-2026030,FFBADU2
ME748-001-2026010,STEPHEN
ME748-001-2026030,STEPHEN
ME748-002-2026010,HCH298
ME748-002-2026030,ANDREWS
ME748-003-2026030,FFBADU2
ME748-004-2026010,MRE252
ME748-004-2026030,SCBA228
ME748-005-2026010,CATRIN0
ME748-005-2026030,MEGR259
ME748-006-2026010,SSMITH
ME748-006-2026030,HANSON
ME748-007-2026010,DPSEKU0
ME748-007-2026030,JTHENN1
ME748-008-2026010,CLU3
ME748-008-2026030,JBHO223
ME748-009-2026010,ISJAWA2
ME748-009-2026030,ISJAWA2
ME748-010-2026010,TMSEIG2
ME748-010-2026030,HEKARA2
ME748-011-2026010,DHERRIN
ME748-011-2026030,AMA244
ME748-012-2026010,FFBADU2
ME748-012-2026030,HCH298
ME748-013-2026010,SCBA228
ME748-013-2026030,JPARKER
ME748-014-2026010,XSU231
ME748-014-2026030,HPO234
ME748-015-2026010,AMA244
ME748-015-2026030,TMSEIG2
ME748-016-2026010,ANDREWS
ME748-016-2026030,DPSEKU0
ME748-017-2026010,MEGR259
ME748-017-2026030,SSMITH
ME748-018-2026010,TIMWU
ME748-018-2026030,KATZ
ME748-019-2026010,KLIU5
ME748-019-2026030,CATRIN0
ME748-020-2026010,JFWE223
ME748-020-2026030,JFWE223
ME748-021-2026010,HANSON
ME748-021-2026030,MRE252
ME748-022-2026010,WLI249
ME748-022-2026030,CLU3
ME748-023-2026010,HEKARA2
ME748-024-2026010,JBHO223
ME748-024-2026030,DHERRIN
ME748-025-2026010,HPO234
ME748-025-2026030,WLI249
ME748-026-2026010,JSC226
ME748-026-2026030,TIMWU
ME748-027-2026010,KATZ
ME748-027-2026030,KLIU5
ME748-028-2026010,PWA254
ME748-028-2026030,JSC226
ME748-029-2026030,SJPO228
ME748-030-2026010,COLLIVR
ME748-030-2026030,COLLIVR
ME748-031-2026010,SJPO228
ME748-031-2026030,PWA254
ME748-032-2026010,MBA319
ME748-032-2026030,MBA319
ME749-001-2026010,AMA244
ME749-001-2026030,JBHO223
ME749-002-2026010,TMSEIG2
ME749-002-2026030,TMSEIG2
ME749-003-2026030,AMA244
ME757-001-2026010,JFWE223
ME757-001-2026030,JFWE223
ME767-001-2026010,STEPHEN
ME767-001-2026030,STEPHEN
ME767-002-2026010,HCH298
ME767-002-2026030,ANDREWS
ME767-003-2026030,FFBADU2
ME767-004-2026010,MRE252
ME767-004-2026030,SCBA228
ME767-005-2026010,CATRIN0
ME767-005-2026030,MEGR259
ME767-006-2026030,HANSON
ME767-007-2026010,DPSEKU0
ME767-007-2026030,JTHENN1
ME767-008-2026010,CLU3
ME767-008-2026030,JBHO223
ME767-009-2026010,ISJAWA2
ME767-009-2026030,ISJAWA2
ME767-010-2026010,TMSEIG2
ME767-010-2026030,HEKARA2
ME767-011-2026010,DHERRIN
ME767-011-2026030,AMA244
ME767-012-2026010,FFBADU2
ME767-012-2026030,HCH298
ME767-013-2026010,SCBA228
ME767-013-2026030,JPARKER
ME767-014-2026010,JBHO223
ME767-014-2026030,HPO234
ME767-015-2026010,AMA244
ME767-015-2026030,TMSEIG2
ME767-016-2026010,HEKARA2
ME767-016-2026030,DPSEKU0
ME767-017-2026010,MEGR259
ME767-017-2026030,SSMITH
ME767-018-2026010,TIMWU
ME767-018-2026030,KATZ
ME767-019-2026010,JFWE223
ME767-019-2026030,CATRIN0
ME767-020-2026010,JPARKER
ME767-020-2026030,JFWE223
ME767-021-2026010,WLI249
ME767-021-2026030,MRE252
ME767-022-2026010,HANSON
ME767-022-2026030,CLU3
ME767-023-2026010,KLIU5
ME767-024-2026010,HPO234
ME767-024-2026030,TIMWU
ME767-025-2026010,JSC226
ME767-025-2026030,DHERRIN
ME767-026-2026010,JFMA228
ME767-026-2026030,WLI249
ME767-027-2026010,CBR285
ME767-027-2026030,JSC226
ME767-028-2026010,SJPO228
ME767-028-2026030,SJPO228
ME767-029-2026010,PWA229
ME767-029-2026030,KLIU5
ME767-030-2026010,SMBE264
ME767-030-2026030,JFMA228
ME767-031-2026010,JXU239
ME767-031-2026030,PWA254
ME767-032-2026010,NKAKAF2
ME767-032-2026030,SMBE264
ME767-033-2026010,XSU231
ME767-033-2026030,NKAKAF2
ME767-034-2026030,JXU239
ME767-035-2026030,CBR285
ME767-036-2026030,XSU231
ME768-001-2026010,AMA244
ME768-001-2026030,AMA244
ME768-002-2026010,JBHO223
ME768-002-2026030,ANDREWS
ME768-003-2026010,JSC226
ME768-003-2026030,FFBADU2
ME768-004-2026010,HPO234
ME768-004-2026030,SCBA228
ME768-005-2026010,SCBA228
ME768-005-2026030,SMBE264
ME768-006-2026010,DHERRIN
ME768-006-2026030,HCH298
ME768-007-2026010,SCBA228
ME768-007-2026030,MEGR259
ME768-008-2026010,MRE252
ME768-008-2026030,HANSON
ME768-009-2026010,STEPHEN
ME768-009-2026030,DHERRIN
ME768-010-2026010,MBA319
ME768-010-2026030,JBHO223
ME768-011-2026010,SJPO228
ME768-011-2026030,ISJAWA2
ME768-012-2026010,HEKARA2
ME768-012-2026030,HEKARA2
ME768-013-2026010,JFWE223
ME768-013-2026030,WLI249
ME768-014-2026030,KLIU5
ME768-015-2026030,CLU3
ME768-016-2026030,JFMA228
ME768-018-2026030,JPARKER
ME768-019-2026030,HPO234
ME768-020-2026030,SJPO228
ME768-021-2026030,MRE252
ME768-022-2026030,JSC226
ME768-023-2026030,TMSEIG2
ME768-024-2026030,DPSEKU0
ME768-025-2026030,SSMITH
ME768-026-2026030,STEPHEN
ME768-027-2026030,KATZ
ME768-028-2026030,CATRIN0
ME768-029-2026030,JXU239
ME768-030-2026030,JFWE223
ME768-031-2026030,TIMWU
ME768-032-2026030,PWA229
ME768-033-2026030,MBA319
ME769-001-2026010,JBHO223
ME769-001-2026030,JBHO223
ME780-001-2026010,HCH298
ME780-001-2026030,STEPHEN
ME780-002-2026010,STEPHEN
ME780-002-2026030,ANDREWS
ME780-003-2026010,MEGR259
ME780-003-2026030,FFBADU2
ME780-004-2026030,SCBA228
ME780-005-2026010,KATZ
ME780-005-2026030,MEGR259
ME780-006-2026010,CATRIN0
ME780-006-2026030,HANSON
ME780-007-2026030,JTHENN1
ME780-008-2026010,DPSEKU0
ME780-008-2026030,JBHO223
ME780-009-2026010,CLU3
ME780-009-2026030,ISJAWA2
ME780-010-2026010,ISJAWA2
ME780-010-2026030,HEKARA2
ME780-011-2026010,TMSEIG2
ME780-011-2026030,AMA244
ME780-012-2026010,DHERRIN
ME780-012-2026030,HCH298
ME780-013-2026010,FFBADU2
ME780-013-2026030,WLI249
ME780-014-2026010,SCBA228
ME780-014-2026030,JPARKER
ME780-015-2026010,JBHO223
ME780-015-2026030,FFBADU2
ME780-015-2026030,HPO234
ME780-016-2026010,AMA244
ME780-016-2026030,TMSEIG2
ME780-017-2026010,MRE252
ME780-017-2026030,SSMITH
ME780-018-2026010,TIMWU
ME780-018-2026030,KATZ
ME780-019-2026010,JFWE223
ME780-019-2026030,CATRIN0
ME780-020-2026010,HEKARA2
ME780-020-2026030,JFWE223
ME780-021-2026010,XSU231
ME780-021-2026030,MRE252
ME780-022-2026010,HANSON
ME780-022-2026030,CLU3
ME780-023-2026010,WLI249
ME780-024-2026010,KLIU5
ME780-024-2026030,DPSEKU0
ME780-025-2026010,HPO234
ME780-025-2026030,TIMWU
ME780-026-2026010,JSC226
ME780-027-2026010,JFMA228
ME780-027-2026030,JSC226
ME780-028-2026010,MBA319
ME780-028-2026030,KLIU5
ME780-029-2026010,SJPO228
ME780-029-2026030,SJPO228
ME780-030-2026010,PWA254
ME780-030-2026030,XSU231
ME780-031-2026010,SMBE264
ME780-031-2026030,MBA319
ME780-032-2026030,JZU230
ME780-033-2026010,JZU230
ME780-033-2026030,JGA246
ME780-034-2026010,JGA246
ME790-001-2026010,JBHO223
ME790-001-2026030,STEPHEN
ME790-002-2026030,ANDREWS
ME790-003-2026010,FFBADU2
ME790-003-2026030,FFBADU2
ME790-004-2026010,SJPO228
ME790-004-2026030,SCBA228
ME790-005-2026010,AMA244
ME790-005-2026030,MEGR259
ME790-006-2026010,HEKARA2
ME790-006-2026030,HANSON
ME790-007-2026010,ISJAWA2
ME790-007-2026030,JTHENN1
ME790-008-2026010,NKAKAF2
ME790-008-2026030,JBHO223
ME790-009-2026010,KLIU5
ME790-009-2026030,ISJAWA2
ME790-010-2026010,JFMA228
ME790-010-2026030,HEKARA2
ME790-011-2026010,SCBA228
ME790-011-2026030,AMA244
ME790-012-2026010,XSU231
ME790-012-2026030,HCH298
ME790-013-2026010,JSC226
ME790-013-2026030,JPARKER
ME790-014-2026010,MEGR259
ME790-014-2026030,HPO234
ME790-015-2026010,SMBE264
ME790-015-2026030,TMSEIG2
ME790-016-2026010,HCH298
ME790-016-2026030,DPSEKU0
ME790-017-2026010,TIMWU
ME790-017-2026030,SSMITH
ME790-018-2026010,DHERRIN
ME790-018-2026030,KATZ
ME790-019-2026030,CATRIN0
ME790-020-2026030,JFWE223
ME790-021-2026030,MRE252
ME790-022-2026030,CLU3
ME790-024-2026030,TIMWU
ME790-025-2026030,WLI249
ME790-026-2026030,DHERRIN
ME790-027-2026030,JSC226
ME790-028-2026030,PWA254
ME790-029-2026030,JFMA228
ME790-030-2026030,SJPO228
ME790-031-2026030,SMBE264
ME790-032-2026030,XSU231
ME790-033-2026030,NKAKAF2
ME790-034-2026030,KLIU5
ME790-035-2026030,MBA319
ME799-001-2026010,JFWE223
ME799-001-2026030,JFWE223
MED815-001-2026010,BESAWA0
MED815-001-2026030,BESAWA0
MED815-002-2026030,NSTILES
MED815-003-2026030,RBYA222
MED815-004-2026030,MSROSE2
MED815-005-2026030,ADWE222
MED825-003-2026010,CABU225
MED825-003-2026010,MSROSE2
MED825-004-2026010,CABU225
MED825-004-2026010,MSROSE2
MED825-005-2026010,ADWE222
MED849-001-2026010,JJH222
MED849-002-2026010,JJH222
MED849-003-2026010,JJH222
MED849-004-2026010,JJH222
MED849-005-2026010,JJH222
MED849-006-2026010,JJH222
MED849-007-2026010,JJH222
MED856-001-2026010,TAY222
MED856-002-2026010,TAY222
MED856-003-2026010,TAY222
MED856-004-2026010,TAY222
MED856-005-2026010,TAY222
MED856-006-2026010,TAY222
MED856-007-2026010,TAY222
MED857-001-2026010,MMKH224
MED857-002-2026010,MMKH224
MED857-003-2026010,MMKH224
MED857-004-2026010,MMKH224
MED857-005-2026010,MMKH224
MED857-006-2026010,MMKH224
MED860-001-2026010,SAEL230
MED860-002-2026010,SAEL230
MED860-003-2026010,SAEL230
MED860-004-2026010,SAEL230
MED860-005-2026010,SAEL230
MED860-006-2026010,SAEL230
MED860-007-2026010,SAEL230
MED861-001-2026010,KETWIS2
MED861-002-2026010,KETWIS2
MED861-003-2026010,KETWIS2
MED861-004-2026010,KETWIS2
MED861-005-2026010,KETWIS2
MED861-006-2026010,KETWIS2
MED861-007-2026010,KETWIS2
MED863-007-2026030,AJGRAY2
MED863-008-2026030,AJGRAY2
MED863-009-2026030,AJGRAY2
MED863-010-2026030,AJGRAY2
MED864-001-2026010,DAOL223
MED864-002-2026010,DAOL223
MED864-003-2026010,DAOL223
MED864-004-2026010,DAOL223
MED864-005-2026010,DAOL223
MED864-006-2026010,DAOL223
MED864-007-2026010,DAOL223
MED864-009-2026030,DAOL223
MED864-010-2026030,DAOL223
MED871-001-2026010,MADISS2
MED871-001-2026010,MMKH224
MED871-002-2026010,KPBUCH0
MED871-002-2026010,MADISS2
MED871-002-2026010,MMKH224
MED871-003-2026010,KPBUCH0
MED871-003-2026010,MADISS2
MED871-003-2026010,MMKH224
MED871-004-2026010,KPBUCH0
MED871-004-2026010,MADISS2
MED871-004-2026010,MMKH224
MED871-005-2026010,KPBUCH0
MED871-005-2026010,MADISS2
MED871-005-2026010,MMKH224
MED871-006-2026010,KPBUCH0
MED871-006-2026010,MADISS2
MED871-006-2026010,MMKH224
MED871-007-2026010,KPBUCH0
MED871-007-2026010,MADISS2
MED871-007-2026010,MMKH224
MED874-002-2026010,JSGRIF00
MED874-003-2026010,JSGRIF00
MED874-004-2026010,JSGRIF00
MED874-005-2026010,JSGRIF00
MED874-006-2026010,JSGRIF00
MED874-007-2026010,JSGRIF00
MED874-008-2026030,JSGRIF00
MED874-009-2026030,JSGRIF00
MED874-010-2026030,JSGRIF00
MED875-001-2026010,EJRI222
MED875-002-2026010,EJRI222
MED875-003-2026010,EJRI222
MED875-004-2026010,EJRI222
MED875-005-2026010,EJRI222
MED875-006-2026010,EJRI222
MED875-007-2026010,EJRI222
MED876-001-2026010,GPMONO0
MED876-002-2026010,GPMONO0
MED876-003-2026010,GPMONO0
MED876-004-2026010,GPMONO0
MED876-005-2026010,GPMONO0
MED876-006-2026010,GPMONO0
MED876-007-2026010,GPMONO0
MED901-001-2026010,BLQU222
MED901-002-2026010,BLQU222
MED901-003-2026010,BLQU222
MED901-004-2026010,BLQU222
MED901-005-2026010,BLQU222
MED901-006-2026010,BLQU222
MED901-007-2026010,BLQU222
MED905-004-2026010,SMKO224
MED905-005-2026010,SMKO224
MED906-002-2026010,RTH228
MED906-003-2026010,RTH228
MED906-004-2026010,RTH228
MED906-005-2026010,RTH228
MED906-006-2026010,RTH228
MED906-007-2026010,RTH228
MED931-001-2026010,IWA232
MED931-002-2026010,IWA232
MED931-003-2026010,IWA232
MED931-004-2026010,IWA232
MED931-005-2026010,IWA232
MED931-006-2026010,IWA232
MED931-007-2026010,IWA232
MED932-001-2026010,RTST227
MED933-001-2026010,RTST227
MED934-002-2026010,MKA298
MED935-001-2026010,SSH385
MED936-001-2026010,RCH311
MED937-001-2026010,AAR262
MED938-001-2026010,JHSH227
MED939-001-2026010,MAH236
MED940-001-2026010,MKA298
MED941-001-2026010,DCA347
MED942-001-2026010,KGA270
MED942-008-2026030,KGA270
MED942-009-2026030,KGA270
MED942-010-2026030,KGA270
MED943-001-2026010,MFTO224
MED944-001-2026010,AFR267
MED945-001-2026010,NSH277
MED946-001-2026010,ASA319
MED946-002-2026010,ASA319
MED946-003-2026010,ASA319
MED946-004-2026010,ASA319
MED946-005-2026010,ASA319
MED946-006-2026010,ASA319
MED946-007-2026010,ASA319
MED978-008-2026030,MALAND0
MED978-009-2026030,MALAND0
MED978-010-2026030,MALAND0
MED980-001-2026010,NMWA231
MED980-002-2026010,NMWA231
MED980-003-2026010,NMWA231
MED980-004-2026010,NMWA231
MED980-005-2026010,NMWA231
MED980-006-2026010,NMWA231
MED980-007-2026010,NMWA231
MED999-001-2026010,SAHAIST
MED999-002-2026010,SAHAIST
MED999-003-2026010,SAHAIST
MED999-004-2026010,SAHAIST
MED999-005-2026010,SAHAIST
MFS501-001-2026010,JDBO227
MFS501-001-2026030,JFWE223
MFS501-010-2026010,CLU3
MFS503-201-2026030,FFBADU2
MFS507-201-2026030,KDSEEV2
MFS507-401-2026030,KDSEEV2
MFS511-001-2026010,ISJAWA2
MFS520-001-2026030,SJSC243
MFS526-201-2026010,HOLLOWAY
MFS556-210-2026050,CLU3
MFS599-001-2026010,JSC226
MFS599-202-2026030,JRCAUD2
MFS599-203-2026030,FFBADU2
MFS599-402-2026030,JRCAUD2
MFS599-403-2026030,FFBADU2
MFS605-201-2026010,WLI249
MFS605-401-2026010,WLI249
MFS606-201-2026010,FFBADU2
MFS611-201-2026030,AMEHR2
MFS611-401-2026030,AMEHR2
MFS613-201-2026030,DBO269
MFS699-001-2026010,JSC226
MFS699-202-2026030,JRCAUD2
MFS699-203-2026030,FFBADU2
MFS699-402-2026030,JRCAUD2
MFS699-403-2026030,FFBADU2
MFS748-001-2026010,FFBADU2
MFS748-001-2026030,FFBADU2
MFS748-002-2026010,ISJAWA2
MFS748-002-2026030,YCH224
MFS748-003-2026030,HOLLOWAY
MFS748-004-2026010,ISJAWA2
MFS748-004-2026030,ISJAWA2
MFS748-005-2026010,HPO234
MFS748-005-2026030,WLI249
MFS748-006-2026030,DPSEKU0
MFS748-007-2026030,WALCOTT
MFS748-008-2026030,YMZHANG
MFS748-010-2026030,JSE223
MFS748-011-2026030,JSC226
MFS768-001-2026010,FFBADU2
MFS768-001-2026030,FFBADU2
MFS768-002-2026010,ISJAWA2
MFS768-002-2026030,ISJAWA2
MFS780-001-2026030,FFBADU2
MFS780-002-2026030,YCH224
MFS780-003-2026030,HOLLOWAY
MFS780-004-2026030,ISJAWA2
MFS780-005-2026030,WLI249
MFS780-006-2026030,DPSEKU0
MFS780-007-2026030,WALCOTT
MFS780-008-2026030,YMZHANG
MFS780-010-2026030,JSC226
MFS780-201-2026030,FFBADU2
MFS780-202-2026030,YCH224
MFS780-203-2026010,WLI249
MFS780-203-2026030,HOLLOWAY
MFS780-204-2026010,JSC226
MFS780-204-2026030,ISJAWA2
MFS780-205-2026030,WLI249
MFS780-206-2026030,DPSEKU0
MFS780-207-2026030,WALCOTT
MFS780-208-2026030,YMZHANG
MFS780-210-2026030,JSC226
MFS784-001-2026030,FFBADU2
MFS784-002-2026030,YCH224
MFS784-003-2026030,HOLLOWAY
MFS784-004-2026030,ISJAWA2
MFS784-005-2026030,WLI249
MFS784-006-2026030,DPSEKU0
MFS784-007-2026030,WALCOTT
MFS784-008-2026030,YMZHANG
MFS784-010-2026030,JSC226
MFS784-011-2026030,NKAKAF2
MFS784-201-2026010,FFBADU2
MFS784-201-2026030,FFBADU2
MFS784-202-2026010,JSC226
MFS784-202-2026030,YCH224
MFS784-203-2026030,HOLLOWAY
MFS784-204-2026030,ISJAWA2
MFS784-205-2026030,WLI249
MFS784-206-2026030,DPSEKU0
MFS784-207-2026030,WALCOTT
MFS784-208-2026030,YMZHANG
MFS784-210-2026030,JSC226
MFS784-211-2026030,PWA254
MGT292-001-2026010,AMA641
MGT292-001-2026030,DHO289
MGT292-001-2026030,RSTEVENS
MGT292-002-2026030,DHA374
MGT301-001-2026010,JKI246
MGT301-001-2026030,JKI246
MGT301-201-2026010,JKI246
MGT301-201-2026030,JKI246
MGT301-210-2026050,RJDAVI0
MGT301-211-2026050,JKI246
MGT309-001-2026010,ZRED222
MGT309-001-2026030,ZRED222
MGT309-710-2026050,DHA229
MGT309-710-2026050,WALLYF
MGT320-001-2026010,HMA250
MGT320-001-2026030,HMA250
MGT320-002-2026010,JRBO259
MGT320-003-2026010,JRBO259
MGT320-003-2026030,HMA250
MGT320-004-2026010,DMA413
MGT320-004-2026030,DMA413
MGT320-005-2026010,DMA413
MGT320-005-2026030,CLU272
MGT320-007-2026010,JRBO259
MGT320-007-2026030,JRBO259
MGT320-008-2026010,JRBO259
MGT320-008-2026030,JRBO259
MGT340-001-2026010,RJDAVI0
MGT340-201-2026010,RJDAVI0
MGT340-201-2026030,RJDAVI0
MGT340-202-2026010,GPA223
MGT340-202-2026030,GPA223
MGT340-210-2026050,RJDAVI0
MGT340-401-2026030,RJDAVI0
MGT341-401-2026010,JSRA222
MGT341-401-2026030,JSRA222
MGT352-001-2026010,ELI254
MGT352-001-2026030,ELI254
MGT352-002-2026030,BABE244
MGT380-001-2026010,RKR235
MGT380-001-2026030,RKR235
MGT380-002-2026010,RKR235
MGT380-002-2026030,RKR235
MGT390-001-2026010,DMA413
MGT390-001-2026030,HMA250
MGT390-002-2026010,DMA413
MGT390-002-2026030,DMA413
MGT390-003-2026030,GGO253
MGT390-004-2026010,GGO253
MGT390-004-2026030,ZRED222
MGT390-005-2026030,DMA413
MGT390-006-2026030,DMA413
MGT390-007-2026030,HMA250
MGT390-008-2026030,LEBO247
MGT390-401-2026010,ZRED222
MGT390-710-2026050,HMA250
MGT395-001-2026010,WALLYF
MGT395-001-2026030,WALLYF
MGT395-002-2026010,HMA250
MGT395-002-2026030,HMA250
MGT395-003-2026030,DMA413
MGT395-004-2026030,JRBO259
MGT395-005-2026030,GGO253
MGT395-210-2026050,WALLYF
MGT410-001-2026010,MWO230
MGT410-001-2026030,RHO307
MGT410-002-2026010,BAPH228
MGT410-002-2026030,NGOT222
MGT410-003-2026010,VBE230
MGT410-003-2026030,RHO307
MGT410-004-2026010,HMA250
MGT410-004-2026030,VBE230
MGT410-005-2026010,HMA250
MGT410-005-2026030,AMEHR2
MGT410-007-2026010,MWO230
MGT410-201-2026010,ZRED222
MGT410-201-2026030,ZRED222
MGT410-210-2026050,ZRED222
MGT410-401-2026030,RHO307
MGT450-001-2026030,JKI246
MGT450-002-2026010,JKI246
MGT450-002-2026030,ELI254
MGT450-003-2026010,JKI246
MGT450-003-2026030,JKI246
MGT450-004-2026030,ELI254
MGT485-001-2026010,ZRED222
MGT485-401-2026030,ZRED222
MGT491-001-2026010,HWO235
MGT491-001-2026030,HWO235
MGT492-001-2026010,DHA374
MGT492-001-2026030,DHA374
MGT492-002-2026010,DHA374
MGT492-002-2026030,DHA374
MGT492-003-2026030,DHA374
MGT499-002-2026030,GGO253
MGT499-003-2026030,GGO253
MGT499-004-2026010,BST324
MGT499-004-2026030,GGO253
MGT499-005-2026010,GGO253
MGT499-006-2026010,DHA374
MGT499-006-2026030,JASI241
MGT499-007-2026010,BST324
MGT499-009-2026010,DHA229
MGT499-201-2026010,HJMA237
MGT499-201-2026030,ZRED222
MGT499-202-2026010,ZHU238
MGT499-202-2026030,ZHU238
MGT499-203-2026030,HJMA237
MGT499-210-2026050,ZRED222
MGT530-001-2026010,AAL457
MGT530-210-2026050,LVINC2
MGT530-710-2026050,JKI246
MGT530-710-2026050,LVINC2
MGT530-711-2026050,AAL457
MGT610-001-2026030,KGU236
MGT610-201-2026010,WALLYF
MGT610-401-2026010,WALLYF
MGT611-001-2026030,KKU248
MGT611-201-2026030,AMEHR2
MGT611-202-2026030,JRBO259
MGT611-203-2026030,JRBO259
MGT611-401-2026030,AMEHR2
MGT611-402-2026030,JRBO259
MGT612-201-2026010,ELI254
MGT612-401-2026010,ELI254
MGT650-201-2026010,BAPA235
MGT650-401-2026010,BAPA235
MGT651-201-2026030,JRBO259
MGT652-201-2026030,RJDAVI0
MGT653-201-2026010,XZHU2
MGT653-401-2026010,XZHU2
MGT660-201-2026030,RVI243
MGT661-001-2026010,GGO253
MGT661-201-2026010,GGO253
MGT661-201-2026030,BAPA235
MGT667-201-2026010,ANPI225
MGT667-401-2026010,ANPI225
MGT670-210-2026050,HMA250
MGT695-001-2026010,WALLYF
MGT695-001-2026030,WALLYF
MGT695-002-2026010,HMA250
MGT695-002-2026030,KGU236
MGT695-010-2026050,WALLYF
MGT697-010-2026050,HMA250
MGT699-010-2026050,WALLYF
MGT699-201-2026030,JKI267
MGT699-401-2026030,JKI267
MGT713-001-2026010,KKU248
MGT714-001-2026010,WALLYF
MGT780-001-2026030,SBORG2
MGT781-001-2026030,SBORG2
MGT781-002-2026030,AMEHR2
MGT790-001-2026010,JKI267
MGT790-001-2026030,JKI267
MGT795-002-2026010,RKR235
MGT795-210-2026050,HMA250
MI120-001-2026030,CDRA236
MI120-001-2026030,JYANN1
MI120-001-2026030,SDORA2
MI120-001-2026030,SINAI
MI482-001-2026010,RDUTC2
MI482-001-2026010,SCH412
MI482-001-2026010,SKGAND2
MI482-001-2026010,WMDE227
MI494G-001-2026010,BGARV0
MI494G-001-2026010,JDBR310
MI494G-001-2026010,JLSTUR0
MI494G-001-2026010,JSI239
MI494G-001-2026010,JYANN1
MI494G-001-2026030,ACHA264
MI494G-001-2026030,BGARV0
MI494G-001-2026030,JDBR310
MI494G-001-2026030,JLSTUR0
MI494G-001-2026030,JSI239
MI494G-001-2026030,JYANN1
MI495G-001-2026030,EGA246
MI495G-001-2026030,SDORA2
MI582-001-2026010,RDUTC2
MI582-001-2026010,SCH412
MI582-001-2026010,SKGAND2
MI582-001-2026010,WMDE227
MI616-001-2026030,CDJENN
MI616-001-2026030,GXI223
MI616-001-2026030,JVALE00
MI616-001-2026030,KFO241
MI616-001-2026030,LCH257
MI616-001-2026030,MEMO308
MI616-001-2026030,QWE223
MI616-001-2026030,TIZ222
MI616-001-2026030,WTFA224
MI616-001-2026030,XLI369
MI616-001-2026030,XWANGF
MI616-001-2026030,YYZAYT2
MI616-001-2026030,ZLI343
MI685-001-2026010,BNI226
MI685-001-2026010,BONDADA
MI685-001-2026010,ECSNOW01
MI685-001-2026010,JLSTUR0
MI685-001-2026010,JWOOD1
MI685-001-2026010,JYANN1
MI685-001-2026010,MAAL324
MI685-001-2026010,SKGAND2
MI704-001-2026030,BSPEAR
MI720-001-2026010,AKPI235
MI720-001-2026010,BGARV0
MI720-001-2026010,BSTEV0
MI720-001-2026010,EGA246
MI720-001-2026010,KANA224
MI720-001-2026010,MAAL324
MI720-001-2026010,SINAI
MI725-001-2026030,BGARV0
MI725-001-2026030,BSTEV0
MI725-001-2026030,CLSHAF2
MI725-001-2026030,FLI230
MI725-001-2026030,KAFIEL00
MI725-001-2026030,KANA224
MI725-001-2026030,LSGO226
MI725-001-2026030,SDORA2
MI725-001-2026030,SINAI
MI772-001-2026010,JYANN1
MI772-002-2026010,BSTEV0
MI772-002-2026030,BSTEV0
MKT300-001-2026010,JHAPK2
MKT300-001-2026030,JHAPK2
MKT300-002-2026010,JHAPK2
MKT300-002-2026030,JHAPK2
MKT300-003-2026010,NLSE225
MKT300-003-2026030,NLSE225
MKT300-004-2026030,NLSE225
MKT300-005-2026030,JPE252
MKT300-201-2026010,JHAPK2
MKT300-201-2026050,JHAPK2
MKT300-202-2026010,ROL228
MKT303-001-2026010,HSU237
MKT303-001-2026030,CCH241
MKT306-001-2026010,SZSM222
MKT306-001-2026030,SZSM222
MKT306-401-2026010,SZSM222
MKT306-401-2026030,SZSM222
MKT309-001-2026030,YMA247
MKT309-002-2026030,YMA247
MKT310-001-2026010,MGANDE1
MKT310-001-2026030,MGANDE1
MKT310-002-2026010,MGANDE1
MKT310-002-2026030,MGANDE1
MKT310-003-2026010,MGANDE1
MKT310-003-2026030,MGANDE1
MKT310-004-2026010,NADA240
MKT310-006-2026010,NADA240
MKT310-007-2026010,NADA240
MKT310-210-2026050,MGANDE1
MKT315-201-2026010,ANGRIM2
MKT315-201-2026030,ANGRIM2
MKT315-201-2026050,ANGRIM2
MKT320-001-2026010,MGANDE1
MKT320-001-2026030,MGANDE1
MKT320-002-2026010,MGANDE1
MKT320-002-2026030,MGANDE1
MKT324-001-2026010,JKAYAL2
MKT324-001-2026030,AMA631
MKT324-002-2026010,JKAYAL2
MKT324-002-2026030,AMA631
MKT325-001-2026030,LVINC2
MKT330-201-2026010,LVINC2
MKT340-002-2026010,LPE278
MKT340-003-2026010,ESM269
MKT340-003-2026030,CKE264
MKT340-004-2026010,ESM269
MKT340-004-2026030,CKE264
MKT340-005-2026030,CKE264
MKT340-006-2026010,ESM269
MKT340-007-2026010,LPE278
MKT340-008-2026010,LPE278
MKT340-201-2026030,LVINC2
MKT351-001-2026010,BABE244
MKT355-001-2026010,LVINC2
MKT390-002-2026010,DSH248
MKT395-001-2026010,YMA247
MKT395-001-2026030,DSH248
MKT395-710-2026050,LVINC2
MKT406-201-2026010,CCH241
MKT406-201-2026030,CCH241
MKT410-001-2026010,BRMU222
MKT410-001-2026030,MJO388
MKT410-002-2026010,MJO388
MKT410-002-2026030,MJO388
MKT410-003-2026010,MJO388
MKT410-003-2026030,MJO388
MKT410-004-2026010,MJO388
MKT420-001-2026010,RCMAHA00
MKT420-001-2026030,RCMAHA00
MKT420-002-2026010,RCMAHA00
MKT422-001-2026010,MJO388
MKT422-001-2026030,MJO388
MKT422-201-2026010,MBR447
MKT422-201-2026030,MBR447
MKT425-001-2026030,LFBR235
MKT425-002-2026030,LFBR235
MKT435-001-2026010,ROL228
MKT435-001-2026030,ROL228
MKT435-002-2026010,ROL228
MKT435-002-2026030,ROL228
MKT435-710-2026050,ROL228
MKT445-001-2026030,EAMELV0
MKT450-001-2026030,ROL228
MKT450-002-2026010,ROL228
MKT450-002-2026030,ROL228
MKT450-003-2026010,JMO368
MKT450-003-2026030,ANGRIM2
MKT450-004-2026010,JMO368
MKT450-004-2026030,ANGRIM2
MKT450-005-2026010,JMO368
MKT450-005-2026030,HXU231
MKT450-006-2026010,ANGRIM2
MKT450-006-2026030,HXU231
MKT450-007-2026030,HXU231
MKT530-001-2026010,AAL457
MKT600-001-2026010,AZA272
MKT600-002-2026010,LVINC2
MKT600-201-2026010,AZA272
MKT600-202-2026010,MCALEX2
MKT600-203-2026010,LVINC2
MKT600-401-2026010,AZA272
MKT600-402-2026010,MCALEX2
MKT601-001-2026010,DMHARD3
MKT601-201-2026010,DMHARD3
MKT610-001-2026010,AWCRAI2
MKT610-201-2026010,AWCRAI2
MKT611-001-2026030,LVINC2
MKT611-201-2026030,LVINC2
MKT615-001-2026010,ANGRIM2
MKT615-201-2026010,ANGRIM2
MKT620-001-2026030,ANGRIM2
MKT620-201-2026030,ANGRIM2
MKT622-201-2026010,BRMU222
MKT622-401-2026010,BRMU222
MKT625-201-2026030,LKEADS2
MKT629-201-2026030,RCMAHA00
MKT630-001-2026010,CCH241
MKT630-201-2026010,CCH241
MKT631-001-2026030,TGGROL00
MKT631-201-2026030,TGGROL00
MKT632-001-2026010,HSU237
MKT632-201-2026010,HSU237
MKT634-201-2026030,CCH241
MKT634-401-2026030,CCH241
MKT635-201-2026010,NLSE225
MKT635-401-2026010,NLSE225
MKT636-001-2026030,YMA247
MKT636-201-2026030,YMA247
MKT637-201-2026010,ELI254
MKT637-401-2026010,ELI254
MKT651-001-2026030,CCH241
MKT651-201-2026030,CCH241
MKT695-001-2026010,LVINC2
MKT695-201-2026030,LVINC2
MKT695-202-2026030,LVINC2
MKT695-203-2026030,LVINC2
MKT695-204-2026030,LVINC2
MKT695-205-2026030,LVINC2
MKT695-206-2026030,HSU237
MKT720-001-2026030,CHA466
MKT740-201-2026050,CCH241
MKT771-001-2026010,AWCRAI2
MLS120-001-2026010,MSPE223
MLS120-002-2026010,KLLA251
MLS121-001-2026030,CGU234
MLS400-202-2026010,MSPE223
MLS401-201-2026010,MSPE223
MLS410-010-2026050,CRSWAR0
MLS410-201-2026010,CRSWAR0
MLS410-202-2026010,CRSWAR0
MLS420-201-2026010,CRSWAR0
MLS420-202-2026010,CRSWAR0
MLS430-201-2026030,CGU234
MLS430-202-2026030,CGU234
MLS440-010-2026050,SRSCHW3
MLS440-210-2026050,SRSCHW3
MLS450-210-2026050,MSPE223
MLS460-201-2026010,SRSCHW3
MLS460-202-2026010,SRSCHW3
MLS460-501-2026010,SRSCHW3
MLS461-201-2026010,CGU234
MLS461-202-2026010,CGU234
MLS462-201-2026030,CRSWAR0
MLS462-202-2026030,CRSWAR0
MLS463-201-2026030,SRSCHW3
MLS463-202-2026030,SRSCHW3
MLS464-201-2026030,CGU234
MLS464-202-2026030,CGU234
MLS465-001-2026010,SRSCHW3
MLS466-001-2026010,CGU234
MLS467-201-2026030,CRSWAR0
MLS468-201-2026030,SRSCHW3
MLS469-201-2026030,MSPE223
MLS470-201-2026010,CRSWAR0
MLS470-201-2026010,SRSCHW3
MLS470-202-2026010,CRSWAR0
MLS470-202-2026010,SRSCHW3
MLS470-210-2026050,CGU234
MLS470-501-2026010,CRSWAR0
MLS470-501-2026010,SRSCHW3
MLS471-201-2026030,MSPE223
MLS471-202-2026030,MSPE223
MLS480-010-2026050,MSPE223
MLS480-201-2026010,MSPE223
MLS480-201-2026030,MSPE223
MLS480-210-2026050,MSPE223
MLS481-010-2026050,MSPE223
MLS481-201-2026010,MSPE223
MLS481-201-2026030,MSPE223
MLS481-202-2026010,MSPE223
MLS481-210-2026050,MSPE223
MLS481-501-2026010,MSPE223
MLS482-010-2026050,MSPE223
MLS482-201-2026010,MSPE223
MLS482-201-2026030,MSPE223
MLS482-202-2026010,MSPE223
MLS482-210-2026050,MSPE223
MLS482-501-2026010,MSPE223
MLS483-010-2026050,MSPE223
MLS483-201-2026010,MSPE223
MLS483-201-2026030,MSPE223
MLS483-202-2026010,MSPE223
MLS483-210-2026050,MSPE223
MLS483-501-2026010,MSPE223
MNG201-001-2026010,ZJHA234
MNG211-001-2026010,JTCA222
MNG211-001-2026030,JTCA222
MNG211-002-2026010,JTCA222
MNG260-001-2026030,JGGROP2
MNG291-001-2026030,SJSC243
MNG301-001-2026010,JGGROP2
MNG301-002-2026010,JGGROP2
MNG303-001-2026010,CMHE271
MNG303-001-2026030,CMHE271
MNG303-002-2026010,CMHE271
MNG303-002-2026030,CPGO226
MNG303-003-2026010,CMHE271
MNG303-003-2026030,CPGO226
MNG303-004-2026010,CMHE271
MNG303-004-2026030,CMHE271
MNG322-001-2026030,UK05620
MNG331-001-2026030,JTCA222
MNG332-001-2026010,ZAG222
MNG333-001-2026030,HONAKER
MNG371-001-2026030,LESH226
MNG395-001-2026010,HONAKER
MNG395-002-2026010,JSOTT01
MNG395-003-2026010,AMO466
MNG395-004-2026010,JMWE256
MNG395-005-2026010,PRO267
MNG395-006-2026010,SJSC243
MNG395-007-2026010,JGGROP2
MNG395-008-2026010,ZAG222
MNG435-001-2026030,PRO267
MNG441-001-2026010,PRO267
MNG451-001-2026010,ZAG222
MNG463-001-2026010,AMO466
MNG515-001-2026010,PRO267
MNG520-001-2026030,SJSC243
MNG535-001-2026030,AMO466
MNG542-001-2026010,ANDREWS
MNG542-001-2026010,JGGROP2
MNG551-001-2026030,ZAG222
MNG551-002-2026030,ZAG222
MNG580-001-2026010,HONAKER
MNG591-001-2026010,PRO267
MNG592-001-2026030,PRO267
MNG635-001-2026030,JSOTT01
MNG641-001-2026010,SJSC243
MNG691-001-2026030,HONAKER
MNG699-001-2026010,HONAKER
MNG748-001-2026010,HONAKER
MNG748-002-2026010,JSOTT01
MNG748-003-2026010,AMO466
MNG748-004-2026010,JMWE256
MNG748-005-2026010,PRO267
MNG748-006-2026010,SJSC243
MNG748-007-2026010,JGGROP2
MNG748-008-2026010,ZAG222
MNG749-001-2026010,HONAKER
MNG749-002-2026010,JSOTT01
MNG749-003-2026010,AMO466
MNG749-004-2026010,JMWE256
MNG749-005-2026010,PRO267
MNG749-006-2026010,SJSC243
MNG749-007-2026010,JGGROP2
MNG749-008-2026010,ZAG222
MNG757-001-2026010,HONAKER
MNG757-002-2026010,JSOTT01
MNG757-003-2026010,AMO466
MNG757-004-2026010,JMWE256
MNG757-005-2026010,PRO267
MNG757-005-2026050,PRO267
MNG757-006-2026010,SJSC243
MNG757-007-2026010,JGGROP2
MNG757-008-2026010,ZAG222
MNG767-001-2026010,HONAKER
MNG767-002-2026010,JSOTT01
MNG767-003-2026010,AMO466
MNG767-004-2026010,JMWE256
MNG767-005-2026010,PRO267
MNG767-006-2026010,SJSC243
MNG767-007-2026010,JGGROP2
MNG767-008-2026010,ZAG222
MNG768-001-2026010,HONAKER
MNG768-002-2026010,JSOTT01
MNG768-003-2026010,AMO466
MNG768-004-2026010,JMWE256
MNG768-005-2026010,PRO267
MNG768-006-2026010,SJSC243
MNG768-007-2026010,JGGROP2
MNG768-008-2026010,ZAG222
MNG769-001-2026010,HONAKER
MNG769-002-2026010,JSOTT01
MNG769-003-2026010,AMO466
MNG769-004-2026010,JMWE256
MNG769-005-2026010,PRO267
MNG769-006-2026010,SJSC243
MNG769-007-2026010,JGGROP2
MNG769-008-2026010,ZAG222
MNG771-001-2026030,SJSC243
MNG780-001-2026010,HONAKER
MNG780-002-2026010,JSOTT01
MNG780-003-2026010,AMO466
MNG780-004-2026010,JMWE256
MNG780-005-2026010,PRO267
MNG780-006-2026010,SJSC243
MNG780-007-2026010,JGGROP2
MNG780-008-2026010,ZAG222
MNG780-009-2026010,JTCA222
MNG780-010-2026050,PRO267
MNG790-001-2026010,HONAKER
MNG790-002-2026010,JSOTT01
MNG790-003-2026010,AMO466
MNG790-004-2026010,JMWE256
MNG790-005-2026010,PRO267
MNG790-006-2026010,SJSC243
MNG790-007-2026010,JGGROP2
MNG790-008-2026010,ZAG222
MSE201-001-2026010,AFPA225
MSE201-001-2026030,YCH224
MSE201-010-2026030,GLA232
MSE202-001-2026010,JACO362
MSE202-001-2026010,MHO409
MSE301-001-2026030,MHO409
MSE351-001-2026030,PFROTT2
MSE395-001-2026030,AFPA225
MSE395-002-2026030,MJBE223
MSE395-003-2026030,TJBALK2
MSE395-004-2026030,YCH224
MSE395-005-2026030,PFROTT2
MSE395-006-2026030,FYANG2
MSE395-008-2026030,MHO409
MSE395-010-2026050,TJBALK2
MSE395-011-2026050,MJBE223
MSE395-012-2026050,TZHAI0
MSE395-013-2026050,MCWEIS0
MSE395-014-2026050,MHO409
MSE395-710-2026050,MCWEIS0
MSE401G-001-2026010,FYANG2
MSE402G-001-2026030,FYANG2
MSE403G-001-2026030,TJCO244
MSE404G-001-2026010,MCH250
MSE407-001-2026030,TJCO244
MSE408-001-2026010,NJA275
MSE408-001-2026010,TJCO244
MSE436-001-2026010,PFROTT2
MSE470-001-2026010,MJBE223
MSE480-001-2026030,MJBE223
MSE535-001-2026030,FYANG2
MSE538-001-2026030,PFROTT2
MSE555-001-2026010,CATRIN0
MSE556-210-2026050,CLU3
MSE569-001-2026030,JKLUMPP
MSE585-001-2026010,TJCO244
MSE632-001-2026010,TJBALK2
MSE635-001-2026030,YCH224
MSE650-001-2026010,YCH224
MSE748-001-2026010,MJBE223
MSE748-001-2026030,MJBE223
MSE757-001-2026030,FYANG2
MSE757-002-2026030,TJBALK2
MSE757-003-2026030,MJBE223
MSE757-004-2026030,AFPA225
MSE757-005-2026030,PFROTT2
MSE757-006-2026030,YCH224
MSE767-001-2026030,TJBALK2
MSE767-002-2026030,MJBE223
MSE767-003-2026030,YCH224
MSE767-004-2026030,AFPA225
MSE767-005-2026030,FYANG2
MSE767-006-2026030,PFROTT2
MSE767-007-2026030,JTPH224
MSE767-008-2026030,ANDREWS
MSE767-009-2026030,MHO409
MSE768-001-2026030,PFROTT2
MSE768-010-2026050,MJBE223
MSE781-001-2026030,TJBALK2
MSE781-002-2026030,MJBE223
MSE781-003-2026030,YCH224
MSE781-004-2026030,MHO409
MSE781-005-2026010,FYANG2
MSE781-005-2026030,FYANG2
MSE781-006-2026030,PFROTT2
MSE781-007-2026030,ANDREWS
MSE781-008-2026030,AFPA225
MSE782-001-2026030,BGI244
MSE790-001-2026030,TJBALK2
MSE790-002-2026030,MJBE223
MSE790-003-2026030,YCH224
MSE790-004-2026030,JTPH224
MSE790-005-2026030,FYANG2
MSE790-006-2026030,MHO409
MSE790-007-2026030,ANDREWS
MSE790-009-2026030,KALIKA
MUC110-001-2026010,TMA256
MUC110-001-2026030,TMA256
MUC110-002-2026010,ANI269
MUC110-002-2026030,ANI269
MUC150-001-2026010,JAM241
MUC150-001-2026010,VMCVA00
MUC150-002-2026010,JAM241
MUC150-002-2026010,VMCVA00
MUC150-003-2026010,VMCVA00
MUC150-004-2026010,FKU222
MUC150-004-2026010,VMCVA00
MUC150-005-2026010,VMCVA00
MUC151-001-2026030,JAM241
MUC151-001-2026030,VMCVA00
MUC151-002-2026030,JAM241
MUC151-002-2026030,VMCVA00
MUC151-003-2026030,VMCVA00
MUC151-004-2026030,FKU222
MUC151-004-2026030,VMCVA00
MUC151-005-2026030,VMCVA00
MUC152-001-2026010,VMCVA00
MUC152-002-2026010,FKU222
MUC152-002-2026010,VMCVA00
MUC152-003-2026010,FKU222
MUC152-003-2026010,VMCVA00
MUC152-004-2026010,JAM241
MUC152-004-2026010,VMCVA00
MUC153-001-2026030,VMCVA00
MUC153-002-2026030,FKU222
MUC153-002-2026030,VMCVA00
MUC153-003-2026030,FKU222
MUC153-003-2026030,VMCVA00
MUC153-004-2026030,JAM241
MUC153-004-2026030,VMCVA00
MUC155-001-2026010,ACLAY0
MUC155-001-2026010,PJSI224
MUC155-001-2026030,PJSI224
MUC157-001-2026010,SIPY222
MUC157-001-2026030,SIPY222
MUC158-001-2026010,ANI269
MUC158-001-2026010,BCMI222
MUC158-001-2026010,JBOD224
MUC158-001-2026010,JHO254
MUC158-001-2026010,TMA256
MUC158-001-2026010,WRIGHTS
MUC158-001-2026030,ANI269
MUC158-001-2026030,JBOD224
MUC158-001-2026030,JHO254
MUC158-001-2026030,TMA256
MUC158-001-2026030,WRIGHTS
MUC161-001-2026010,DSMI231
MUC162-001-2026010,TWU225
MUC163-001-2026010,ICGR227
MUC163-001-2026010,JRST306
MUC163-001-2026010,MAEREN2
MUC163-001-2026010,MLGA251
MUC163-001-2026030,ICGR227
MUC163-001-2026030,KJE248
MUC163-001-2026030,MAEREN2
MUC163-001-2026030,MLGA251
MUC170-001-2026010,BCKARP00
MUC170-001-2026030,BCKARP00
MUC170-002-2026010,BCKARP00
MUC170-002-2026030,DMASON
MUC170-003-2026010,ECO224
MUC170-003-2026030,BCKARP00
MUC170-004-2026010,TWU225
MUC170-004-2026030,ECO224
MUC170-005-2026010,DMASON
MUC170-005-2026030,TWU225
MUC171-001-2026010,MAEREN2
MUC171-001-2026030,MAEREN2
MUC171-002-2026010,JDO234
MUC171-002-2026010,JRST306
MUC171-002-2026010,KJE248
MUC171-002-2026030,JDO234
MUC171-003-2026010,JDO234
MUC171-003-2026030,BASM240
MUC171-004-2026010,BASM240
MUC171-004-2026030,BASM240
MUC171-005-2026010,BASM240
MUC171-005-2026030,JDO234
MUC171-006-2026010,BSKERN0
MUC171-006-2026030,BSKERN0
MUC171-007-2026030,BSKERN0
MUC171-008-2026030,JDO234
MUC172-001-2026030,ANI269
MUC172-002-2026010,JHO254
MUC172-002-2026030,JHO254
MUC172-003-2026010,TMA256
MUC172-003-2026030,TMA256
MUC172-004-2026010,WRIGHTS
MUC172-004-2026030,WRIGHTS
MUC172-005-2026010,ANI269
MUC172-005-2026030,RDAIL2
MUC172-006-2026010,RDAIL2
MUC172-006-2026030,RDAIL2
MUC172-007-2026010,LOSLA2
MUC172-007-2026030,LOSLA2
MUC172-008-2026010,JBOD224
MUC172-008-2026010,MOSAX
MUC172-008-2026030,MOSAX
MUC172-009-2026010,MOSAX
MUC172-009-2026030,JBOD224
MUC172-009-2026030,MOSAX
MUC172-010-2026010,MOSAX
MUC172-010-2026030,JBOD224
MUC172-010-2026030,MOSAX
MUC172-401-2026010,JBOD224
MUC172-401-2026010,MOSAX
MUC172-401-2026030,MOSAX
MUC172-402-2026010,JBOD224
MUC172-402-2026010,MOSAX
MUC172-402-2026030,JBOD224
MUC172-402-2026030,MOSAX
MUC173-001-2026010,JEIN223
MUC173-001-2026010,MRGEIG2
MUC173-001-2026010,SIPY222
MUC173-001-2026030,JEIN223
MUC173-001-2026030,MRGEIG2
MUC173-001-2026030,SIPY222
MUC173-002-2026010,JEIN223
MUC173-002-2026010,MRGEIG2
MUC173-002-2026010,SIPY222
MUC173-002-2026030,JEIN223
MUC173-002-2026030,MRGEIG2
MUC173-002-2026030,SIPY222
MUC173-003-2026030,JEIN223
MUC173-003-2026030,MRGEIG2
MUC173-003-2026030,SIPY222
MUC173-401-2026010,DLKW222
MUC173-401-2026030,DLKW222
MUC174-001-2026010,JJOHN2
MUC174-001-2026030,JJOHN2
MUC174-002-2026010,MCCORVEY
MUC174-401-2026030,MCCORVEY
MUC175-001-2026010,MOSAX
MUC175-001-2026030,MOSAX
MUC175-002-2026010,RDAIL2
MUC175-002-2026030,RDAIL2
MUC175-003-2026010,BSKERN0
MUC175-401-2026010,RMWHIT3
MUC175-401-2026030,RMWHIT3
MUC176-001-2026010,IRINAVO
MUC176-001-2026030,IRINAVO
MUC176-002-2026010,IRINAVO
MUC176-002-2026030,IRINAVO
MUC176-003-2026010,JACO297
MUC176-003-2026030,VMCVA00
MUC176-004-2026030,JACO297
MUC177-001-2026010,DHE226
MUC177-001-2026030,DHE226
MUC178-001-2026010,JDO234
MUC178-001-2026030,JDO234
MUC178-002-2026010,SSBU222
MUC187-001-2026010,ARVI227
MUC187-001-2026010,JCBIRD2
MUC187-001-2026010,JRAL231
MUC187-001-2026010,ZJZI223
MUC187-401-2026030,ARVI227
MUC187-401-2026030,JRAL231
MUC187-401-2026030,ZJZI223
MUC188-001-2026010,JRAL231
MUC188-001-2026010,SST290
MUC188-001-2026010,ZJZI223
MUC188-001-2026030,ARVI227
MUC188-001-2026030,SST290
MUC189-001-2026010,JCBIRD2
MUC189-001-2026030,JCBIRD2
MUC189-001-2026030,JRAL231
MUC189-001-2026030,ZJZI223
MUC190-001-2026010,ARVI227
MUC190-001-2026010,JEIN223
MUC190-001-2026010,JRAL231
MUC190-001-2026010,SST290
MUC190-001-2026010,ZJZI223
MUC190-001-2026030,ARVI227
MUC190-001-2026030,JRAL231
MUC190-001-2026030,SST290
MUC190-001-2026030,ZJZI223
MUC190-401-2026010,ARVI227
MUC190-401-2026010,JEIN223
MUC190-401-2026010,JRAL231
MUC190-401-2026010,SST290
MUC190-401-2026010,ZJZI223
MUC191-001-2026010,JNARD2
MUC191-001-2026030,JNARD2
MUC191-401-2026010,NMO282
MUC191-401-2026030,JNARD2
MUC191-401-2026030,NMO282
MUC192-001-2026010,BECR232
MUC192-001-2026010,ELWI225
MUC192-001-2026030,ELWI225
MUC192-002-2026010,BECR232
MUC192-002-2026010,ELWI225
MUC192-002-2026010,LHETZEL
MUC192-002-2026030,ELWI225
MUC192-003-2026010,JJOHN2
MUC192-003-2026030,JJOHN2
MUC196-001-2026010,CLBU246
MUC196-001-2026030,CLBU246
MUC198-001-2026010,MCCORVEY
MUC198-001-2026030,MCCORVEY
MUC198-002-2026010,MCCORVEY
MUC198-010-2026050,MCCORVEY
MUC423G-001-2026010,OYI222
MUC570-001-2026010,MRGEIG2
MUC570-001-2026030,MRGEIG2
MUC570-002-2026030,MRGEIG2
MUC570-003-2026010,TMA256
MUC570-003-2026030,TMA256
MUC570-004-2026010,JDO234
MUC570-004-2026030,DHE226
MUC570-005-2026010,JHO254
MUC570-005-2026030,JTR251
MUC570-006-2026010,IRINAVO
MUC570-006-2026030,BCKARP00
MUC570-007-2026010,BCKARP00
MUC570-007-2026030,BCKARP00
MUC570-008-2026010,BCKARP00
MUC570-008-2026030,JACO297
MUC570-009-2026010,BASM240
MUC570-010-2026010,MRGEIG2
MUC570-010-2026030,JJOHN2
MUC570-011-2026010,JJOHN2
MUC570-011-2026030,DMASON
MUC570-012-2026010,DMASON
MUC570-012-2026030,JDO234
MUC570-013-2026010,DLKW222
MUC570-013-2026030,BSKERN0
MUC570-014-2026010,BSKERN0
MUC570-014-2026030,JHO254
MUC570-015-2026010,WRIGHTS
MUC570-015-2026030,IRINAVO
MUC570-016-2026010,JDO234
MUC570-016-2026030,RDAIL2
MUC570-017-2026010,RDAIL2
MUC570-017-2026030,LOSLA2
MUC570-018-2026010,JACO297
MUC570-018-2026030,MOSAX
MUC570-019-2026010,BASM240
MUC570-019-2026030,MOSAX
MUC570-020-2026010,LOSLA2
MUC570-020-2026030,MOSAX
MUC570-021-2026010,MOSAX
MUC570-021-2026030,JDO234
MUC570-022-2026010,MOSAX
MUC570-022-2026030,WRIGHTS
MUC570-023-2026010,MOSAX
MUC570-023-2026030,BASM240
MUC570-024-2026010,DHE226
MUC570-024-2026030,SST290
MUC570-025-2026010,JTR251
MUC570-401-2026010,MOSAX
MUC570-401-2026030,MOSAX
MUC570-402-2026010,MOSAX
MUC570-402-2026030,MOSAX
MUC570-403-2026010,SST290
MUC570-403-2026030,DLKW222
MUC596-001-2026010,JPSCOT2
MUC596-001-2026030,MCCORVEY
MUC596-002-2026010,MCCORVEY
MUC596-002-2026030,MCCORVEY
MUC596-003-2026010,MCCORVEY
MUC596-003-2026030,CLBU246
MUC596-010-2026050,MCCORVEY
MUC675-001-2026010,MOSAX
MUC675-001-2026030,MOSAX
MUC675-002-2026010,RDAIL2
MUC675-002-2026030,RDAIL2
MUC675-003-2026010,BSKERN0
MUC689-001-2026010,JCBIRD2
MUC689-001-2026030,JCBIRD2
MUC691-001-2026010,JNARD2
MUC691-001-2026030,JNARD2
MUC691-401-2026010,JNARD2
MUC691-401-2026030,JNARD2
MUC692-001-2026010,ELWI225
MUC692-001-2026030,ELWI225
MUC692-002-2026010,LHETZEL
MUC692-002-2026030,ELWI225
MUC692-003-2026010,JJOHN2
MUC692-003-2026030,JJOHN2
MUP101-001-2026010,IRINAVO
MUP101-001-2026030,IRINAVO
MUP101-002-2026010,CRMA305
MUP101-002-2026010,JACO297
MUP101-002-2026030,JACO297
MUP101-003-2026010,RDAIL2
MUP101-003-2026030,RDAIL2
MUP101-004-2026010,VMCVA00
MUP101-004-2026030,VMCVA00
MUP101-005-2026030,VMCVA00
MUP101-006-2026010,EAGO236
MUP101-006-2026030,EAGO236
MUP102-001-2026010,MSPR223
MUP102-001-2026030,MSPR223
MUP102-002-2026010,JDBEND3
MUP102-002-2026030,JDBEND3
MUP102-003-2026010,MCCORVEY
MUP102-003-2026030,MCCORVEY
MUP102-004-2026010,MDU229
MUP102-004-2026030,CLA225
MUP102-005-2026010,ACLAY0
MUP102-005-2026030,ACLAY0
MUP102-006-2026010,EPARNO2
MUP102-006-2026030,FRO238
MUP102-007-2026010,DPCR225
MUP102-007-2026030,DPCR225
MUP102-008-2026010,MEGR292
MUP102-008-2026030,MEGR292
MUP102-009-2026010,EPWI229
MUP102-009-2026030,EPWI229
MUP102-010-2026010,GEAS223
MUP102-010-2026010,MSPR223
MUP102-010-2026030,BCH316
MUP102-011-2026010,PJSI224
MUP102-011-2026030,PJSI224
MUP102-012-2026010,BMWH239
MUP102-012-2026010,MSPR223
MUP102-012-2026030,BMWH239
MUP102-012-2026030,MSPR223
MUP102-013-2026010,EZA234
MUP102-013-2026030,EZA234
MUP102-014-2026010,MSPR223
MUP102-014-2026010,SDKI226
MUP102-014-2026030,MSPR223
MUP102-015-2026010,FRO238
MUP102-015-2026010,MSPR223
MUP102-016-2026010,MSPR223
MUP103-001-2026010,SWROBIN
MUP103-001-2026030,SWROBIN
MUP104-001-2026010,DMASON
MUP104-001-2026030,DMASON
MUP104-001-2026030,EEQU223
MUP104-001-2026030,SNVE224
MUP104-002-2026010,MBKARP2
MUP104-002-2026030,MBKARP2
MUP104-003-2026010,TWU225
MUP104-003-2026030,TWU225
MUP104-004-2026010,NEFO226
MUP104-004-2026030,NEFO226
MUP104-005-2026010,SHE250
MUP104-005-2026030,SHE250
MUP104-006-2026010,DMASON
MUP104-006-2026010,SNVE224
MUP104-006-2026030,DMASON
MUP104-006-2026030,SNVE224
MUP104-007-2026010,DMASON
MUP104-007-2026010,EEQU223
MUP104-007-2026030,DMASON
MUP104-007-2026030,EEQU223
MUP104-008-2026030,DMASON
MUP104-009-2026030,DMASON
MUP104-010-2026030,DMASON
MUP105-001-2026010,TWU225
MUP105-001-2026030,EJBU240
MUP105-001-2026030,GZO223
MUP105-001-2026030,TWU225
MUP105-002-2026010,MBKARP2
MUP105-002-2026030,MBKARP2
MUP105-003-2026010,TWU225
MUP105-003-2026030,TWU225
MUP106-001-2026010,BCKARP00
MUP106-001-2026030,BCKARP00
MUP106-002-2026030,BCKARP00
MUP106-003-2026030,BCKARP00
MUP107-001-2026010,PMRE224
MUP107-001-2026030,PMRE224
MUP107-002-2026010,EMUT223
MUP107-002-2026030,EMUT223
MUP108-001-2026010,JHO254
MUP108-001-2026010,KMUH222
MUP108-001-2026030,JHO254
MUP108-001-2026030,LEKO224
MUP109-001-2026010,AAJO264
MUP109-001-2026010,TMA256
MUP109-001-2026030,CYO240
MUP109-001-2026030,TMA256
MUP110-001-2026010,BCMI222
MUP110-001-2026010,WRIGHTS
MUP110-001-2026030,WRIGHTS
MUP111-001-2026010,ANI269
MUP111-001-2026010,HLMA223
MUP111-001-2026030,ANI269
MUP112-001-2026010,AGTE224
MUP112-001-2026010,JDO234
MUP112-001-2026010,JRST306
MUP112-001-2026010,KJE248
MUP112-001-2026030,AGTE224
MUP112-001-2026030,JDO234
MUP112-001-2026030,KJE248
MUP113-001-2026010,MAEREN2
MUP113-001-2026030,MAEREN2
MUP114-001-2026010,BSKERN0
MUP114-001-2026030,BSKERN0
MUP115-001-2026010,BASM240
MUP115-001-2026030,BASM240
MUP116-001-2026010,BASM240
MUP116-001-2026030,BASM240
MUP117-001-2026010,MOSAX
MUP117-001-2026030,MOSAX
MUP117-002-2026010,LOSLA2
MUP117-002-2026030,LOSLA2
MUP117-003-2026010,JBOD224
MUP117-003-2026030,JBOD224
MUP118-001-2026010,JEIN223
MUP118-001-2026010,MRGEIG2
MUP118-001-2026010,SIPY222
MUP118-001-2026030,JEIN223
MUP118-001-2026030,MRGEIG2
MUP118-001-2026030,SIPY222
MUP118-002-2026010,PPDEAT2
MUP118-002-2026030,PPDEAT2
MUP119-001-2026010,ECO224
MUP119-001-2026030,ECO224
MUP120-001-2026010,SWROBIN
MUP120-001-2026030,SWROBIN
MUP123-001-2026010,RMWHIT3
MUP123-001-2026030,DHE226
MUP123-002-2026030,RMWHIT3
MUP123-401-2026010,DHE226
MUP123-401-2026010,DMO251
MUP201-001-2026010,IRINAVO
MUP201-001-2026030,IRINAVO
MUP201-002-2026010,JACO297
MUP201-002-2026030,JACO297
MUP201-003-2026010,RDAIL2
MUP201-003-2026030,RDAIL2
MUP201-004-2026010,VMCVA00
MUP201-004-2026030,VMCVA00
MUP202-001-2026010,MSPR223
MUP202-001-2026030,MSPR223
MUP202-002-2026010,JDBEND3
MUP202-002-2026030,JDBEND3
MUP202-003-2026010,MCCORVEY
MUP202-003-2026030,MCCORVEY
MUP202-004-2026010,MDU229
MUP202-004-2026030,CLA225
MUP202-005-2026010,ACLAY0
MUP202-005-2026030,ACLAY0
MUP202-006-2026010,EPARNO2
MUP202-006-2026030,FRO238
MUP202-007-2026010,DPCR225
MUP202-007-2026030,DPCR225
MUP202-008-2026010,MEGR292
MUP202-008-2026010,MSPR223
MUP202-008-2026030,MEGR292
MUP202-009-2026010,EPWI229
MUP202-009-2026010,MSPR223
MUP202-009-2026030,EPWI229
MUP202-010-2026010,GEAS223
MUP202-010-2026010,MSPR223
MUP202-010-2026030,BCH316
MUP202-010-2026030,MSPR223
MUP202-011-2026010,MSPR223
MUP202-011-2026010,PJSI224
MUP202-011-2026030,PJSI224
MUP202-012-2026010,BMWH239
MUP202-012-2026010,MSPR223
MUP202-012-2026030,BMWH239
MUP202-013-2026010,EZA234
MUP202-013-2026010,MSPR223
MUP202-013-2026030,EZA234
MUP202-014-2026010,MSPR223
MUP202-014-2026010,SDKI226
MUP202-014-2026030,MSPR223
MUP202-015-2026010,FRO238
MUP202-015-2026010,MSPR223
MUP202-016-2026010,MSPR223
MUP203-001-2026010,SWROBIN
MUP203-001-2026030,SWROBIN
MUP204-001-2026010,DMASON
MUP204-001-2026030,DMASON
MUP204-001-2026030,EEQU223
MUP204-001-2026030,SNVE224
MUP204-002-2026010,MBKARP2
MUP204-002-2026030,MBKARP2
MUP204-003-2026010,TWU225
MUP204-003-2026030,TWU225
MUP204-004-2026010,NEFO226
MUP204-004-2026030,NEFO226
MUP204-005-2026010,SHE250
MUP204-005-2026030,SHE250
MUP204-006-2026010,DMASON
MUP204-006-2026010,SNVE224
MUP204-006-2026030,SNVE224
MUP204-007-2026010,DMASON
MUP204-007-2026010,EEQU223
MUP204-007-2026030,EEQU223
MUP204-010-2026010,DMASON
MUP205-001-2026010,TWU225
MUP205-001-2026030,TWU225
MUP205-002-2026010,MBKARP2
MUP205-002-2026030,MBKARP2
MUP206-001-2026010,BCKARP00
MUP206-001-2026030,BCKARP00
MUP207-001-2026010,PMRE224
MUP207-001-2026030,PMRE224
MUP207-002-2026010,EMUT223
MUP207-002-2026030,EMUT223
MUP208-001-2026010,JHO254
MUP208-001-2026010,KMUH222
MUP208-001-2026030,JHO254
MUP208-001-2026030,LEKO224
MUP209-001-2026010,AAJO264
MUP209-001-2026010,TMA256
MUP209-001-2026030,TMA256
MUP210-001-2026010,WRIGHTS
MUP210-001-2026030,WRIGHTS
MUP211-001-2026010,ANI269
MUP211-001-2026010,HLMA223
MUP211-001-2026030,ANI269
MUP212-001-2026010,AGTE224
MUP212-001-2026010,JDO234
MUP212-001-2026010,JRST306
MUP212-001-2026010,KJE248
MUP212-001-2026030,AGTE224
MUP212-001-2026030,JDO234
MUP212-001-2026030,KJE248
MUP213-001-2026010,MAEREN2
MUP213-001-2026030,MAEREN2
MUP214-001-2026010,BSKERN0
MUP214-001-2026030,BSKERN0
MUP215-001-2026010,BASM240
MUP215-001-2026030,BASM240
MUP215-002-2026030,BASM240
MUP216-001-2026010,BASM240
MUP216-001-2026030,BASM240
MUP217-001-2026010,MOSAX
MUP217-001-2026030,MOSAX
MUP217-002-2026010,LOSLA2
MUP217-002-2026030,LOSLA2
MUP217-003-2026010,MOSAX
MUP217-003-2026010,NIFO223
MUP217-003-2026030,JBOD224
MUP217-003-2026030,MOSAX
MUP218-001-2026010,JEIN223
MUP218-001-2026010,MRGEIG2
MUP218-001-2026010,SIPY222
MUP218-001-2026030,JEIN223
MUP218-001-2026030,MRGEIG2
MUP218-001-2026030,SIPY222
MUP218-002-2026010,PPDEAT2
MUP218-002-2026030,PPDEAT2
MUP219-001-2026010,ECO224
MUP219-001-2026030,ECO224
MUP220-001-2026010,SWROBIN
MUP220-001-2026030,SWROBIN
MUP223-001-2026010,DHE226
MUP223-001-2026030,DHE226
MUP223-002-2026010,RMWHIT3
MUP223-002-2026030,RMWHIT3
MUP301-001-2026010,IRINAVO
MUP301-001-2026030,IRINAVO
MUP301-002-2026010,JACO297
MUP301-002-2026030,JACO297
MUP301-003-2026010,RDAIL2
MUP301-003-2026030,RDAIL2
MUP301-004-2026010,VMCVA00
MUP302-001-2026010,MSPR223
MUP302-001-2026030,MSPR223
MUP302-002-2026010,JDBEND3
MUP302-002-2026030,JDBEND3
MUP302-003-2026010,MCCORVEY
MUP302-003-2026030,MCCORVEY
MUP302-004-2026010,MDU229
MUP302-004-2026030,CLA225
MUP302-005-2026010,ACLAY0
MUP302-005-2026030,ACLAY0
MUP302-006-2026010,EPARNO2
MUP302-006-2026030,FRO238
MUP302-007-2026010,DPCR225
MUP302-007-2026010,MSPR223
MUP302-007-2026030,DPCR225
MUP302-008-2026010,MEGR292
MUP302-008-2026010,MSPR223
MUP302-008-2026030,MEGR292
MUP302-009-2026010,EPWI229
MUP302-009-2026010,MSPR223
MUP302-009-2026030,EPWI229
MUP302-010-2026010,GEAS223
MUP302-010-2026010,MSPR223
MUP302-010-2026030,BCH316
MUP302-010-2026030,MSPR223
MUP302-011-2026010,MSPR223
MUP302-011-2026010,PJSI224
MUP302-011-2026030,PJSI224
MUP302-012-2026010,BMWH239
MUP302-012-2026010,MSPR223
MUP302-012-2026030,BMWH239
MUP302-013-2026010,EZA234
MUP302-013-2026010,MSPR223
MUP302-013-2026030,EZA234
MUP302-014-2026010,MSPR223
MUP302-014-2026010,SDKI226
MUP302-014-2026030,MSPR223
MUP302-015-2026010,FRO238
MUP302-015-2026010,MSPR223
MUP302-016-2026010,MSPR223
MUP303-001-2026010,SWROBIN
MUP303-001-2026030,SWROBIN
MUP304-001-2026010,DMASON
MUP304-001-2026030,DMASON
MUP304-002-2026010,MBKARP2
MUP304-002-2026030,MBKARP2
MUP304-003-2026010,TWU225
MUP305-001-2026010,TWU225
MUP305-001-2026030,TWU225
MUP305-002-2026010,MBKARP2
MUP305-002-2026030,MBKARP2
MUP306-001-2026010,BCKARP00
MUP306-001-2026030,BCKARP00
MUP307-001-2026010,PMRE224
MUP307-001-2026030,PMRE224
MUP307-002-2026010,EMUT223
MUP307-002-2026030,EMUT223
MUP308-001-2026010,JHO254
MUP308-001-2026030,JHO254
MUP309-001-2026010,TMA256
MUP309-001-2026030,TMA256
MUP310-001-2026010,WRIGHTS
MUP310-001-2026030,WRIGHTS
MUP311-001-2026010,ANI269
MUP311-001-2026010,HLMA223
MUP311-001-2026030,ANI269
MUP312-001-2026010,AGTE224
MUP312-001-2026010,JDO234
MUP312-001-2026010,JRST306
MUP312-001-2026010,KJE248
MUP312-001-2026030,AGTE224
MUP312-001-2026030,JDO234
MUP312-001-2026030,KJE248
MUP313-001-2026010,MAEREN2
MUP313-001-2026030,MAEREN2
MUP314-001-2026010,BSKERN0
MUP314-001-2026030,BSKERN0
MUP315-001-2026010,BASM240
MUP315-001-2026030,BASM240
MUP316-001-2026010,BASM240
MUP316-001-2026030,BASM240
MUP317-001-2026010,MOSAX
MUP317-001-2026030,MOSAX
MUP317-002-2026010,LOSLA2
MUP317-002-2026030,LOSLA2
MUP317-003-2026010,MOSAX
MUP317-003-2026010,NIFO223
MUP317-003-2026030,JBOD224
MUP318-001-2026010,JEIN223
MUP318-001-2026010,MRGEIG2
MUP318-001-2026010,SIPY222
MUP318-001-2026030,JEIN223
MUP318-001-2026030,MRGEIG2
MUP318-001-2026030,SIPY222
MUP318-002-2026010,PPDEAT2
MUP318-002-2026030,PPDEAT2
MUP319-001-2026010,ECO224
MUP319-001-2026030,ECO224
MUP320-001-2026010,SWROBIN
MUP320-001-2026030,SWROBIN
MUP321-001-2026010,TMA256
MUP321-001-2026030,TMA256
MUP322-001-2026010,JDO234
MUP322-001-2026030,JDO234
MUP322-001-2026030,VYU222
MUP323-001-2026010,DHE226
MUP323-001-2026030,DHE226
MUP323-002-2026010,RMWHIT3
MUP323-002-2026030,RMWHIT3
MUP330-001-2026010,RWBO222
MUP330-001-2026030,RWBO222
MUP330-002-2026010,TBLIND0
MUP330-002-2026030,TBLIND0
MUP330-003-2026010,NGMC222
MUP330-003-2026030,NGMC222
MUP401-001-2026010,IRINAVO
MUP401-001-2026030,IRINAVO
MUP401-002-2026010,JACO297
MUP401-002-2026030,JACO297
MUP401-003-2026010,RDAIL2
MUP401-003-2026030,RDAIL2
MUP401-004-2026010,VMCVA00
MUP402-001-2026010,MSPR223
MUP402-001-2026030,MSPR223
MUP402-002-2026010,JDBEND3
MUP402-002-2026030,JDBEND3
MUP402-003-2026010,MCCORVEY
MUP402-003-2026030,MCCORVEY
MUP402-004-2026010,MDU229
MUP402-004-2026030,CLA225
MUP402-005-2026010,ACLAY0
MUP402-005-2026030,ACLAY0
MUP402-006-2026010,EPARNO2
MUP402-006-2026030,FRO238
MUP402-007-2026010,DPCR225
MUP402-007-2026010,MSPR223
MUP402-007-2026030,DPCR225
MUP402-008-2026010,MEGR292
MUP402-008-2026010,MSPR223
MUP402-008-2026030,MEGR292
MUP402-009-2026010,EPWI229
MUP402-009-2026010,MSPR223
MUP402-009-2026030,EPWI229
MUP402-010-2026010,GEAS223
MUP402-010-2026010,MSPR223
MUP402-010-2026030,BCH316
MUP402-010-2026030,MSPR223
MUP402-011-2026010,MSPR223
MUP402-011-2026010,PJSI224
MUP402-011-2026030,PJSI224
MUP402-012-2026010,BMWH239
MUP402-012-2026010,MSPR223
MUP402-012-2026030,BMWH239
MUP402-013-2026010,EZA234
MUP402-013-2026010,MSPR223
MUP402-013-2026030,EZA234
MUP402-014-2026010,MSPR223
MUP402-014-2026010,SDKI226
MUP402-014-2026030,MSPR223
MUP402-015-2026010,FRO238
MUP402-015-2026010,MSPR223
MUP402-016-2026010,MSPR223
MUP403-001-2026010,SWROBIN
MUP403-001-2026030,SWROBIN
MUP404-001-2026010,DMASON
MUP404-001-2026030,DMASON
MUP404-002-2026010,MBKARP2
MUP404-002-2026030,MBKARP2
MUP404-003-2026010,TWU225
MUP405-001-2026010,TWU225
MUP405-001-2026030,TWU225
MUP405-002-2026010,MBKARP2
MUP405-002-2026030,MBKARP2
MUP406-001-2026010,BCKARP00
MUP406-001-2026030,BCKARP00
MUP407-001-2026010,PMRE224
MUP407-001-2026030,PMRE224
MUP407-002-2026010,DCCECI2
MUP407-002-2026010,EMUT223
MUP407-002-2026030,EMUT223
MUP408-001-2026010,JHO254
MUP408-001-2026030,JHO254
MUP409-001-2026010,TMA256
MUP409-001-2026030,TMA256
MUP410-001-2026010,WRIGHTS
MUP410-001-2026030,WRIGHTS
MUP411-001-2026010,ANI269
MUP411-001-2026010,HLMA223
MUP411-001-2026030,ANI269
MUP412-001-2026010,AGTE224
MUP412-001-2026010,JDO234
MUP412-001-2026010,JRST306
MUP412-001-2026010,KJE248
MUP412-001-2026030,AGTE224
MUP412-001-2026030,JDO234
MUP412-001-2026030,KJE248
MUP413-001-2026010,MAEREN2
MUP413-001-2026030,MAEREN2
MUP414-001-2026010,BSKERN0
MUP414-001-2026030,BSKERN0
MUP415-001-2026010,BASM240
MUP415-001-2026030,BASM240
MUP416-001-2026010,BASM240
MUP416-001-2026030,BASM240
MUP417-001-2026010,MOSAX
MUP417-001-2026030,MOSAX
MUP417-002-2026010,LOSLA2
MUP417-002-2026030,LOSLA2
MUP417-003-2026010,MOSAX
MUP417-003-2026010,NIFO223
MUP417-003-2026030,JBOD224
MUP418-001-2026010,JEIN223
MUP418-001-2026010,MRGEIG2
MUP418-001-2026010,SIPY222
MUP418-001-2026030,JEIN223
MUP418-001-2026030,MRGEIG2
MUP418-001-2026030,SIPY222
MUP418-002-2026010,PPDEAT2
MUP418-002-2026030,PPDEAT2
MUP419-001-2026010,ECO224
MUP419-001-2026030,ECO224
MUP420-001-2026010,SWROBIN
MUP420-001-2026030,SWROBIN
MUP422-001-2026010,JDO234
MUP422-001-2026030,JDO234
MUP423-001-2026010,DHE226
MUP423-001-2026030,DHE226
MUP423-002-2026010,RMWHIT3
MUP423-002-2026030,RMWHIT3
MUP430-001-2026010,RWBO222
MUP430-001-2026030,RWBO222
MUP430-002-2026010,TBLIND0
MUP430-002-2026030,TBLIND0
MUP430-003-2026010,NGMC222
MUP430-003-2026030,NGMC222
MUP440-001-2026010,JHO254
MUP440-001-2026030,JHO254
MUP501-001-2026010,IRINAVO
MUP501-001-2026030,IRINAVO
MUP501-002-2026010,JACO297
MUP501-002-2026030,JACO297
MUP501-003-2026010,RDAIL2
MUP501-003-2026030,RDAIL2
MUP501-004-2026010,VMCVA00
MUP501-004-2026030,VMCVA00
MUP502-001-2026010,MSPR223
MUP502-001-2026030,MSPR223
MUP502-002-2026010,JDBEND3
MUP502-002-2026030,JDBEND3
MUP502-003-2026010,MCCORVEY
MUP502-003-2026030,MCCORVEY
MUP502-004-2026010,MDU229
MUP502-004-2026030,CLA225
MUP502-005-2026010,ACLAY0
MUP502-005-2026030,ACLAY0
MUP502-006-2026010,EPARNO2
MUP502-006-2026030,EPARNO2
MUP503-001-2026010,SWROBIN
MUP503-001-2026030,SWROBIN
MUP504-001-2026010,DMASON
MUP504-001-2026030,DMASON
MUP504-002-2026010,MBKARP2
MUP504-002-2026030,MBKARP2
MUP505-001-2026010,TWU225
MUP505-001-2026030,TWU225
MUP505-002-2026030,MBKARP2
MUP506-001-2026010,BCKARP00
MUP506-001-2026030,BCKARP00
MUP507-001-2026010,PMRE224
MUP507-001-2026030,PMRE224
MUP507-002-2026010,EMUT223
MUP507-002-2026030,EMUT223
MUP508-001-2026010,JHO254
MUP508-001-2026030,JHO254
MUP509-001-2026010,TMA256
MUP509-001-2026030,TMA256
MUP510-001-2026010,WRIGHTS
MUP510-001-2026030,WRIGHTS
MUP511-001-2026010,ANI269
MUP511-001-2026030,ANI269
MUP512-001-2026010,JDO234
MUP512-001-2026030,JDO234
MUP513-001-2026010,MAEREN2
MUP513-001-2026030,MAEREN2
MUP514-001-2026010,BSKERN0
MUP514-001-2026030,BSKERN0
MUP515-001-2026010,BASM240
MUP515-001-2026030,BASM240
MUP516-001-2026010,BASM240
MUP516-001-2026030,BASM240
MUP517-001-2026010,MOSAX
MUP517-001-2026030,MOSAX
MUP517-002-2026010,LOSLA2
MUP517-002-2026030,LOSLA2
MUP518-001-2026010,MRGEIG2
MUP518-001-2026030,MRGEIG2
MUP518-002-2026010,PPDEAT2
MUP518-002-2026030,PPDEAT2
MUP519-001-2026010,ECO224
MUP519-001-2026030,ECO224
MUP520-001-2026010,SWROBIN
MUP520-001-2026030,SWROBIN
MUP521-001-2026010,TMA256
MUP521-001-2026030,TMA256
MUP522-001-2026010,JDO234
MUP522-001-2026030,JDO234
MUP523-001-2026010,DHE226
MUP523-001-2026030,DHE226
MUP530-001-2026010,RWBO222
MUP530-001-2026030,RWBO222
MUP530-002-2026010,TBLIND0
MUP530-002-2026030,TBLIND0
MUP530-003-2026010,NGMC222
MUP530-003-2026030,NGMC222
MUP531-001-2026010,JACO297
MUP531-001-2026030,JACO297
MUP558-001-2026010,JJOHN2
MUP558-001-2026030,JJOHN2
MUP558-002-2026010,JNARD2
MUP558-002-2026030,JNARD2
MUP558-003-2026010,JCBIRD2
MUP558-003-2026030,JCBIRD2
MUP558-004-2026030,SST290
MUP558-005-2026010,SST290
MUP558-010-2026050,JJOHN2
MUP601-001-2026010,IRINAVO
MUP601-001-2026030,IRINAVO
MUP601-002-2026010,JACO297
MUP601-002-2026030,JACO297
MUP601-003-2026010,RDAIL2
MUP601-003-2026030,RDAIL2
MUP601-004-2026010,VMCVA00
MUP602-001-2026010,MSPR223
MUP602-001-2026030,MSPR223
MUP602-002-2026010,JDBEND3
MUP602-002-2026030,JDBEND3
MUP602-003-2026010,MCCORVEY
MUP602-003-2026030,MCCORVEY
MUP602-004-2026010,MDU229
MUP602-004-2026030,CLA225
MUP602-005-2026010,ACLAY0
MUP602-005-2026030,ACLAY0
MUP602-006-2026010,EPARNO2
MUP602-006-2026030,EPARNO2
MUP603-001-2026010,SWROBIN
MUP603-001-2026030,SWROBIN
MUP604-001-2026010,DMASON
MUP604-001-2026030,DMASON
MUP604-002-2026010,MBKARP2
MUP604-002-2026030,MBKARP2
MUP605-001-2026010,TWU225
MUP605-001-2026030,TWU225
MUP605-002-2026030,MBKARP2
MUP606-001-2026010,BCKARP00
MUP606-001-2026030,BCKARP00
MUP607-001-2026010,PMRE224
MUP607-001-2026030,PMRE224
MUP608-001-2026010,JHO254
MUP608-001-2026030,JHO254
MUP609-001-2026010,TMA256
MUP609-001-2026030,TMA256
MUP610-001-2026010,WRIGHTS
MUP610-001-2026030,WRIGHTS
MUP611-001-2026010,ANI269
MUP611-001-2026030,ANI269
MUP612-001-2026010,JDO234
MUP612-001-2026030,JDO234
MUP613-001-2026010,MAEREN2
MUP613-001-2026030,MAEREN2
MUP614-001-2026010,BSKERN0
MUP614-001-2026030,BSKERN0
MUP615-001-2026010,BASM240
MUP615-001-2026030,BASM240
MUP616-001-2026010,BASM240
MUP616-001-2026030,BASM240
MUP617-001-2026010,MOSAX
MUP617-001-2026030,LOSLA2
MUP617-001-2026030,MOSAX
MUP618-001-2026010,MRGEIG2
MUP618-001-2026030,MRGEIG2
MUP618-002-2026010,PPDEAT2
MUP620-001-2026010,SWROBIN
MUP620-001-2026030,SWROBIN
MUP622-001-2026010,JDO234
MUP622-001-2026030,JDO234
MUP623-001-2026010,DHE226
MUP623-001-2026030,DHE226
MUP630-001-2026010,RWBO222
MUP630-001-2026030,RWBO222
MUP630-002-2026010,TBLIND0
MUP630-002-2026030,TBLIND0
MUP630-003-2026010,NGMC222
MUP630-003-2026030,NGMC222
MUP640-001-2026010,MVA237
MUP640-001-2026030,MVA237
MUP658-001-2026010,JJOHN2
MUP658-001-2026030,JJOHN2
MUP658-002-2026010,JNARD2
MUP658-002-2026030,JNARD2
MUP658-003-2026010,JCBIRD2
MUP658-003-2026030,JCBIRD2
MUP658-010-2026050,JJOHN2
MUP701-001-2026010,IRINAVO
MUP701-001-2026030,IRINAVO
MUP701-002-2026010,JACO297
MUP701-002-2026030,JACO297
MUP702-001-2026010,MSPR223
MUP702-001-2026030,MSPR223
MUP702-002-2026010,JDBEND3
MUP702-002-2026030,JDBEND3
MUP702-003-2026010,MCCORVEY
MUP702-003-2026030,MCCORVEY
MUP702-004-2026010,MDU229
MUP702-004-2026030,CLA225
MUP702-005-2026010,ACLAY0
MUP702-005-2026030,ACLAY0
MUP702-006-2026010,EPARNO2
MUP702-006-2026030,EPARNO2
MUP703-001-2026010,SWROBIN
MUP703-001-2026030,SWROBIN
MUP704-001-2026010,DMASON
MUP704-001-2026030,DMASON
MUP705-001-2026010,TWU225
MUP705-001-2026030,TWU225
MUP705-002-2026030,MBKARP2
MUP706-001-2026010,BCKARP00
MUP706-001-2026030,BCKARP00
MUP708-001-2026010,JHO254
MUP708-001-2026030,JHO254
MUP709-001-2026010,TMA256
MUP709-001-2026030,TMA256
MUP710-001-2026010,WRIGHTS
MUP710-001-2026030,WRIGHTS
MUP711-001-2026010,ANI269
MUP711-001-2026010,PCSIMP01
MUP711-001-2026030,ANI269
MUP712-001-2026010,JDO234
MUP712-001-2026030,JDO234
MUP713-001-2026010,MAEREN2
MUP713-001-2026030,MAEREN2
MUP714-001-2026010,BSKERN0
MUP714-001-2026030,BSKERN0
MUP716-001-2026010,BASM240
MUP716-001-2026030,BASM240
MUP717-001-2026010,MOSAX
MUP717-001-2026030,MOSAX
MUP718-001-2026010,MRGEIG2
MUP718-001-2026030,MRGEIG2
MUP718-002-2026010,PPDEAT2
MUP730-001-2026010,RWBO222
MUP730-001-2026030,RWBO222
MUP730-002-2026010,TBLIND0
MUP730-002-2026030,TBLIND0
MUP730-003-2026010,NGMC222
MUP730-003-2026030,NGMC222
MUP758-001-2026010,JJOHN2
MUP758-001-2026030,JJOHN2
MUP758-002-2026010,JNARD2
MUP758-002-2026030,JNARD2
MUP758-003-2026010,JCBIRD2
MUP758-003-2026030,JCBIRD2
MUP758-010-2026050,JJOHN2
MUP758-011-2026050,JCBIRD2
MUS001-001-2026010,JHO254
MUS001-001-2026030,JHO254
MUS100-001-2026010,EFWALK2
MUS100-001-2026010,ELBR260
MUS100-001-2026030,EFWALK2
MUS100-001-2026030,KNWI264
MUS100-002-2026010,EFWALK2
MUS100-002-2026010,ELBR260
MUS100-002-2026030,EFWALK2
MUS100-002-2026030,KNWI264
MUS100-003-2026010,EFWALK2
MUS100-003-2026010,LRRU223
MUS100-003-2026030,EFWALK2
MUS100-003-2026030,SRO315
MUS100-004-2026010,EFWALK2
MUS100-004-2026010,TEOU222
MUS100-004-2026030,EFWALK2
MUS100-004-2026030,SRO315
MUS100-005-2026030,ARYO240
MUS100-005-2026030,EFWALK2
MUS100-201-2026010,EFWALK2
MUS100-201-2026010,TEOU222
MUS100-201-2026030,EFWALK2
MUS100-201-2026030,TEOU222
MUS100-202-2026010,EFWALK2
MUS100-202-2026010,LRRU223
MUS100-202-2026030,EFWALK2
MUS100-202-2026030,TEOU222
MUS100-203-2026010,EFWALK2
MUS100-203-2026010,KNWI264
MUS100-203-2026030,EESM246
MUS100-203-2026030,EFWALK2
MUS100-204-2026010,APA330
MUS100-204-2026010,EFWALK2
MUS100-204-2026030,EESM246
MUS100-204-2026030,EFWALK2
MUS100-205-2026010,ARYO240
MUS100-205-2026010,EFWALK2
MUS100-205-2026030,EFWALK2
MUS100-205-2026030,ELBR260
MUS100-206-2026010,ARYO240
MUS100-206-2026010,EFWALK2
MUS100-206-2026030,EFWALK2
MUS100-206-2026030,LRRU223
MUS100-207-2026010,EFWALK2
MUS100-207-2026010,JMC230
MUS100-207-2026030,EFWALK2
MUS100-208-2026010,EFWALK2
MUS100-208-2026010,SRO315
MUS100-208-2026030,EFWALK2
MUS100-208-2026030,RPBR228
MUS100-209-2026010,APA330
MUS100-209-2026010,EFWALK2
MUS100-209-2026030,EFWALK2
MUS100-209-2026030,LEAL226
MUS100-210-2026030,ARYO240
MUS100-210-2026030,EFWALK2
MUS100-210-2026050,TEOU222
MUS100-211-2026030,CASN225
MUS100-211-2026030,EFWALK2
MUS100-211-2026050,ELBR260
MUS100-212-2026030,EFWALK2
MUS100-212-2026030,RSM241
MUS100-212-2026050,LEAL226
MUS100-213-2026030,JMC230
MUS100-213-2026050,SRO315
MUS100-214-2026030,NJLA225
MUS100-215-2026030,RPBR228
MUS100-230-2026020,JSCO258
MUS100-601-2026010,SRO315
MUS100-602-2026010,SRO315
MUS100-603-2026010,SRO315
MUS100-604-2026010,SRO315
MUS120-001-2026010,NGMC222
MUS120-001-2026030,NGMC222
MUS120-002-2026010,NGMC222
MUS120-002-2026030,NGMC222
MUS123-001-2026010,AGO365
MUS123-001-2026010,DHE226
MUS123-001-2026030,AGO365
MUS123-001-2026030,DHE226
MUS123-002-2026010,DHE226
MUS123-002-2026010,DPR255
MUS123-002-2026030,DHE226
MUS123-002-2026030,DPR255
MUS123-003-2026010,AGO365
MUS123-003-2026010,DHE226
MUS123-003-2026030,AGO365
MUS123-003-2026030,DHE226
MUS123-004-2026010,DHE226
MUS123-004-2026010,DPR255
MUS123-004-2026030,DHE226
MUS123-004-2026030,DPR255
MUS123-005-2026010,DHE226
MUS123-005-2026010,DMO251
MUS123-005-2026030,DHE226
MUS123-005-2026030,DMO251
MUS123-006-2026010,DHE226
MUS123-006-2026010,DMO251
MUS123-006-2026030,DHE226
MUS123-006-2026030,DMO251
MUS130-001-2026010,EFWALK2
MUS130-001-2026010,ZSH250
MUS130-001-2026030,EFWALK2
MUS130-001-2026030,ZSH250
MUS130-002-2026010,EFWALK2
MUS130-002-2026010,ZSH250
MUS130-002-2026030,EFWALK2
MUS130-002-2026030,ZSH250
MUS130-003-2026010,EFWALK2
MUS130-003-2026010,ZSH250
MUS130-003-2026030,EFWALK2
MUS130-003-2026030,ZSH250
MUS130-230-2026020,EFWALK2
MUS140-201-2026010,DEEN
MUS140-201-2026030,DEEN
MUS140-202-2026010,DEEN
MUS140-202-2026030,DEEN
MUS140-210-2026050,DEEN
MUS140-230-2026020,DEEN
MUS150-001-2026010,EMUT223
MUS150-001-2026030,EMUT223
MUS150-002-2026010,EMUT223
MUS170-001-2026010,RHJE222
MUS170-001-2026010,VYU222
MUS170-002-2026010,RHJE222
MUS170-003-2026010,KHEV224
MUS170-003-2026010,RHJE222
MUS170-004-2026010,AMZO227
MUS170-004-2026010,RHJE222
MUS170-005-2026010,KHEV224
MUS170-005-2026010,RHJE222
MUS171-001-2026010,KJHOLM2
MUS171-002-2026010,AMZO227
MUS171-002-2026010,KJHOLM2
MUS171-003-2026010,CBFR229
MUS172-001-2026030,KHEV224
MUS172-001-2026030,RHJE222
MUS172-002-2026030,RHJE222
MUS172-003-2026030,KHEV224
MUS172-003-2026030,RHJE222
MUS172-004-2026030,AMZO227
MUS172-004-2026030,RHJE222
MUS173-001-2026030,KJHOLM2
MUS173-002-2026030,CBFR229
MUS173-003-2026030,AMZO227
MUS173-003-2026030,KJHOLM2
MUS174-001-2026010,CBFR229
MUS174-001-2026030,CBFR229
MUS203-001-2026030,ELBR260
MUS203-001-2026030,JKRO253
MUS206-001-2026030,KHWI236
MUS222-001-2026010,JSCO258
MUS222-001-2026030,JSCO258
MUS222-002-2026010,JSCO258
MUS222-002-2026030,JSCO258
MUS222-003-2026010,NJLA225
MUS222-201-2026010,LEAL226
MUS222-201-2026030,JCA376
MUS222-201-2026050,NJLA225
MUS222-202-2026010,LEAL226
MUS222-202-2026030,JCA376
MUS222-203-2026030,NJLA225
MUS222-230-2026020,NJLA225
MUS239-001-2026010,TMO273
MUS239-001-2026030,TMO273
MUS240-001-2026010,TMO273
MUS240-001-2026030,TMO273
MUS260-001-2026010,MVA237
MUS262-001-2026010,ELWI225
MUS263-001-2026030,DSMI231
MUS264-001-2026030,ELWI225
MUS265-001-2026030,MHU233
MUS266-001-2026010,MARU249
MUS266-002-2026010,MARU249
MUS266-003-2026010,HLGU226
MUS266-003-2026010,MARU249
MUS266-003-2026030,MARU249
MUS266-004-2026010,HLGU226
MUS266-004-2026010,MARU249
MUS266-004-2026030,MARU249
MUS266-401-2026010,JHMA259
MUS266-401-2026030,HLGU226
MUS270-001-2026010,RHJE222
MUS270-002-2026010,BPSH226
MUS270-002-2026010,RHJE222
MUS270-003-2026010,RHJE222
MUS270-003-2026010,VYU222
MUS271-001-2026010,BPSH226
MUS271-002-2026010,JLCA272
MUS272-001-2026030,RHJE222
MUS272-002-2026030,BPSH226
MUS272-002-2026030,RHJE222
MUS272-003-2026030,RHJE222
MUS272-003-2026030,VYU222
MUS273-001-2026030,BPSH226
MUS273-002-2026030,JLCA272
MUS300-001-2026030,JMC230
MUS301-001-2026010,NJLA225
MUS302-001-2026010,KHWI236
MUS302-001-2026010,KNWI264
MUS303-001-2026030,LRRU223
MUS303-001-2026030,SCPE237
MUS304-001-2026010,JMC230
MUS305-001-2026030,LEAL226
MUS317-001-2026010,EMUT223
MUS317-001-2026030,EMUT223
MUS330-001-2026010,DLKW222
MUS330-001-2026030,DLKW222
MUS350-001-2026010,RDAIL2
MUS350-001-2026030,KJHOLM2
MUS350-002-2026030,JDO234
MUS350-007-2026010,JDBEND3
MUS350-007-2026030,JDBEND3
MUS350-008-2026010,MRGEIG2
MUS350-009-2026030,MSPR223
MUS358-001-2026010,ELWI225
MUS358-001-2026030,NMO282
MUS361-001-2026030,MVA237
MUS362-001-2026010,LHETZEL
MUS363-001-2026010,MHU233
MUS365-001-2026030,MHU233
MUS370-001-2026030,RHJE222
MUS371-001-2026010,JTR251
MUS371-001-2026030,JTR251
MUS372-001-2026010,MRBAKE00
MUS372-001-2026030,MRBAKE00
MUS380-001-2026010,EMUT223
MUS381-001-2026030,EMUT223
MUS395-001-2026010,JHO254
MUS395-001-2026030,JHO254
MUS395-002-2026030,TMO273
MUS395-003-2026030,TMA256
MUS395-004-2026010,MHU233
MUS395-004-2026030,MHU233
MUS395-005-2026030,JLCA272
MUS395-006-2026010,JDO234
MUS395-006-2026030,JDO234
MUS395-007-2026030,MRBAKE00
MUS400G-201-2026010,SSBU222
MUS430G-001-2026010,ASRO232
MUS431G-001-2026030,ASRO232
MUS432G-001-2026010,OYI222
MUS433G-001-2026010,ASRO232
MUS433G-001-2026030,OYI222
MUS434G-001-2026010,ASRO232
MUS434G-001-2026030,CECA236
MUS435G-210-2026050,ASRO232
MUS471G-001-2026010,RHJE222
MUS471G-210-2026050,RHJE222
MUS504-001-2026030,KHWI236
MUS505-001-2026010,SCPE237
MUS507-001-2026010,SSBU222
MUS507-001-2026030,SCPE237
MUS520-001-2026030,TBLIND0
MUS522-401-2026010,IRINAVO
MUS523-401-2026030,IRINAVO
MUS540-001-2026030,TMO273
MUS555-201-2026010,DEEN
MUS560-201-2026010,MVA237
MUS560-201-2026030,MVA237
MUS560-210-2026050,MVA237
MUS560-211-2026050,MVA237
MUS560-212-2026050,MVA237
MUS561-010-2026050,MVA237
MUS561-011-2026050,MVA237
MUS561-012-2026050,MVA237
MUS566-401-2026030,IRINAVO
MUS570-001-2026010,JTR251
MUS570-002-2026010,TMO273
MUS571-001-2026030,JTR251
MUS571-002-2026030,TMO273
MUS572-001-2026030,ATPE224
MUS574-001-2026010,JTR251
MUS574-002-2026010,RDAIL2
MUS574-003-2026010,TMO273
MUS575-001-2026030,JTR251
MUS575-002-2026030,RDAIL2
MUS575-003-2026030,TMO273
MUS578-001-2026010,KJHOLM2
MUS578-002-2026010,ATPE224
MUS578-210-2026050,RHJE222
MUS600-201-2026010,DSMI231
MUS618-001-2026010,SCPE237
MUS620-001-2026030,TBLIND0
MUS623-001-2026030,SSBU222
MUS624-001-2026010,JKRO253
MUS625-010-2026050,JJOHN2
MUS630-001-2026010,OYI222
MUS630-001-2026030,OYI222
MUS633-001-2026010,AHE323
MUS650-001-2026010,RDAIL2
MUS650-001-2026030,MSPR223
MUS650-002-2026010,DHE226
MUS650-002-2026030,EMUT223
MUS650-003-2026010,EMUT223
MUS650-003-2026030,JDO234
MUS650-004-2026010,TMO273
MUS650-004-2026030,TMO273
MUS650-005-2026010,JDBEND3
MUS650-005-2026030,JDBEND3
MUS650-006-2026010,MRGEIG2
MUS650-006-2026030,DHE226
MUS650-210-2026050,MVA237
MUS650-211-2026050,MVA237
MUS650-212-2026050,MVA237
MUS660-010-2026050,JJOHN2
MUS665-001-2026010,ACLAY0
MUS666-201-2026010,MVA237
MUS666-201-2026030,MVA237
MUS667-001-2026030,ACLAY0
MUS671-001-2026010,MRBAKE00
MUS672-001-2026030,JLCA272
MUS673-001-2026010,JTR251
MUS673-001-2026030,JTR251
MUS673-002-2026010,RDAIL2
MUS673-002-2026030,RDAIL2
MUS673-003-2026010,TMO273
MUS673-003-2026030,TMO273
MUS674-001-2026030,MRBAKE00
MUS675-001-2026010,MRBAKE00
MUS675-001-2026030,RHJE222
MUS675-002-2026010,RHJE222
MUS675-002-2026030,KJHOLM2
MUS675-003-2026010,KJHOLM2
MUS675-003-2026030,MRBAKE00
MUS675-004-2026010,JLCA272
MUS675-004-2026030,JLCA272
MUS680-001-2026030,JCBIRD2
MUS681-001-2026010,JCBIRD2
MUS682-001-2026010,JACO297
MUS683-001-2026030,JACO297
MUS693-210-2026050,EFWALK2
MUS694-001-2026010,SWROBIN
MUS694-001-2026030,SWROBIN
MUS695-001-2026010,MVA237
MUS695-001-2026030,MVA237
MUS695-002-2026010,WRIGHTS
MUS695-002-2026030,JDO234
MUS695-003-2026010,DHE226
MUS695-003-2026030,ACLAY0
MUS695-004-2026010,IRINAVO
MUS695-004-2026030,IRINAVO
MUS695-005-2026010,JDO234
MUS695-005-2026030,SCPE237
MUS695-006-2026010,ACLAY0
MUS695-010-2026050,MVA237
MUS695-201-2026010,MVA237
MUS695-201-2026030,MVA237
MUS700-001-2026030,SSBU222
MUS702-001-2026010,KHWI236
MUS702-001-2026030,JKRO253
MUS703-001-2026010,JKRO253
MUS705-001-2026030,DSMI231
MUS706-001-2026030,OYI222
MUS707-201-2026010,DSMI231
MUS711-001-2026030,DLKW222
MUS719-001-2026010,CBARNO2
MUS719-001-2026030,DLKW222
MUS719-002-2026010,SCPE237
MUS719-002-2026030,JKRO253
MUS719-003-2026010,HALLMAN
MUS719-003-2026030,HALLMAN
MUS719-004-2026010,DLKW222
MUS719-004-2026030,JCA376
MUS719-005-2026010,JCA376
MUS719-005-2026030,CBARNO2
MUS719-006-2026010,BRUNNER
MUS719-006-2026030,SSBU222
MUS730-001-2026010,OYI222
MUS730-001-2026030,OYI222
MUS730-002-2026010,AHE323
MUS730-002-2026030,AHE323
MUS732-001-2026010,OYI222
MUS732-001-2026030,ASRO232
MUS748-001-2026010,MVA237
MUS748-001-2026030,MVA237
MUS748-010-2026050,MVA237
MUS749-001-2026010,MVA237
MUS749-001-2026030,MVA237
MUS749-010-2026050,MVA237
MUS750-001-2026010,MVA237
MUS750-001-2026030,MVA237
MUS757-001-2026010,MVA237
MUS757-001-2026030,MVA237
MUS762-001-2026010,MHU233
MUS766-002-2026030,MVA237
MUS767-001-2026010,MVA237
MUS767-001-2026030,MVA237
MUS767-010-2026050,MVA237
MUS768-001-2026010,MVA237
MUS768-001-2026030,MVA237
MUS768-010-2026050,MVA237
MUS769-001-2026010,MVA237
MUS772-001-2026010,JLCA272
MUS772-001-2026030,KJHOLM2
MUS780-001-2026010,MSPR223
MUS780-001-2026030,MSPR223
MUS780-002-2026010,JDBEND3
MUS780-002-2026030,JDBEND3
MUS780-003-2026010,MCCORVEY
MUS780-003-2026030,MCCORVEY
MUS780-004-2026010,CLA225
MUS780-004-2026030,CLA225
MUS780-005-2026010,ACLAY0
MUS780-005-2026030,ACLAY0
MUS780-006-2026010,EPARNO2
MUS780-006-2026030,EPARNO2
MUS780-010-2026050,EPARNO2
MUS780-011-2026050,MSPR223
MUS780-012-2026050,JDBEND3
MUS780-013-2026050,MCCORVEY
MUS780-014-2026050,CLA225
MUS780-015-2026050,ACLAY0
MUS799-001-2026010,MRBAKE00
MUS799-001-2026030,MRBAKE00
MUS799-002-2026010,RHJE222
MUS799-002-2026030,RHJE222
MUS799-003-2026010,KJHOLM2
MUS799-003-2026030,KJHOLM2
MUS799-004-2026010,JLCA272
MUS799-004-2026030,JLCA272
NEU849-001-2026010,JLKN222
NEU849-002-2026010,JLKN222
NEU849-003-2026010,JLKN222
NEU849-004-2026010,JLKN222
NEU849-005-2026010,JLKN222
NEU849-006-2026010,JLKN222
NEU849-007-2026010,JLKN222
NEU852-007-2026030,GJBI222
NEU852-008-2026030,AST335
NEU852-009-2026030,AST335
NEU853-006-2026030,AEHE222
NEU931-008-2026030,MFTO224
NEU931-009-2026030,MFTO224
NEU931-010-2026030,MFTO224
NRE201-001-2026010,HZAN222
NRE201-001-2026030,HZAN222
NRE320-010-2026050,HZAN222
NRE320-710-2026050,SGGO228
NRE355-001-2026030,TLMI250
NRE355-401-2026010,HZAN222
NRE365-001-2026030,LJMOSE2
NRE381-001-2026030,JKSC222
NRE390-001-2026010,RPARATL
NRE395-010-2026050,HZAN222
NRE395-011-2026050,HZAN222
NRE399-010-2026050,HZAN222
NRE399-011-2026050,HZAN222
NRE400-201-2026010,HZAN222
NRE400-201-2026030,HZAN222
NRE468G-001-2026010,OOWEND2
NRE470G-001-2026030,HJPO223
NRE471-001-2026010,CJMATO2
NRE471-001-2026030,JKSC222
NS395-001-2026010,SBALFO2
NS395-001-2026030,SBALFO2
NS395-001-2026030,TDHI230
NS395-002-2026030,CRASH0
NS395-002-2026030,SBALFO2
NS550-201-2026010,SBALFO2
NS550-202-2026010,SBALFO2
NS601-001-2026010,HGLAUERT
NS601-001-2026010,RNHE223
NS601-001-2026010,SBALFO2
NS601-201-2026010,HGLAUERT
NS601-201-2026010,RNHE223
NS601-201-2026010,SBALFO2
NS602-201-2026030,BNI226
NS602-201-2026030,DTH225
NS602-201-2026030,GCH222
NS602-201-2026030,HGLAUERT
NS602-201-2026030,JFR282
NS602-201-2026030,KJPE222
NS602-201-2026030,MCGONG2
NS602-201-2026030,MWKILG0
NS602-201-2026030,SBALFO2
NS602-201-2026030,SQI223
NS602-201-2026030,SWANG7
NS605-001-2026010,DTH225
NS606-001-2026010,RNHE223
NS606-001-2026010,TDHI230
NS609-001-2026010,CFR223
NS623-001-2026030,CDGIPS2
NS623-001-2026030,SDE246
NS689-201-2026030,GCH222
NS689-201-2026030,SBALFO2
NS689-202-2026030,SBALFO2
NS702-001-2026010,ACHARR3
NS702-201-2026010,ACHARR3
NS704-201-2026010,HGLAUERT
NS704-202-2026010,HGLAUERT
NS749-010-2026050,SPOST
NS757-001-2026010,HGLAUERT
NS757-001-2026030,HGLAUERT
NS767-001-2026010,ALO243
NS767-001-2026030,HGLAUERT
NS767-001-2026030,KRO238
NS767-002-2026010,JFR282
NS767-002-2026030,HGLAUERT
NS767-002-2026030,TDHI230
NS767-003-2026010,KRO238
NS767-003-2026030,ALO243
NS767-003-2026030,HGLAUERT
NS767-004-2026010,TDHI230
NS767-004-2026030,HGLAUERT
NS767-004-2026030,ZGUO2
NS767-005-2026010,GCH222
NS767-005-2026030,HGLAUERT
NS767-005-2026030,KJPE222
NS767-006-2026010,KHCH229
NS767-006-2026030,GCH222
NS767-006-2026030,HGLAUERT
NS767-007-2026010,KJPE222
NS767-007-2026030,HGLAUERT
NS767-007-2026030,XLI2
NS767-008-2026010,ZGUO2
NS767-008-2026030,HGLAUERT
NS767-008-2026030,ZGUO2
NS767-009-2026010,BNI226
NS767-009-2026030,ALI245
NS767-009-2026030,HGLAUERT
NS767-010-2026010,DTH225
NS767-010-2026030,HGLAUERT
NS767-010-2026030,SWANG7
NS767-010-2026050,WDEVIL0
NS767-011-2026010,SWANG7
NS767-012-2026010,CRASH0
NS767-012-2026010,HGLAUERT
NS767-012-2026030,HGLAUERT
NS767-012-2026030,SQI223
NS767-013-2026010,XLI2
NS769-010-2026050,SPOST
NS771-001-2026010,ALO243
NS771-001-2026030,ALO243
NS782-001-2026010,JFR282
NS782-001-2026030,HGLAUERT
NS782-001-2026050,HGLAUERT
NS782-002-2026010,GCH222
NS782-002-2026010,HGLAUERT
NS782-002-2026030,DTH225
NS782-003-2026010,HGLAUERT
NS782-201-2026030,ACHARR3
NS782-201-2026030,DTH225
NS790-001-2026030,HGLAUERT
NS790-010-2026050,HGLAUERT
NS801-001-2026030,SBALFO2
NS801-021-2026030,SBALFO2
NS801-031-2026030,SBALFO2
NS801-201-2026030,SBALFO2
NSC605-001-2026010,ABA237
NSC605-001-2026010,AGRAB
NSC605-001-2026010,ANST265
NSC605-001-2026010,AST335
NSC605-001-2026010,DKPOWE2
NSC605-001-2026010,HFA231
NSC605-001-2026010,KRPE234
NSC605-001-2026010,KSAAT2
NSC605-001-2026010,MACH248
NSC605-001-2026010,SRFR223
NSC605-001-2026010,WJAL223
NSC630-001-2026030,KSAAT2
NSC630-001-2026030,WJAL223
NSC636-001-2026010,ABA237
NSC636-001-2026010,BTGOLD2
NSC636-001-2026010,KEGU224
NSC636-001-2026010,POR223
NSC636-001-2026010,RCGRON0
NSC636-001-2026010,SRFR223
NSC748-001-2026010,ARICH3
NSC748-001-2026030,ARICH3
NSC757-001-2026010,GAJICH2
NSC757-002-2026010,CNORR2
NSC757-003-2026010,GREGG
NSC757-004-2026010,SJCH239
NSC767-001-2026010,ABA237
NSC767-001-2026030,ABA237
NSC767-002-2026010,JMORG2
NSC767-002-2026030,GREGG
NSC767-003-2026010,WJAL223
NSC767-003-2026030,WJAL223
NSC767-004-2026010,MTEB223
NSC767-004-2026030,PATSULL
NSC767-005-2026010,DLE325
NSC767-005-2026030,MTEB223
NSC767-006-2026010,KSAAT2
NSC767-006-2026030,SLMA292
NSC767-007-2026010,AST335
NSC767-007-2026030,AST335
NSC767-008-2026010,SLMA292
NSC767-008-2026030,JMORG2
NSC767-009-2026010,BTGOLD2
NSC767-009-2026030,BTGOLD2
NSC767-010-2026010,PATSULL
NSC767-010-2026030,POR223
NSC767-011-2026010,POR223
NSC767-011-2026030,KSAAT2
NSC767-012-2026010,SJCH239
NSC767-012-2026030,SJCH239
NSC767-013-2026030,GAJICH2
NSC767-014-2026030,CNORR2
NSC768-001-2026010,LHBRAD2
NSC768-001-2026030,ARICH3
NSC769-001-2026030,WACASS1
NSC780-001-2026010,GREGG
NSC780-001-2026010,PATSULL
NSC780-001-2026030,GREGG
NSC780-001-2026030,PATSULL
NSC790-001-2026010,KPL222
NSC790-001-2026030,WJAL223
NSC790-002-2026010,SJCH239
NSC790-002-2026030,JMORG2
NSC790-003-2026010,ANST265
NSC790-003-2026030,POR223
NSC790-004-2026010,KSAAT2
NSC790-004-2026030,AST335
NSC790-005-2026010,ABA237
NSC790-005-2026030,PATSULL
NSC790-006-2026010,RCGRON0
NSC790-006-2026030,ABA237
NSC790-007-2026010,AST335
NSC790-007-2026030,GREGG
NSC790-008-2026010,JMORG2
NSC790-008-2026030,SJCH239
NSC790-009-2026010,WJAL223
NSC790-009-2026030,KSAAT2
NSC790-010-2026010,PATSULL
NSC790-010-2026030,GAJICH2
NSC790-010-2026050,AST335
NSC790-011-2026030,ANST265
NSG849-001-2026010,FMI222
NSG849-002-2026010,FMI222
NSG849-003-2026010,FMI222
NSG849-004-2026010,FMI222
NSG849-005-2026010,FMI222
NSG849-006-2026010,FMI222
NSG849-007-2026010,FMI222
NSG864-001-2026010,FMI222
NSG864-003-2026010,FMI222
NSG864-004-2026010,FMI222
NSG864-005-2026010,FMI222
NSG864-006-2026010,FMI222
NSG931-001-2026010,NNA262
NUR204-001-2026010,MEBONN2
NUR204-001-2026010,MEWETH2
NUR204-001-2026030,MEBONN2
NUR204-001-2026030,MEWETH2
NUR204-002-2026010,MEBONN2
NUR204-002-2026010,MEWETH2
NUR204-002-2026030,MEBONN2
NUR204-002-2026030,MEWETH2
NUR204-003-2026010,MEBONN2
NUR204-003-2026030,HMFI228
NUR204-003-2026030,MEBONN2
NUR204-004-2026010,MEBONN2
NUR204-004-2026030,HMFI228
NUR204-004-2026030,MEBONN2
NUR204-005-2026010,ASE235
NUR204-005-2026010,MEBONN2
NUR204-005-2026030,MCCA255
NUR204-005-2026030,MEBONN2
NUR204-006-2026010,ASE235
NUR204-006-2026010,MEBONN2
NUR204-006-2026030,MCCA255
NUR204-006-2026030,MEBONN2
NUR204-007-2026010,MEBONN2
NUR204-007-2026030,JHTU224
NUR204-007-2026030,MEBONN2
NUR204-008-2026010,MEBONN2
NUR204-008-2026030,JHTU224
NUR204-008-2026030,MEBONN2
NUR204-009-2026010,CLBA233
NUR204-009-2026010,MEBONN2
NUR204-009-2026030,LPRU223
NUR204-009-2026030,MEBONN2
NUR204-010-2026010,CLBA233
NUR204-010-2026010,MEBONN2
NUR204-010-2026030,LPRU223
NUR204-010-2026030,MEBONN2
NUR204-011-2026010,MCCA255
NUR204-011-2026010,MEBONN2
NUR204-011-2026030,MCCA255
NUR204-011-2026030,MEBONN2
NUR204-012-2026010,MCCA255
NUR204-012-2026010,MEBONN2
NUR204-012-2026030,MCCA255
NUR204-012-2026030,MEBONN2
NUR204-013-2026010,MEBONN2
NUR204-013-2026010,RNPO222
NUR204-013-2026030,MEBONN2
NUR204-013-2026030,RNPO222
NUR204-014-2026010,JMZABR0
NUR204-014-2026010,MEBONN2
NUR204-014-2026010,RNPO222
NUR204-014-2026030,MEBONN2
NUR204-014-2026030,RNPO222
NUR204-015-2026010,JMZABR0
NUR204-015-2026010,KRBR246
NUR204-015-2026010,LRYEAG2
NUR204-015-2026030,JMZABR0
NUR204-015-2026030,LRYEAG2
NUR204-015-2026030,MAST230
NUR204-016-2026010,JMZABR0
NUR204-016-2026010,KRBR246
NUR204-016-2026010,LRYEAG2
NUR204-016-2026030,JMZABR0
NUR204-016-2026030,LRYEAG2
NUR204-016-2026030,MAST230
NUR204-017-2026010,JMZABR0
NUR204-017-2026010,KRBR246
NUR204-017-2026010,RLDU233
NUR204-017-2026030,JMZABR0
NUR204-017-2026030,MAST230
NUR204-017-2026030,RLDU233
NUR204-018-2026010,JMZABR0
NUR204-018-2026010,KRBR246
NUR204-018-2026010,RLDU233
NUR204-018-2026030,JMZABR0
NUR204-018-2026030,MAST230
NUR204-018-2026030,RLDU233
NUR204-019-2026010,JMZABR0
NUR204-019-2026010,KRBR246
NUR204-019-2026010,RACHOW2
NUR204-019-2026030,JMZABR0
NUR204-019-2026030,MAST230
NUR204-019-2026030,RACHOW2
NUR204-020-2026010,JMZABR0
NUR204-020-2026010,KRBR246
NUR204-020-2026010,RACHOW2
NUR204-020-2026030,JMZABR0
NUR204-020-2026030,MAST230
NUR204-020-2026030,RACHOW2
NUR204-021-2026010,GAIN222
NUR204-021-2026010,JMZABR0
NUR204-021-2026010,KRBR246
NUR204-021-2026030,GAIN222
NUR204-021-2026030,JMZABR0
NUR204-021-2026030,MAST230
NUR204-022-2026010,GAIN222
NUR204-022-2026010,JMZABR0
NUR204-022-2026010,KRBR246
NUR204-022-2026030,GAIN222
NUR204-022-2026030,JMZABR0
NUR204-022-2026030,MAST230
NUR204-023-2026010,AMMA229
NUR204-023-2026010,JMZABR0
NUR204-023-2026010,KRBR246
NUR204-023-2026030,JMZABR0
NUR204-023-2026030,MAST230
NUR204-024-2026010,AMMA229
NUR204-024-2026010,JMZABR0
NUR204-024-2026010,KRBR246
NUR204-024-2026030,JMZABR0
NUR204-024-2026030,MAST230
NUR204-025-2026010,JMZABR0
NUR204-025-2026010,KRBR246
NUR204-025-2026010,TKPO223
NUR204-025-2026030,JMZABR0
NUR204-025-2026030,MAST230
NUR204-025-2026030,TKPO223
NUR204-026-2026010,JMZABR0
NUR204-026-2026010,KRBR246
NUR204-026-2026010,TKPO223
NUR204-026-2026030,JMZABR0
NUR204-026-2026030,MAST230
NUR204-026-2026030,TKPO223
NUR204-027-2026010,JMZABR0
NUR204-027-2026010,KRBR246
NUR204-027-2026010,MEBO254
NUR204-027-2026030,JMZABR0
NUR204-027-2026030,MAST230
NUR204-027-2026030,MGCO243
NUR204-028-2026010,JMZABR0
NUR204-028-2026010,KRBR246
NUR204-028-2026010,MEBO254
NUR204-028-2026030,JMZABR0
NUR204-028-2026030,MAST230
NUR204-028-2026030,MGCO243
NUR205-001-2026010,TESPEN0
NUR205-001-2026010,TRO249
NUR205-001-2026030,NJSE223
NUR205-001-2026030,SLPILO2
NUR205-001-2026030,TESPEN0
NUR205-002-2026010,AWZACH2
NUR205-002-2026010,SDHALC0
NUR205-002-2026010,TESPEN0
NUR205-002-2026030,MAST230
NUR205-002-2026030,SLPILO2
NUR205-002-2026030,TESPEN0
NUR205-002-2026030,TRO249
NUR205-003-2026010,TESPEN0
NUR205-003-2026010,TLSHEE2
NUR205-003-2026010,TRO249
NUR205-003-2026030,CAL281
NUR205-003-2026030,SLPILO2
NUR205-003-2026030,TESPEN0
NUR205-004-2026010,AWZACH2
NUR205-004-2026010,CWA296
NUR205-004-2026010,TESPEN0
NUR205-004-2026030,KMSC265
NUR205-004-2026030,SLPILO2
NUR205-004-2026030,TESPEN0
NUR205-004-2026030,TRO249
NUR205-005-2026010,MSEUBA0
NUR205-005-2026010,TESPEN0
NUR205-005-2026030,CAL281
NUR205-005-2026030,MAST230
NUR205-005-2026030,SLPILO2
NUR205-005-2026030,TESPEN0
NUR205-006-2026010,AWZACH2
NUR205-006-2026010,KFE226
NUR205-006-2026010,TESPEN0
NUR205-006-2026030,SLPILO2
NUR205-006-2026030,TESPEN0
NUR205-006-2026030,TLSHEE2
NUR205-006-2026030,TRO249
NUR205-007-2026010,JWHI224
NUR205-007-2026010,SLPILO2
NUR205-007-2026030,MSEUBA0
NUR205-007-2026030,SLPILO2
NUR205-007-2026030,TESPEN0
NUR205-008-2026010,KRWH236
NUR205-008-2026010,TRO249
NUR205-008-2026030,JWHI224
NUR205-008-2026030,SLPILO2
NUR205-009-2026010,LLLA223
NUR205-009-2026010,SLPILO2
NUR205-009-2026030,CAL281
NUR205-009-2026030,SLPILO2
NUR205-009-2026030,TRO249
NUR205-010-2026010,ALWI298
NUR205-010-2026010,SLPILO2
NUR205-010-2026010,TRO249
NUR205-010-2026030,JWHI224
NUR205-010-2026030,SLPILO2
NUR205-011-2026010,NJSE223
NUR205-011-2026010,SLPILO2
NUR205-011-2026030,KFE226
NUR205-011-2026030,SLPILO2
NUR205-012-2026010,SDHALC0
NUR205-012-2026010,SLPILO2
NUR205-012-2026010,TRO249
NUR205-012-2026030,CAL281
NUR205-012-2026030,SJHICK2
NUR205-012-2026030,SLPILO2
NUR205-013-2026030,KFE226
NUR205-013-2026030,SLPILO2
NUR205-014-2026030,CAL281
NUR205-014-2026030,KMSC265
NUR205-014-2026030,SLPILO2
NUR206-001-2026030,LABO242
NUR206-002-2026030,SRCHIS1
NUR207-001-2026030,AWZACH2
NUR207-001-2026030,CCWHIT3
NUR207-001-2026030,MGCO243
NUR207-001-2026030,VLTO223
NUR207-002-2026030,AWZACH2
NUR207-002-2026030,MDWHIT4
NUR207-002-2026030,MGCO243
NUR207-002-2026030,VLTO223
NUR207-003-2026030,AWZACH2
NUR207-003-2026030,JMKELL5
NUR207-003-2026030,MGCO243
NUR207-003-2026030,VLTO223
NUR207-004-2026030,ADZI222
NUR207-004-2026030,AWZACH2
NUR207-004-2026030,MGCO243
NUR207-004-2026030,VLTO223
NUR207-005-2026030,AERA237
NUR207-005-2026030,AWZACH2
NUR207-005-2026030,JMKELL5
NUR207-005-2026030,VLTO223
NUR207-006-2026030,AERA237
NUR207-006-2026030,AWZACH2
NUR207-006-2026030,SHA442
NUR207-006-2026030,VLTO223
NUR207-007-2026030,AERA237
NUR207-007-2026030,AWZACH2
NUR207-007-2026030,MDWHIT4
NUR207-007-2026030,VLTO223
NUR207-008-2026030,AWZACH2
NUR207-008-2026030,HMFI228
NUR207-008-2026030,JMMI255
NUR207-008-2026030,KRBR246
NUR207-009-2026030,AJMA256
NUR207-009-2026030,AWZACH2
NUR207-009-2026030,SDRI222
NUR207-009-2026030,VLTO223
NUR207-010-2026030,AWZACH2
NUR207-010-2026030,CWA296
NUR207-010-2026030,KRBR246
NUR207-010-2026030,RLOL223
NUR207-011-2026030,ADEL222
NUR207-011-2026030,AWZACH2
NUR207-011-2026030,JLFOX2
NUR207-011-2026030,KRBR246
NUR207-012-2026030,AWZACH2
NUR207-012-2026030,CWA296
NUR207-012-2026030,KRBR246
NUR207-012-2026030,RLOL223
NUR207-013-2026030,AERA237
NUR207-013-2026030,AWZACH2
NUR207-013-2026030,VLTO223
NUR207-014-2026030,ADEL222
NUR207-014-2026030,AWZACH2
NUR207-014-2026030,CWA296
NUR207-014-2026030,KRBR246
NUR207-015-2026030,AERA237
NUR207-015-2026030,AWZACH2
NUR207-015-2026030,KLPI222
NUR207-015-2026030,VLTO223
NUR207-016-2026030,AGA365
NUR207-016-2026030,AJMA256
NUR207-016-2026030,AWZACH2
NUR207-016-2026030,VLTO223
NUR207-017-2026030,AWZACH2
NUR207-017-2026030,DAR229
NUR207-017-2026030,JMMI255
NUR207-017-2026030,KRBR246
NUR207-018-2026030,AJMA256
NUR207-018-2026030,AWZACH2
NUR207-018-2026030,TLTU231
NUR207-018-2026030,VLTO223
NUR207-019-2026030,AWZACH2
NUR207-019-2026030,JMMI255
NUR207-019-2026030,KRBR246
NUR207-019-2026030,SALI229
NUR207-020-2026030,AWZACH2
NUR207-020-2026030,HMFI228
NUR207-020-2026030,JMMI255
NUR207-020-2026030,KRBR246
NUR207-021-2026030,ADEL222
NUR207-021-2026030,AWZACH2
NUR207-021-2026030,JDLIND3
NUR207-021-2026030,KRBR246
NUR207-022-2026030,ADEL222
NUR207-022-2026030,AWZACH2
NUR207-022-2026030,DAR229
NUR207-022-2026030,KRBR246
NUR207-023-2026030,AWZACH2
NUR207-023-2026030,CWA296
NUR207-023-2026030,KRBR246
NUR207-023-2026030,RRSALL2
NUR207-024-2026030,ADEL222
NUR207-024-2026030,AWZACH2
NUR207-024-2026030,KRBR246
NUR207-024-2026030,SALI229
NUR207-026-2026030,AWZACH2
NUR207-026-2026030,HMFI228
NUR207-026-2026030,MGCO243
NUR207-026-2026030,VLTO223
NUR207-027-2026030,AERA237
NUR207-027-2026030,AWZACH2
NUR207-027-2026030,HMFI228
NUR207-027-2026030,VLTO223
NUR207-028-2026030,ADEL222
NUR207-028-2026030,AWZACH2
NUR207-028-2026030,JLFOX2
NUR207-028-2026030,KRBR246
NUR207-029-2026030,AWZACH2
NUR207-029-2026030,CWA296
NUR207-029-2026030,KRBR246
NUR207-029-2026030,RRSALL2
NUR207-030-2026030,AJMA256
NUR207-030-2026030,AWZACH2
NUR207-030-2026030,JDGA227
NUR207-030-2026030,VLTO223
NUR208-001-2026010,ABPE231
NUR208-001-2026010,TESPEN0
NUR208-001-2026030,SLA355
NUR208-001-2026030,TESPEN0
NUR208-002-2026010,GWPAYN2
NUR208-002-2026010,SLA355
NUR208-002-2026010,TRSW222
NUR208-002-2026030,GWPAYN2
NUR208-002-2026030,SLA355
NUR227-002-2026010,AWZACH2
NUR227-002-2026010,CJSILE2
NUR227-002-2026010,MDWHIT4
NUR227-002-2026010,SJHICK2
NUR227-002-2026010,SLPILO2
NUR227-002-2026010,VLTO223
NUR227-003-2026010,AWZACH2
NUR227-003-2026010,JGLO222
NUR227-003-2026010,JMKELL5
NUR227-003-2026010,LKMART3
NUR227-003-2026010,SLPILO2
NUR227-003-2026010,VLTO223
NUR227-004-2026010,ADZI222
NUR227-004-2026010,AWZACH2
NUR227-004-2026010,JGLO222
NUR227-004-2026010,LKMART3
NUR227-004-2026010,SLPILO2
NUR227-004-2026010,VLTO223
NUR227-005-2026010,AWZACH2
NUR227-005-2026010,JGLO222
NUR227-005-2026010,JMKELL5
NUR227-005-2026010,LKMART3
NUR227-005-2026010,SLPILO2
NUR227-005-2026010,VLTO223
NUR227-006-2026010,ADEL222
NUR227-006-2026010,CJSILE2
NUR227-006-2026010,SHA442
NUR227-006-2026010,SLPILO2
NUR227-006-2026010,VLTO223
NUR227-007-2026010,AWZACH2
NUR227-007-2026010,JGLO222
NUR227-007-2026010,LKMART3
NUR227-007-2026010,MDWHIT4
NUR227-007-2026010,SLPILO2
NUR227-007-2026010,VLTO223
NUR227-008-2026010,AWZACH2
NUR227-008-2026010,HMFI228
NUR227-008-2026010,JGLO222
NUR227-008-2026010,KRBR246
NUR227-008-2026010,LKMART3
NUR227-008-2026010,SLPILO2
NUR227-009-2026010,AWZACH2
NUR227-009-2026010,CJSILE2
NUR227-009-2026010,KRBR246
NUR227-009-2026010,SDRI222
NUR227-009-2026010,SJHICK2
NUR227-009-2026010,SLPILO2
NUR227-010-2026010,AWZACH2
NUR227-010-2026010,CJSILE2
NUR227-010-2026010,KRBR246
NUR227-010-2026010,RLOL223
NUR227-010-2026010,SJHICK2
NUR227-010-2026010,SLPILO2
NUR227-011-2026010,ALWI298
NUR227-011-2026010,AWZACH2
NUR227-011-2026010,CJSILE2
NUR227-011-2026010,JLFOX2
NUR227-011-2026010,KRBR246
NUR227-011-2026010,SLPILO2
NUR227-012-2026010,AWZACH2
NUR227-012-2026010,CJSILE2
NUR227-012-2026010,KRBR246
NUR227-012-2026010,RLOL223
NUR227-012-2026010,SJHICK2
NUR227-012-2026010,SLPILO2
NUR227-013-2026010,ADEL222
NUR227-013-2026010,CJSILE2
NUR227-013-2026010,JWE342
NUR227-013-2026010,SLPILO2
NUR227-013-2026010,VLTO223
NUR227-014-2026010,ALWI298
NUR227-014-2026010,AWZACH2
NUR227-014-2026010,CJSILE2
NUR227-014-2026010,JMKELL5
NUR227-014-2026010,KRBR246
NUR227-014-2026010,SLPILO2
NUR227-015-2026010,ADEL222
NUR227-015-2026010,AWZACH2
NUR227-015-2026010,KLPI222
NUR227-015-2026010,SLPILO2
NUR227-015-2026010,VLTO223
NUR227-016-2026010,ADEL222
NUR227-016-2026010,AGA365
NUR227-016-2026010,CJSILE2
NUR227-016-2026010,SLPILO2
NUR227-016-2026010,VLTO223
NUR227-017-2026010,AWZACH2
NUR227-017-2026010,CJSILE2
NUR227-017-2026010,DAR229
NUR227-017-2026010,KRBR246
NUR227-017-2026010,SLPILO2
NUR227-018-2026010,ADEL222
NUR227-018-2026010,CJSILE2
NUR227-018-2026010,SLPILO2
NUR227-018-2026010,TLTU231
NUR227-018-2026010,VLTO223
NUR227-019-2026010,ALWI298
NUR227-019-2026010,AWZACH2
NUR227-019-2026010,CJSILE2
NUR227-019-2026010,KRBR246
NUR227-019-2026010,SALI229
NUR227-019-2026010,SLPILO2
NUR227-020-2026010,ALWI298
NUR227-020-2026010,AWZACH2
NUR227-020-2026010,CJSILE2
NUR227-020-2026010,HMFI228
NUR227-020-2026010,KRBR246
NUR227-020-2026010,SLPILO2
NUR227-021-2026010,ALWI298
NUR227-021-2026010,AWZACH2
NUR227-021-2026010,CJSILE2
NUR227-021-2026010,JDLIND3
NUR227-021-2026010,KRBR246
NUR227-021-2026010,SLPILO2
NUR227-022-2026010,ADEL222
NUR227-022-2026010,CJSILE2
NUR227-022-2026010,DAR229
NUR227-022-2026010,KRBR246
NUR227-022-2026010,SLPILO2
NUR227-023-2026010,AWZACH2
NUR227-023-2026010,CJSILE2
NUR227-023-2026010,KRBR246
NUR227-023-2026010,RRSALL2
NUR227-023-2026010,SJHICK2
NUR227-023-2026010,SLPILO2
NUR227-025-2026010,AWZACH2
NUR227-025-2026010,JGLO222
NUR227-025-2026010,LKMART3
NUR227-025-2026010,LLLA223
NUR227-025-2026010,SLPILO2
NUR227-025-2026010,VLTO223
NUR228-001-2026010,LKELS0
NUR228-002-2026010,EGSALT0
NUR228-002-2026010,PTPE222
NUR228-003-2026010,LKELS0
NUR230-001-2026010,DAHOUS2
NUR230-001-2026010,JMZABR0
NUR230-002-2026010,BERO226
NUR230-002-2026010,JMZABR0
NUR230-003-2026010,AKFEAG0
NUR230-003-2026010,MSSETT2
NUR230-004-2026010,JMZABR0
NUR230-004-2026010,MCCA255
NUR230-005-2026010,AKFEAG0
NUR230-005-2026010,JMZABR0
NUR230-005-2026010,MSSETT2
NUR230-006-2026010,AKFEAG0
NUR230-006-2026010,EPGE227
NUR230-006-2026010,JMZABR0
NUR230-007-2026010,DAHOUS2
NUR230-007-2026010,JMZABR0
NUR230-008-2026010,JMZABR0
NUR230-008-2026010,MEMA230
NUR230-009-2026010,AKFEAG0
NUR230-009-2026010,JMZABR0
NUR230-009-2026010,SNECTO2
NUR230-010-2026010,JMZABR0
NUR230-010-2026010,MCCA255
NUR230-011-2026010,AKFEAG0
NUR230-011-2026010,JMZABR0
NUR230-011-2026010,MSSETT2
NUR230-012-2026010,AKFEAG0
NUR230-012-2026010,JMZABR0
NUR230-012-2026010,JRSHEP5
NUR230-013-2026010,JLRO239
NUR230-013-2026010,JMZABR0
NUR230-014-2026010,JMZABR0
NUR230-014-2026010,RMRI227
NUR230-015-2026010,AKFEAG0
NUR230-015-2026010,JMZABR0
NUR230-015-2026010,RDHE224
NUR230-016-2026010,DAHOUS2
NUR230-016-2026010,JMZABR0
NUR230-017-2026010,AKFEAG0
NUR230-017-2026010,CDCA239
NUR230-017-2026010,JMZABR0
NUR230-018-2026010,CDCA239
NUR230-018-2026010,JMZABR0
NUR230-019-2026010,JMZABR0
NUR230-019-2026010,MEFI234
NUR230-020-2026010,AKFEAG0
NUR230-020-2026010,JMZABR0
NUR230-020-2026010,JRSHEP5
NUR230-021-2026010,AKFEAG0
NUR230-021-2026010,JMZABR0
NUR230-021-2026010,SMWILE3
NUR230-022-2026010,AKFEAG0
NUR230-022-2026010,JMZABR0
NUR230-022-2026010,RMRI227
NUR230-023-2026010,AKFEAG0
NUR230-023-2026010,HECOUC2
NUR230-023-2026010,JMZABR0
NUR231-201-2026010,ABLE225
NUR231-202-2026010,TAN265
NUR308-001-2026030,EGSALT0
NUR308-001-2026030,KWQU222
NUR308-002-2026030,EGSALT0
NUR308-002-2026030,JKA236
NUR308-002-2026030,KDPR223
NUR321-201-2026010,KKVO222
NUR321-201-2026030,KKVO222
NUR323-201-2026010,TLCO246
NUR323-201-2026030,TLCO246
NUR323-202-2026010,TLCO246
NUR323-202-2026030,TLCO246
NUR323-203-2026010,TLCO246
NUR323-203-2026030,TLCO246
NUR323-204-2026010,TLCO246
NUR323-204-2026030,TLCO246
NUR323-205-2026010,TLCO246
NUR323-206-2026010,TLCO246
NUR323-501-2026010,KKAD225
NUR323-501-2026010,RGHU227
NUR323-501-2026010,TLCO246
NUR323-501-2026030,RGHU227
NUR323-501-2026030,TLCO246
NUR324-201-2026010,AMBARN4
NUR324-201-2026010,JLHA229
NUR324-201-2026030,AMBARN4
NUR324-201-2026030,JLHA229
NUR324-202-2026010,JLHA229
NUR324-202-2026010,JMLA239
NUR324-202-2026030,JLHA229
NUR324-202-2026030,KMCH223
NUR324-202-2026030,SJJA226
NUR324-203-2026010,JLHA229
NUR324-203-2026010,SJJA226
NUR324-203-2026030,JLHA229
NUR324-203-2026030,KMCH223
NUR324-203-2026030,SJJA226
NUR324-204-2026010,JLHA229
NUR324-204-2026010,KMCH223
NUR324-204-2026030,JLHA229
NUR324-204-2026030,KMCH223
NUR324-205-2026010,JLHA229
NUR324-205-2026010,MAGO222
NUR324-205-2026030,JLHA229
NUR324-205-2026030,JTKE233
NUR324-206-2026010,JLHA229
NUR324-206-2026010,SJJA226
NUR324-206-2026030,JLHA229
NUR324-206-2026030,SJJA226
NUR324-501-2026010,JLHA229
NUR324-501-2026010,SMCL240
NUR324-501-2026030,JLHA229
NUR324-501-2026030,SMCL240
NUR325-201-2026010,KKVO222
NUR325-201-2026030,KKVO222
NUR326-201-2026010,JLHA229
NUR326-201-2026030,JLHA229
NUR328-210-2026050,ACARM0
NUR329-201-2026010,ABLE225
NUR329-201-2026010,SLSTEE2
NUR329-201-2026030,NABI223
NUR329-201-2026030,SLSTEE2
NUR329-202-2026010,CSH304
NUR329-202-2026010,SLSTEE2
NUR329-202-2026030,IELA222
NUR329-202-2026030,SLSTEE2
NUR329-203-2026010,SLSTEE2
NUR329-203-2026010,ZJCORN2
NUR329-203-2026030,LBLOU2
NUR329-203-2026030,SLSTEE2
NUR329-204-2026010,LBLOU2
NUR329-204-2026010,SLSTEE2
NUR329-205-2026010,SLSTEE2
NUR329-205-2026010,ZJCORN2
NUR329-205-2026030,KJIC222
NUR329-205-2026030,SLSTEE2
NUR329-206-2026030,SLSTEE2
NUR329-206-2026030,ZJCORN2
NUR329-501-2026010,SLSTEE2
NUR329-501-2026010,ZSU240
NUR330-201-2026010,TLCO246
NUR330-201-2026030,CLHUBB1
NUR330-201-2026030,TLCO246
NUR330-202-2026010,TLCO246
NUR330-202-2026030,CLHUBB1
NUR330-202-2026030,TLCO246
NUR330-203-2026010,TLCO246
NUR330-203-2026030,CLHUBB1
NUR330-203-2026030,TLCO246
NUR330-204-2026010,TLCO246
NUR330-204-2026030,CLHUBB1
NUR330-204-2026030,TLCO246
NUR330-206-2026010,TLCO246
NUR330-501-2026010,KKAD225
NUR330-501-2026010,RGHU227
NUR330-501-2026030,KKAD225
NUR330-501-2026030,RGHU227
NUR330-501-2026030,TLCO246
NUR331-210-2026050,VRPACK0
NUR331-211-2026050,VRPACK0
NUR331-212-2026050,VRPACK0
NUR331-213-2026050,VRPACK0
NUR331-214-2026050,VRPACK0
NUR331-215-2026050,VRPACK0
NUR331-216-2026050,VRPACK0
NUR331-217-2026050,VRPACK0
NUR331-218-2026050,VRPACK0
NUR331-219-2026050,VRPACK0
NUR331-220-2026050,VRPACK0
NUR331-221-2026050,VRPACK0
NUR331-510-2026050,VRPACK0
NUR332-210-2026050,AKFEAG0
NUR332-210-2026050,JMZABR0
NUR332-211-2026050,AKFEAG0
NUR332-211-2026050,JMZABR0
NUR332-213-2026050,AKFEAG0
NUR332-213-2026050,JMZABR0
NUR332-214-2026050,AKFEAG0
NUR332-214-2026050,JMZABR0
NUR332-215-2026050,AKFEAG0
NUR332-215-2026050,JMZABR0
NUR332-216-2026050,AKFEAG0
NUR332-216-2026050,JMZABR0
NUR332-217-2026050,AKFEAG0
NUR332-217-2026050,JMZABR0
NUR332-218-2026050,AKFEAG0
NUR332-218-2026050,JMZABR0
NUR332-219-2026050,AKFEAG0
NUR332-219-2026050,JMZABR0
NUR332-220-2026050,AKFEAG0
NUR332-220-2026050,JMZABR0
NUR332-510-2026050,AKFEAG0
NUR332-510-2026050,JMZABR0
NUR333-201-2026010,AMBARN4
NUR333-201-2026010,CKBOBL0
NUR333-201-2026030,AMBARN4
NUR333-201-2026030,CKBOBL0
NUR333-202-2026010,JMLA239
NUR333-202-2026030,CKBOBL0
NUR333-202-2026030,EBU287
NUR333-203-2026010,CKBOBL0
NUR333-203-2026010,SJJA226
NUR333-203-2026030,CKBOBL0
NUR333-203-2026030,SJJA226
NUR333-204-2026010,CKBOBL0
NUR333-204-2026010,KMCH223
NUR333-204-2026030,CKBOBL0
NUR333-204-2026030,KMCH223
NUR333-205-2026010,CKBOBL0
NUR333-205-2026010,MAGO222
NUR333-205-2026030,CKBOBL0
NUR333-205-2026030,JTKE233
NUR333-206-2026010,CKBOBL0
NUR333-206-2026010,SJJA226
NUR333-206-2026030,CKBOBL0
NUR333-206-2026030,SJJA226
NUR333-501-2026010,CKBOBL0
NUR333-501-2026010,SMCL240
NUR333-501-2026030,CKBOBL0
NUR333-501-2026030,SMCL240
NUR334-201-2026010,CLHUBB1
NUR334-201-2026010,CLTWEH0
NUR334-201-2026030,CLHUBB1
NUR334-201-2026030,CLTWEH0
NUR334-202-2026010,AEHICK2
NUR334-202-2026010,CLTWEH0
NUR334-202-2026030,AEHICK2
NUR334-202-2026030,CLTWEH0
NUR334-203-2026010,CLTWEH0
NUR334-203-2026010,RJRA227
NUR334-203-2026030,CLTWEH0
NUR334-203-2026030,RJRA227
NUR334-204-2026010,CLTWEH0
NUR334-204-2026010,JMKELL5
NUR334-204-2026030,AMBARN4
NUR334-204-2026030,CLTWEH0
NUR334-205-2026010,CLTWEH0
NUR334-205-2026010,MALO257
NUR334-205-2026030,CLTWEH0
NUR334-205-2026030,NRPEND2
NUR334-206-2026010,AMBARN4
NUR334-206-2026010,CLTWEH0
NUR334-206-2026030,AMBARN4
NUR334-206-2026030,CLTWEH0
NUR334-501-2026030,CLTWEH0
NUR334-501-2026030,DLBI226
NUR336-001-2026010,VRPACK0
NUR340-001-2026010,JLFR222
NUR340-001-2026010,TJBA227
NUR340-001-2026010,VRPACK0
NUR340-001-2026030,JLFR222
NUR340-001-2026030,JYPRIN0
NUR340-001-2026030,VRPACK0
NUR340-002-2026010,JLFR222
NUR340-002-2026010,MMHARR4
NUR340-002-2026010,VRPACK0
NUR340-002-2026030,JLFR222
NUR340-002-2026030,MMGR238
NUR340-002-2026030,VRPACK0
NUR340-003-2026010,JLFR222
NUR340-003-2026010,MMGR238
NUR340-003-2026010,VRPACK0
NUR340-003-2026030,BNBU227
NUR340-003-2026030,JLFR222
NUR340-003-2026030,VRPACK0
NUR340-004-2026010,EHWILL2
NUR340-004-2026010,JLFR222
NUR340-004-2026010,VRPACK0
NUR340-004-2026030,BEADAM2
NUR340-004-2026030,JLFR222
NUR340-004-2026030,VRPACK0
NUR340-005-2026010,JLFR222
NUR340-005-2026010,JYPRIN0
NUR340-005-2026010,VRPACK0
NUR340-005-2026030,BEADAM2
NUR340-005-2026030,JLFR222
NUR340-005-2026030,VRPACK0
NUR340-006-2026010,EHWILL2
NUR340-006-2026010,JLFR222
NUR340-006-2026010,VRPACK0
NUR340-006-2026030,JLFR222
NUR340-006-2026030,MMHARR4
NUR340-006-2026030,VRPACK0
NUR340-007-2026010,JLFR222
NUR340-007-2026010,MMGR238
NUR340-007-2026010,VRPACK0
NUR340-007-2026030,JLFR222
NUR340-007-2026030,MMHARR4
NUR340-007-2026030,VRPACK0
NUR340-008-2026010,JLFR222
NUR340-008-2026010,RAWO222
NUR340-008-2026010,VRPACK0
NUR340-008-2026030,JLFR222
NUR340-008-2026030,MMGR238
NUR340-008-2026030,VRPACK0
NUR340-009-2026010,JLFR222
NUR340-009-2026010,RAWO222
NUR340-009-2026010,VRPACK0
NUR340-009-2026030,JLFR222
NUR340-009-2026030,MEWETH2
NUR340-009-2026030,VRPACK0
NUR340-010-2026010,JLFR222
NUR340-010-2026010,SJENN2
NUR340-010-2026010,VRPACK0
NUR340-010-2026030,JLFR222
NUR340-010-2026030,MEWETH2
NUR340-010-2026030,VRPACK0
NUR340-011-2026010,JLFR222
NUR340-011-2026010,MMHARR4
NUR340-011-2026010,VRPACK0
NUR340-011-2026030,JLFR222
NUR340-011-2026030,SJENN2
NUR340-011-2026030,VRPACK0
NUR340-012-2026010,JLFR222
NUR340-012-2026010,MMHARR4
NUR340-012-2026010,VRPACK0
NUR340-012-2026030,JLFR222
NUR340-012-2026030,MEBONN2
NUR340-012-2026030,VRPACK0
NUR340-013-2026010,BEADAM2
NUR340-013-2026010,JLFR222
NUR340-013-2026010,VRPACK0
NUR340-013-2026030,BNSA225
NUR340-013-2026030,JLFR222
NUR340-013-2026030,VRPACK0
NUR340-014-2026010,BEADAM2
NUR340-014-2026010,JLFR222
NUR340-014-2026010,VRPACK0
NUR340-014-2026030,JLFR222
NUR340-014-2026030,LBRO236
NUR340-014-2026030,VRPACK0
NUR340-015-2026010,JLFR222
NUR340-015-2026010,MMHARR4
NUR340-015-2026010,VRPACK0
NUR340-015-2026030,JLFR222
NUR340-015-2026030,MMHARR4
NUR340-015-2026030,VRPACK0
NUR340-016-2026010,JLFR222
NUR340-016-2026010,MMHARR4
NUR340-016-2026010,VRPACK0
NUR340-016-2026030,EHWILL2
NUR340-016-2026030,JLFR222
NUR340-016-2026030,VRPACK0
NUR340-017-2026010,JLFR222
NUR340-017-2026010,VRPACK0
NUR340-017-2026030,JLFR222
NUR340-017-2026030,TJBA227
NUR340-017-2026030,VRPACK0
NUR340-018-2026010,JLFR222
NUR340-018-2026010,VRPACK0
NUR340-018-2026030,EHWILL2
NUR340-018-2026030,JLFR222
NUR340-018-2026030,VRPACK0
NUR340-019-2026010,JLFR222
NUR340-019-2026010,KNMC237
NUR340-019-2026010,VRPACK0
NUR340-019-2026030,JLFR222
NUR340-019-2026030,KNMC237
NUR340-019-2026030,VRPACK0
NUR340-020-2026010,JLFR222
NUR340-020-2026010,KNMC237
NUR340-020-2026010,VRPACK0
NUR340-020-2026030,JLFR222
NUR340-020-2026030,KNMC237
NUR340-020-2026030,VRPACK0
NUR340-021-2026010,JLFR222
NUR340-021-2026010,MEWETH2
NUR340-021-2026010,VRPACK0
NUR340-021-2026030,JLFR222
NUR340-021-2026030,MMHARR4
NUR340-021-2026030,VRPACK0
NUR340-022-2026010,JLFR222
NUR340-022-2026010,MEWETH2
NUR340-022-2026010,VRPACK0
NUR340-022-2026030,JLFR222
NUR340-022-2026030,MMHARR4
NUR340-022-2026030,VRPACK0
NUR340-023-2026010,BNBU227
NUR340-023-2026010,JLFR222
NUR340-023-2026010,VRPACK0
NUR340-023-2026030,JLFR222
NUR340-023-2026030,RAWO222
NUR340-023-2026030,VRPACK0
NUR340-024-2026010,BNSA225
NUR340-024-2026010,JLFR222
NUR340-024-2026010,VRPACK0
NUR340-024-2026030,JLFR222
NUR340-024-2026030,SJENN2
NUR340-024-2026030,VRPACK0
NUR340-025-2026010,JLFR222
NUR340-025-2026010,MEBONN2
NUR340-025-2026010,VRPACK0
NUR341-001-2026010,JLFR222
NUR341-201-2026030,JLFR222
NUR342-001-2026010,CDWITT2
NUR342-001-2026010,REBENT2
NUR342-001-2026030,CDWITT2
NUR342-001-2026030,REBENT2
NUR342-002-2026010,CDWITT2
NUR342-002-2026010,REBENT2
NUR343-001-2026010,ABLE225
NUR343-001-2026030,NABI223
NUR343-001-2026030,SLA355
NUR343-001-2026030,SLSTEE2
NUR343-002-2026010,ABLE225
NUR343-002-2026030,ABLE225
NUR343-002-2026030,SLA355
NUR343-002-2026030,SLSTEE2
NUR343-003-2026010,ABLE225
NUR343-003-2026010,TJBA227
NUR343-003-2026030,SLA355
NUR343-003-2026030,SLSTEE2
NUR343-003-2026030,TEMC224
NUR343-004-2026010,ABLE225
NUR343-004-2026010,MTBO222
NUR343-004-2026030,JFE270
NUR343-004-2026030,SLA355
NUR343-004-2026030,SLSTEE2
NUR343-005-2026010,ABLE225
NUR343-005-2026010,GWPAYN2
NUR343-005-2026030,EALE238
NUR343-005-2026030,SLA355
NUR343-005-2026030,SLSTEE2
NUR343-006-2026010,ABLE225
NUR343-006-2026010,GWPAYN2
NUR343-006-2026030,EALE238
NUR343-006-2026030,SLA355
NUR343-006-2026030,SLSTEE2
NUR343-007-2026010,ABLE225
NUR343-007-2026010,JTE257
NUR343-007-2026030,JFE270
NUR343-007-2026030,SLA355
NUR343-007-2026030,SLSTEE2
NUR343-008-2026010,ABLE225
NUR343-008-2026010,TEMC224
NUR343-008-2026030,MTBO222
NUR343-008-2026030,SLA355
NUR343-008-2026030,SLSTEE2
NUR343-009-2026010,ABLE225
NUR343-009-2026010,TEMC224
NUR343-009-2026030,MLSAYR2
NUR343-009-2026030,SLA355
NUR343-009-2026030,SLSTEE2
NUR343-010-2026010,ABLE225
NUR343-010-2026010,GWPAYN2
NUR343-010-2026030,MLSAYR2
NUR343-010-2026030,SLA355
NUR343-010-2026030,SLSTEE2
NUR343-011-2026010,LBLOU2
NUR343-011-2026010,SLA355
NUR343-011-2026010,SLSTEE2
NUR343-011-2026030,GWPAYN2
NUR343-011-2026030,SLA355
NUR343-011-2026030,SLSTEE2
NUR343-012-2026010,LBLOU2
NUR343-012-2026010,SLA355
NUR343-012-2026010,SLSTEE2
NUR343-012-2026030,GWPAYN2
NUR343-012-2026030,SLA355
NUR343-012-2026030,SLSTEE2
NUR343-013-2026010,MGJEFF2
NUR343-013-2026010,SLA355
NUR343-013-2026010,SLSTEE2
NUR343-013-2026030,MGJEFF2
NUR343-013-2026030,SLA355
NUR343-013-2026030,SLSTEE2
NUR343-014-2026010,EALE238
NUR343-014-2026010,SLA355
NUR343-014-2026010,SLSTEE2
NUR343-014-2026030,MGJEFF2
NUR343-014-2026030,SLA355
NUR343-014-2026030,SLSTEE2
NUR343-015-2026010,MLSAYR2
NUR343-015-2026010,SLA355
NUR343-015-2026010,SLSTEE2
NUR343-015-2026030,LBLOU2
NUR343-015-2026030,SLA355
NUR343-015-2026030,SLSTEE2
NUR343-016-2026010,MLSAYR2
NUR343-016-2026010,SLA355
NUR343-016-2026010,SLSTEE2
NUR343-016-2026030,LBLOU2
NUR343-016-2026030,SLA355
NUR343-016-2026030,SLSTEE2
NUR343-017-2026030,LBLOU2
NUR343-017-2026030,SLA355
NUR343-017-2026030,SLSTEE2
NUR343-018-2026010,ABLE225
NUR343-018-2026010,CSH304
NUR343-018-2026030,LBLOU2
NUR343-018-2026030,SLA355
NUR343-018-2026030,SLSTEE2
NUR343-019-2026010,LBLOU2
NUR343-019-2026010,SLA355
NUR343-019-2026010,SLSTEE2
NUR343-019-2026030,JTE257
NUR343-019-2026030,SLA355
NUR343-019-2026030,SLSTEE2
NUR343-020-2026010,SLA355
NUR343-020-2026010,SLSTEE2
NUR343-020-2026010,ZJCORN2
NUR343-020-2026030,SLA355
NUR343-020-2026030,SLSTEE2
NUR343-020-2026030,TEMC224
NUR343-021-2026010,SLA355
NUR343-021-2026010,SLSTEE2
NUR343-021-2026010,ZJCORN2
NUR343-021-2026030,ABLE225
NUR343-021-2026030,SLA355
NUR343-021-2026030,SLSTEE2
NUR343-022-2026010,LBLOU2
NUR343-022-2026010,SLA355
NUR343-022-2026010,SLSTEE2
NUR343-022-2026030,SLA355
NUR343-022-2026030,SLSTEE2
NUR343-022-2026030,ZJCORN2
NUR343-023-2026010,EALE238
NUR343-023-2026010,SLA355
NUR343-023-2026010,SLSTEE2
NUR343-023-2026030,SLA355
NUR343-023-2026030,SLSTEE2
NUR343-023-2026030,ZJCORN2
NUR343-024-2026010,MGJEFF2
NUR343-024-2026010,SLA355
NUR343-024-2026030,JTE257
NUR343-024-2026030,SLA355
NUR343-024-2026030,SLSTEE2
NUR343-025-2026010,ABLE225
NUR343-025-2026010,JFE270
NUR344-001-2026010,ACARM0
NUR344-001-2026030,CDWITT2
NUR344-001-2026030,IMAL230
NUR344-001-2026030,SRECKE0
NUR344-002-2026010,AOADEG2
NUR344-002-2026010,MJBIDD0
NUR345-001-2026010,MGWALD2
NUR345-001-2026010,NBUSH2
NUR345-001-2026030,MGWALD2
NUR345-001-2026030,NBUSH2
NUR345-002-2026010,NBUSH2
NUR345-002-2026010,SLA355
NUR345-002-2026030,MGWALD2
NUR345-002-2026030,NBUSH2
NUR345-003-2026010,MGWALD2
NUR345-003-2026030,MGWALD2
NUR345-003-2026030,SWTODD0
NUR345-004-2026010,LAHA241
NUR345-004-2026010,SLA355
NUR345-004-2026030,MGWALD2
NUR345-005-2026010,MGWALD2
NUR345-005-2026010,MJO372
NUR345-005-2026030,MGWALD2
NUR345-006-2026010,MJO372
NUR345-006-2026010,SLA355
NUR345-006-2026030,MGWALD2
NUR345-006-2026030,NBUSH2
NUR345-007-2026010,MGWALD2
NUR345-007-2026010,SWTODD0
NUR345-007-2026030,MGWALD2
NUR345-008-2026010,AKEV223
NUR345-008-2026010,SLA355
NUR345-008-2026030,KLSLON0
NUR345-008-2026030,MGWALD2
NUR345-009-2026010,MGWALD2
NUR345-009-2026030,MGWALD2
NUR345-009-2026030,NJMORG2
NUR345-010-2026010,SLA355
NUR345-010-2026030,MGWALD2
NUR345-010-2026030,NJMORG2
NUR345-011-2026010,MGWALD2
NUR345-011-2026010,NJMORG2
NUR345-011-2026030,MDCRUM2
NUR345-011-2026030,MGWALD2
NUR345-012-2026010,NJMORG2
NUR345-012-2026010,SLA355
NUR345-012-2026030,MGWALD2
NUR345-013-2026010,KLSLON0
NUR345-013-2026010,SLA355
NUR345-013-2026030,AKEV223
NUR345-013-2026030,MGWALD2
NUR345-014-2026010,MGWALD2
NUR345-014-2026010,NEGA222
NUR345-014-2026030,EJHARR2
NUR345-014-2026030,MGWALD2
NUR345-015-2026010,NEGA222
NUR345-015-2026010,SLA355
NUR345-015-2026030,MEBO254
NUR345-015-2026030,MGWALD2
NUR345-016-2026030,HABROA0
NUR345-016-2026030,MGWALD2
NUR345-017-2026030,MGWALD2
NUR345-017-2026030,MLWAGE2
NUR345-018-2026030,CDWITT2
NUR345-019-2026030,NBUSH2
NUR360-201-2026010,CCA236
NUR360-202-2026010,AOADEG2
NUR361-201-2026010,LACLEM3
NUR361-202-2026010,LKSCHR0
NUR361-210-2026050,ABGREE2
NUR363-201-2026010,LACLEM3
NUR363-202-2026010,LKSCHR0
NUR363-210-2026050,LKSCHR0
NUR364-201-2026010,LACLEM3
NUR365-201-2026030,GWPAYN2
NUR366-201-2026010,AFA261
NUR366-201-2026030,JAMA339
NUR366-202-2026010,JAMA339
NUR366-202-2026030,EADE222
NUR366-203-2026010,JDU255
NUR366-203-2026010,JFDAUG2
NUR366-203-2026030,JDU255
NUR366-203-2026030,JFDAUG2
NUR366-204-2026010,EADE222
NUR366-204-2026030,AMCH228
NUR366-205-2026010,AMCH228
NUR366-205-2026030,TAN265
NUR366-206-2026030,CSGIBB2
NUR373-201-2026030,LKSCHR0
NUR374-201-2026030,JAMA339
NUR375-210-2026050,SRECKE0
NUR376-201-2026030,LKSCHR0
NUR382-001-2026030,PKHOWA0
NUR387-001-2026010,LAWALM0
NUR390-001-2026010,EGSALT0
NUR390-001-2026030,KRBR246
NUR391-001-2026010,LKELS0
NUR391-001-2026010,MEBONN2
NUR391-001-2026030,LKELS0
NUR391-001-2026030,MEBONN2
NUR391-002-2026010,LKELS0
NUR391-002-2026010,MEBONN2
NUR391-002-2026030,LKELS0
NUR391-002-2026030,MEBONN2
NUR391-003-2026010,LKELS0
NUR391-003-2026010,MEBONN2
NUR391-003-2026030,LKELS0
NUR391-003-2026030,MEBONN2
NUR393-001-2026010,ATFALL2
NUR393-001-2026030,ATFALL2
NUR393-002-2026010,ATFALL2
NUR393-002-2026030,ATFALL2
NUR393-003-2026010,ATFALL2
NUR393-003-2026030,ATFALL2
NUR396-701-2026030,ACARM0
NUR396-702-2026030,ACARM0
NUR397-001-2026010,SLPILO2
NUR397-002-2026010,SLPILO2
NUR399-001-2026010,JDWELS00
NUR405-201-2026010,CLHUBB1
NUR405-201-2026010,CLTWEH0
NUR405-201-2026030,CLHUBB1
NUR405-201-2026030,CLTWEH0
NUR405-202-2026010,AEHICK2
NUR405-202-2026010,CLTWEH0
NUR405-202-2026030,AEHICK2
NUR405-202-2026030,CLTWEH0
NUR405-203-2026010,CLTWEH0
NUR405-203-2026010,RJRA227
NUR405-203-2026030,CLTWEH0
NUR405-203-2026030,RJRA227
NUR405-204-2026010,CLTWEH0
NUR405-204-2026010,JMKELL5
NUR405-204-2026030,AMBARN4
NUR405-204-2026030,CLTWEH0
NUR405-205-2026010,CLTWEH0
NUR405-205-2026010,MALO257
NUR405-205-2026030,CLTWEH0
NUR405-205-2026030,NRPEND2
NUR405-206-2026010,AMBARN4
NUR405-206-2026010,CLTWEH0
NUR405-206-2026030,AMBARN4
NUR405-206-2026030,CLTWEH0
NUR405-501-2026030,CLTWEH0
NUR405-501-2026030,DLBI226
NUR406-201-2026010,KKVO222
NUR406-201-2026030,KKVO222
NUR417-001-2026010,JMZABR0
NUR417-001-2026030,JMZABR0
NUR422-201-2026010,KKVO222
NUR422-201-2026030,KKVO222
NUR423-201-2026010,AKFEAG0
NUR423-201-2026030,AKFEAG0
NUR426-201-2026010,CLHUBB1
NUR426-201-2026010,PRPRAT0
NUR426-201-2026030,CLHUBB1
NUR426-202-2026010,CLHUBB1
NUR426-202-2026010,PRPRAT0
NUR426-202-2026030,CLTWEH0
NUR426-203-2026010,CLHUBB1
NUR426-203-2026010,PRPRAT0
NUR426-203-2026030,PRPRAT0
NUR426-204-2026010,CLHUBB1
NUR426-204-2026010,CLTWEH0
NUR426-204-2026010,LNVANH2
NUR426-204-2026010,PRPRAT0
NUR426-204-2026030,LNVANH2
NUR426-501-2026010,CLHUBB1
NUR426-501-2026010,RGHU227
NUR427-201-2026010,CLTWEH0
NUR427-201-2026010,JLHA229
NUR427-201-2026030,JLHA229
NUR430-001-2026010,MAGREE6
NUR430-001-2026010,VLTO223
NUR430-001-2026030,MAGREE6
NUR430-001-2026030,VLTO223
NUR430-002-2026010,AMBARN4
NUR430-002-2026010,SRCHIS1
NUR430-002-2026030,MHY225
NUR430-002-2026030,SRCHIS1
NUR430-003-2026010,LESTRO2
NUR430-003-2026010,SRCHIS1
NUR430-003-2026030,LESTRO2
NUR430-003-2026030,SRCHIS1
NUR430-004-2026010,SEHO243
NUR430-004-2026010,VLTO223
NUR430-004-2026030,SEHO243
NUR430-004-2026030,VLTO223
NUR430-005-2026010,NRPEND2
NUR430-005-2026010,VLTO223
NUR430-005-2026030,NRPEND2
NUR430-005-2026030,VLTO223
NUR430-006-2026010,AJMA256
NUR430-006-2026010,SRCHIS1
NUR430-006-2026030,AJMA256
NUR430-006-2026030,SRCHIS1
NUR430-007-2026010,AJMA256
NUR430-007-2026010,VLTO223
NUR430-007-2026030,AJMA256
NUR430-007-2026030,VLTO223
NUR430-008-2026010,SAMASO2
NUR430-008-2026010,SRCHIS1
NUR430-008-2026030,SAMASO2
NUR430-008-2026030,SRCHIS1
NUR430-009-2026010,CETRAV2
NUR430-009-2026010,SRCHIS1
NUR430-009-2026030,CETRAV2
NUR430-009-2026030,SRCHIS1
NUR430-010-2026010,SAMASO2
NUR430-010-2026010,VLTO223
NUR430-010-2026030,ADZI222
NUR430-010-2026030,VLTO223
NUR430-011-2026010,AMRO236
NUR430-011-2026010,SRCHIS1
NUR430-011-2026030,AMRO236
NUR430-011-2026030,SRCHIS1
NUR430-012-2026010,SBCA243
NUR430-012-2026010,VLTO223
NUR430-012-2026030,JMDINS2
NUR430-012-2026030,VLTO223
NUR430-013-2026010,JMLA239
NUR430-013-2026010,SRCHIS1
NUR430-013-2026030,KABE277
NUR430-013-2026030,SRCHIS1
NUR430-014-2026010,KDAVI5
NUR430-014-2026010,VLTO223
NUR430-014-2026030,KDAVI5
NUR430-014-2026030,VLTO223
NUR430-015-2026010,BAKL222
NUR430-015-2026010,SRCHIS1
NUR430-015-2026030,BAKL222
NUR430-015-2026030,SRCHIS1
NUR430-016-2026010,SRCHIS1
NUR430-016-2026010,TKPO223
NUR430-016-2026030,SRCHIS1
NUR430-016-2026030,TKPO223
NUR430-017-2026010,ASE235
NUR430-017-2026010,VLTO223
NUR430-017-2026030,ASE235
NUR430-017-2026030,VLTO223
NUR430-018-2026010,LMHA223
NUR430-018-2026010,VLTO223
NUR430-018-2026030,LMHA223
NUR430-018-2026030,VLTO223
NUR430-019-2026030,SJJA226
NUR430-019-2026030,SRCHIS1
NUR430-020-2026030,JMKELL5
NUR430-020-2026030,VLTO223
NUR430-021-2026030,SEHO243
NUR430-021-2026030,SRCHIS1
NUR430-022-2026030,SETAYL2
NUR430-022-2026030,VLTO223
NUR431-001-2026010,LKELS0
NUR431-001-2026030,KHO232
NUR431-001-2026030,LKELS0
NUR431-002-2026010,KHO232
NUR431-002-2026030,KHO232
NUR431-002-2026030,LKELS0
NUR432-001-2026010,AKFEAG0
NUR432-001-2026030,AKFEAG0
NUR432-002-2026010,AKFEAG0
NUR432-002-2026030,AKFEAG0
NUR433-001-2026010,LKELS0
NUR433-001-2026030,LKELS0
NUR433-002-2026010,LKELS0
NUR434-001-2026010,ASE235
NUR434-001-2026010,JCDERR1
NUR434-001-2026010,KHO232
NUR434-001-2026010,MTLY226
NUR434-001-2026010,PRPRAT0
NUR434-001-2026030,ASE235
NUR434-001-2026030,JCDERR1
NUR434-001-2026030,KHO232
NUR434-001-2026030,LABO242
NUR434-001-2026030,MTLY226
NUR434-001-2026030,PRPRAT0
NUR434-002-2026010,JCDERR1
NUR434-002-2026010,KHO232
NUR434-002-2026010,MTLY226
NUR434-002-2026010,PRPRAT0
NUR434-002-2026010,SEHO243
NUR434-002-2026030,JCDERR1
NUR434-002-2026030,KHO232
NUR434-002-2026030,LABO242
NUR434-002-2026030,MTLY226
NUR434-002-2026030,PRPRAT0
NUR434-002-2026030,SEHO243
NUR434-003-2026010,AMBARN4
NUR434-003-2026010,JCDERR1
NUR434-003-2026010,KHO232
NUR434-003-2026010,MTLY226
NUR434-003-2026010,PRPRAT0
NUR434-003-2026030,JCDERR1
NUR434-003-2026030,KHO232
NUR434-003-2026030,LABO242
NUR434-003-2026030,LESTRO2
NUR434-003-2026030,MTLY226
NUR434-003-2026030,PRPRAT0
NUR434-004-2026010,JCDERR1
NUR434-004-2026010,JMDINS2
NUR434-004-2026010,KHO232
NUR434-004-2026010,MTLY226
NUR434-004-2026010,PRPRAT0
NUR434-004-2026030,JCDERR1
NUR434-004-2026030,JMDINS2
NUR434-004-2026030,KHO232
NUR434-004-2026030,LABO242
NUR434-004-2026030,MTLY226
NUR434-004-2026030,PRPRAT0
NUR434-005-2026010,AMBARN4
NUR434-005-2026010,BAKL222
NUR434-005-2026010,JCDERR1
NUR434-005-2026010,KHO232
NUR434-005-2026010,LABO242
NUR434-005-2026010,LMHA223
NUR434-005-2026030,BAKL222
NUR434-005-2026030,JCDERR1
NUR434-005-2026030,KHO232
NUR434-005-2026030,LABO242
NUR434-005-2026030,LATERR2
NUR434-005-2026030,LMHA223
NUR434-006-2026010,AMBARN4
NUR434-006-2026010,BAKL222
NUR434-006-2026010,HGPO224
NUR434-006-2026010,JCDERR1
NUR434-006-2026010,LABO242
NUR434-006-2026030,BAKL222
NUR434-006-2026030,HGPO224
NUR434-006-2026030,JCDERR1
NUR434-006-2026030,KHO232
NUR434-006-2026030,LABO242
NUR434-006-2026030,LATERR2
NUR434-007-2026010,AMBARN4
NUR434-007-2026010,BAKL222
NUR434-007-2026010,JCDERR1
NUR434-007-2026010,LABO242
NUR434-007-2026030,BAKL222
NUR434-007-2026030,JCDERR1
NUR434-007-2026030,KHO232
NUR434-007-2026030,LABO242
NUR434-007-2026030,LATERR2
NUR434-008-2026010,AJMA256
NUR434-008-2026010,AMBARN4
NUR434-008-2026010,BAKL222
NUR434-008-2026010,JCDERR1
NUR434-008-2026010,LABO242
NUR434-008-2026030,AJMA256
NUR434-008-2026030,JCDERR1
NUR434-008-2026030,KHO232
NUR434-008-2026030,LABO242
NUR434-008-2026030,MTLY226
NUR434-008-2026030,PRPRAT0
NUR434-009-2026010,AMBARN4
NUR434-009-2026010,AMCL235
NUR434-009-2026010,BAKL222
NUR434-009-2026010,JCDERR1
NUR434-009-2026010,LABO242
NUR434-009-2026030,AMCL235
NUR434-009-2026030,BAKL222
NUR434-009-2026030,JCDERR1
NUR434-009-2026030,KHO232
NUR434-009-2026030,LABO242
NUR434-009-2026030,LATERR2
NUR434-010-2026010,ASCO229
NUR434-010-2026010,JCDERR1
NUR434-010-2026010,KHO232
NUR434-010-2026010,MTLY226
NUR434-010-2026010,PRPRAT0
NUR434-010-2026030,ASCO229
NUR434-010-2026030,JCDERR1
NUR434-010-2026030,KHO232
NUR434-010-2026030,LABO242
NUR434-010-2026030,MTLY226
NUR434-010-2026030,PRPRAT0
NUR434-011-2026010,JCDERR1
NUR434-011-2026010,JMLA239
NUR434-011-2026010,KHO232
NUR434-011-2026010,MTLY226
NUR434-011-2026010,PRPRAT0
NUR434-011-2026030,JCDERR1
NUR434-011-2026030,KHO232
NUR434-011-2026030,LABO242
NUR434-011-2026030,MTLY226
NUR434-011-2026030,PRPRAT0
NUR434-011-2026030,RDCHAR2
NUR434-012-2026010,JCDERR1
NUR434-012-2026010,KHO232
NUR434-012-2026010,MHY225
NUR434-012-2026010,MTLY226
NUR434-012-2026010,PRPRAT0
NUR434-012-2026030,JCDERR1
NUR434-012-2026030,KHO232
NUR434-012-2026030,LABO242
NUR434-012-2026030,MHY225
NUR434-012-2026030,MTLY226
NUR434-012-2026030,PRPRAT0
NUR434-013-2026010,AMBARN4
NUR434-013-2026010,BAKL222
NUR434-013-2026010,JCDERR1
NUR434-013-2026010,KLMU225
NUR434-013-2026010,LABO242
NUR434-013-2026030,BAKL222
NUR434-013-2026030,JCDERR1
NUR434-013-2026030,KHO232
NUR434-013-2026030,KLMU225
NUR434-013-2026030,LABO242
NUR434-013-2026030,LATERR2
NUR434-014-2026010,AMBARN4
NUR434-014-2026010,BAKL222
NUR434-014-2026010,DMSC234
NUR434-014-2026010,JCDERR1
NUR434-014-2026010,LABO242
NUR434-014-2026030,BAKL222
NUR434-014-2026030,DMSC234
NUR434-014-2026030,JCDERR1
NUR434-014-2026030,KHO232
NUR434-014-2026030,LABO242
NUR434-014-2026030,LATERR2
NUR434-015-2026010,AMBARN4
NUR434-015-2026010,BAKL222
NUR434-015-2026010,JCDERR1
NUR434-015-2026010,LABO242
NUR434-015-2026010,TKPO223
NUR434-015-2026030,BAKL222
NUR434-015-2026030,JCDERR1
NUR434-015-2026030,KHO232
NUR434-015-2026030,LABO242
NUR434-015-2026030,LATERR2
NUR434-015-2026030,SAMASO2
NUR434-016-2026010,AJMA256
NUR434-016-2026010,AMBARN4
NUR434-016-2026010,BAKL222
NUR434-016-2026010,JCDERR1
NUR434-016-2026010,KHO232
NUR434-016-2026030,AJMA256
NUR434-016-2026030,BAKL222
NUR434-016-2026030,JCDERR1
NUR434-016-2026030,KHO232
NUR434-016-2026030,LABO242
NUR434-016-2026030,LATERR2
NUR435-001-2026010,LKELS0
NUR436-001-2026010,KHO232
NUR436-001-2026030,KHO232
NUR437-001-2026010,AKFEAG0
NUR437-001-2026010,CKBOBL0
NUR437-001-2026010,CLHUBB1
NUR437-001-2026010,CLTWEH0
NUR437-001-2026010,JDWELS00
NUR437-001-2026010,LNVANH2
NUR437-001-2026010,MGWALD2
NUR437-001-2026010,MMHARR4
NUR437-001-2026010,PRHALC1
NUR437-001-2026010,SLSTEE2
NUR437-001-2026010,TRO249
NUR437-001-2026010,VLTO223
NUR437-001-2026030,JDWELS00
NUR450-201-2026010,EGSALT0
NUR450-202-2026010,SLSTEE2
NUR450-210-2026050,CBKUNS2
NUR452-210-2026050,KHO232
NUR452-211-2026050,NBUSH2
NUR460-201-2026030,MGWALD2
NUR460-202-2026030,NBUSH2
NUR461-201-2026030,JDWELS00
NUR461-202-2026030,NBUSH2
NUR463-201-2026010,ABGREE2
NUR463-201-2026030,ABGREE2
NUR463-210-2026050,ABGREE2
NUR518-001-2026010,LAWALM0
NUR518-001-2026030,LAWALM0
NUR518-002-2026030,LAWALM0
NUR602-201-2026010,HRCHIT2
NUR602-201-2026010,MMCZ222
NUR607-201-2026010,JAHISL2
NUR610-210-2026050,JDU255
NUR610-210-2026050,SYE245
NUR614-201-2026010,DHAMP0
NUR615-201-2026030,JAHISL2
NUR617-201-2026030,AFA261
NUR619-210-2026050,MMCZ222
NUR640-201-2026010,AJBALL3
NUR641-201-2026010,AJBALL3
NUR642-201-2026030,AJBALL3
NUR642-201-2026030,SLOLDH2
NUR660-201-2026030,DHAMP0
NUR730-201-2026030,LBHI222
NUR730-201-2026030,TAN265
NUR731-201-2026030,LBHI222
NUR731-201-2026030,TAN265
NUR736-201-2026010,KASTEF00
NUR736-201-2026010,TAN265
NUR737-202-2026010,TAN265
NUR757-201-2026030,JSED227
NUR763-001-2026010,CTOKOL1
NUR763-201-2026010,CTOKOL1
NUR764-001-2026010,AOADEG2
NUR764-201-2026010,AOADEG2
NUR765-001-2026030,AGU230
NUR765-001-2026030,ATFALL2
NUR765-201-2026030,AGU230
NUR765-201-2026030,ATFALL2
NUR766-001-2026010,JKA236
NUR766-201-2026010,JKA236
NUR767-001-2026030,MJBIDD0
NUR767-002-2026010,MJBIDD0
NUR767-003-2026010,JSED227
NUR767-004-2026030,JSED227
NUR767-005-2026030,GMUDD2
NUR767-008-2026030,LBWI234
NUR767-009-2026010,GMUDD2
NUR767-010-2026010,CTOKOL1
NUR767-201-2026010,CTOKOL1
NUR767-201-2026030,CTOKOL1
NUR767-202-2026030,JSED227
NUR770-001-2026010,CTOKOL1
NUR770-201-2026010,CTOKOL1
NUR771-001-2026030,AOADEG2
NUR771-002-2026010,MJBIDD0
NUR771-002-2026030,MJBIDD0
NUR771-003-2026030,JSED227
NUR771-008-2026030,AOADEG2
NUR771-009-2026010,GMUDD2
NUR771-010-2026010,CTOKOL1
NUR771-201-2026030,AGU230
NUR771-202-2026030,MJBIDD0
NUR771-230-2026020,JSED227
NUR772-001-2026030,MJBIDD0
NUR772-201-2026030,MJBIDD0
NUR773-001-2026010,MJBIDD0
NUR773-201-2026010,MJBIDD0
NUR778-201-2026010,AGU230
NUR778-201-2026010,JZEWEN2
NUR778-201-2026030,AGU230
NUR778-201-2026030,JZEWEN2
NUR779-001-2026010,MJBIDD0
NUR779-001-2026030,MJBIDD0
NUR779-002-2026030,AOADEG2
NUR779-201-2026010,MJBIDD0
NUR779-201-2026030,MJBIDD0
NUR779-202-2026030,AOADEG2
NUR781-001-2026010,GMUDD2
NUR793-001-2026010,MKRAYENS
NUR793-201-2026010,MKRAYENS
NUR794-001-2026030,JKA236
NUR794-201-2026030,JKA236
NUR902-210-2026050,JAMA339
NUR902-210-2026050,TAN265
NUR903-201-2026010,ACTHAX2
NUR905-201-2026010,AFA261
NUR905-201-2026010,LBHI222
NUR905-201-2026030,AFA261
NUR905-201-2026030,CPI261
NUR906-201-2026030,ACTHAX2
NUR907-201-2026010,JAHISL2
NUR909-201-2026010,EGRES2
NUR909-201-2026010,KASTEF00
NUR909-201-2026010,KMBUTL00
NUR910-202-2026010,KMBUTL00
NUR910-203-2026010,HRCHIT2
NUR910-204-2026010,MMCZ222
NUR910-204-2026030,JZEWEN2
NUR910-205-2026030,HRCHIT2
NUR910-207-2026010,AJBALL3
NUR910-208-2026010,JZEWEN2
NUR910-208-2026030,CDHARV0
NUR910-209-2026010,CDHARV0
NUR910-209-2026030,HNGRAY2
NUR910-210-2026010,HNGRAY2
NUR910-210-2026030,AJBALL3
NUR910-210-2026050,LKSCOT0
NUR910-211-2026010,DHAMP0
NUR910-211-2026030,DHAMP0
NUR910-211-2026050,HRCHIT2
NUR910-212-2026010,AMA235
NUR910-212-2026030,AMA235
NUR910-213-2026010,JAMA339
NUR910-213-2026030,JAMA339
NUR910-214-2026010,SME243
NUR910-214-2026030,SME243
NUR910-215-2026010,JOSSE00
NUR910-215-2026030,JOSSE00
NUR910-215-2026050,JZEWEN2
NUR910-216-2026010,LBHI222
NUR910-216-2026050,CDHARV0
NUR910-217-2026010,LKSCOT0
NUR910-217-2026030,LKSCOT0
NUR910-217-2026050,HNGRAY2
NUR910-218-2026010,KASTEF00
NUR910-218-2026030,KASTEF00
NUR910-219-2026010,EGRES2
NUR910-219-2026030,EGRES2
NUR912-210-2026050,KASTEF00
NUR914-210-2026050,DHAMP0
NUR914-210-2026050,JDU255
NUR915-201-2026030,HNGRAY2
NUR915-201-2026030,JAHISL2
NUR917-210-2026050,AFA261
NUR918-201-2026030,CDHARV0
NUR918-201-2026030,CPI261
NUR918-201-2026030,DHAMP0
NUR918-201-2026030,EGRES2
NUR918-201-2026030,PKHOWA0
NUR919-210-2026050,EGRES2
NUR919-210-2026050,JMDINS2
NUR920-201-2026030,JDU255
NUR921-201-2026010,JMDINS2
NUR921-201-2026030,JMDINS2
NUR922-201-2026030,MJONE5
NUR922-202-2026030,MJONE5
NUR922-203-2026030,MJONE5
NUR922-204-2026030,MJONE5
NUR922-205-2026030,MJONE5
NUR923-201-2026030,BEADAM2
NUR923-201-2026030,JOSSE00
NUR923-201-2026030,SYE245
NUR925-201-2026010,JOSSE00
NUR925-201-2026010,SYE245
NUR927-201-2026010,MJONE5
NUR927-201-2026030,MJONE5
NUR927-202-2026010,MJONE5
NUR927-202-2026030,MJONE5
NUR927-203-2026010,MJONE5
NUR927-203-2026030,MJONE5
NUR927-204-2026010,MJONE5
NUR927-204-2026030,MJONE5
NUR927-205-2026010,MJONE5
NUR927-205-2026030,MJONE5
NUR930-201-2026010,JMDINS2
NUR930-201-2026030,JMDINS2
NUR930-202-2026010,HRCHIT2
NUR930-202-2026030,HRCHIT2
NUR930-203-2026010,EGRES2
NUR930-203-2026030,EGRES2
NUR930-205-2026010,AMA235
NUR930-205-2026030,AMA235
NUR930-206-2026010,DHAMP0
NUR930-206-2026030,DHAMP0
NUR930-207-2026030,DHAMP0
NUR930-210-2026050,JMDINS2
NUR930-211-2026050,HRCHIT2
NUR930-212-2026050,EGRES2
NUR930-213-2026050,SLHALL9
NUR930-214-2026050,JAHISL2
NUR930-215-2026050,DHAMP0
NUR940-201-2026030,CDHARV0
NUR940-201-2026030,SYE245
NUR941-201-2026010,CDHARV0
NUR941-201-2026010,SYE245
NUR942-201-2026030,JMDINS2
NUR942-201-2026030,SYE245
NUR943-201-2026010,CDHARV0
NUR943-201-2026010,SYE245
NUR944-201-2026030,CDHARV0
NUR944-201-2026030,JMDINS2
NUR944-201-2026030,SYE245
NUR950-201-2026010,JAMA339
NUR950-201-2026010,JOSSE00
NUR950-201-2026030,BEADAM2
NUR950-201-2026030,JOSSE00
NUR950-202-2026010,LKSCOT0
NUR950-202-2026010,SLHALL9
NUR950-202-2026030,SLHALL9
NUR950-203-2026030,JOSSE00
NUR952-201-2026010,HRCHIT2
NUR952-201-2026010,WSWILL2
NUR952-201-2026030,HRCHIT2
NUR952-201-2026030,WSWILL2
NUR955-201-2026030,LKSCOT0
NUR955-201-2026030,SLHALL9
NUR956-201-2026010,LKSCOT0
NUR957-201-2026030,LKSCOT0
NUR958-201-2026030,HRCHIT2
NUR958-201-2026030,WSWILL2
NUR959-201-2026010,HRCHIT2
NUR959-201-2026010,WSWILL2
NUR960-201-2026030,JOSSE00
NUR961-201-2026010,EGRES2
NUR962-201-2026030,JZEWEN2
NUR963-210-2026050,JZEWEN2
NUR964-210-2026050,HNGRAY2
NUR965-201-2026030,JAHISL2
NUR966-201-2026010,HNGRAY2
NUR967-201-2026030,AMA235
NUR968-201-2026010,HNGRAY2
NUR969-201-2026030,AMA235
NUR970-201-2026030,KASTEF00
NUR970-201-2026030,TAN265
NUR971-201-2026030,KASTEF00
NUR972-201-2026010,KASTEF00
NUR972-201-2026010,TAN265
NUR973-201-2026010,KASTEF00
NUR973-201-2026010,TAN265
NUR974-201-2026030,JDU255
NUR975-201-2026030,DHAMP0
NUR978-201-2026010,LBHI222
NUR979-201-2026010,LBHI222
NUR981-202-2026010,EGRES2
NUR981-210-2026050,CDHARV0
NUR981-211-2026050,KASTEF00
OBG815-001-2026030,EPAUL1
OBG825-001-2026010,EPAUL1
OBG825-001-2026030,EPAUL1
OBG849-001-2026010,LABALD1
OBG849-002-2026010,LABALD1
OBG849-003-2026010,LABALD1
OBG849-004-2026010,LABALD1
OBG849-005-2026010,LABALD1
OBG849-006-2026010,LABALD1
OBG849-007-2026010,LABALD1
OBG851-008-2026030,LABALD1
OBG851-009-2026030,LABALD1
OBG851-010-2026030,LABALD1
OBG901-001-2026010,PTSMAL2
OBG901-001-2026010,RMTO225
OBG901-002-2026010,PTSMAL2
OBG901-002-2026010,RMTO225
OBG901-003-2026010,PTSMAL2
OBG901-003-2026010,RMTO225
OBG901-004-2026010,PTSMAL2
OBG901-004-2026010,RMTO225
OBG901-005-2026010,PTSMAL2
OBG901-005-2026010,RMTO225
OBG901-006-2026010,PTSMAL2
OBG901-006-2026010,RMTO225
OBG901-007-2026010,PTSMAL2
OBG901-007-2026010,RMTO225
OBG931-001-2026010,SUN222
OBG932-001-2026010,SUN222
OBG963-002-2026010,AOA222
OBG963-003-2026010,AOA222
OBG963-005-2026010,AOA222
OBI650-001-2026010,LAMORF2
OBI651-001-2026030,LAMORF2
OBI720-001-2026010,AKPI235
OBI720-001-2026010,BGARV0
OBI720-001-2026010,BSTEV0
OBI720-001-2026010,EGA246
OBI720-001-2026010,KANA224
OBI720-001-2026010,MAAL324
OBI720-001-2026010,SINAI
OBI801-001-2026010,MBA231
OBI803-001-2026010,SPMI227
OBI805-001-2026030,SPMI227
OBI807-001-2026030,IFE230
OBI807-001-2026030,RHADLEY
OBI807-001-2026030,SPMI227
OBI809-001-2026030,GPI222
OBI811-001-2026030,EMTU223
OBI811-001-2026030,KAHA232
OBI814-001-2026030,GAGRAF2
OBI814-001-2026030,JACKSON
OBI814-001-2026030,JJMCCA2
OBI814-001-2026030,JSATIN1
OBI814-001-2026030,OKPS
OBI814-001-2026030,SESTUS2
OBI828-001-2026010,BPHI223
OBI828-001-2026010,CMILLER
OBI828-001-2026010,ECSNOW01
OBI828-001-2026010,KWO227
OBI828-001-2026010,OGONZ2
OBI828-001-2026010,VAR224
OBI836-001-2026010,CDGIPS2
OBI836-001-2026010,EMBLAL
OBI836-001-2026010,HSWAN
OBI836-001-2026010,MWKILG0
OBI836-001-2026010,NADAP
OBI836-001-2026010,RHADLEY
OBI836-001-2026010,RJCRAV2
OBI836-001-2026030,ALO243
OBI836-001-2026030,CDGIPS2
OBI836-001-2026030,EMBLAL
OBI836-001-2026030,HSWAN
OBI836-001-2026030,MWKILG0
OBI836-001-2026030,NADAP
OBI836-001-2026030,OTHIBAU
OBI836-001-2026030,RDMO230
OBI836-001-2026030,RHADLEY
OBI836-001-2026030,RJCRAV2
OBI836-001-2026030,RPLAT2
OBI836-001-2026030,SDE246
OBI837-001-2026010,RHADLEY
ODM810-001-2026030,GOM223
ODM814-001-2026030,CMILLER
ODM814-001-2026030,DMDE229
ODM814-001-2026030,EMTU223
ODM814-001-2026030,IABO222
ODM814-001-2026030,MVRO222
ODM814-001-2026030,SPMI227
ODM814-001-2026030,TMU234
ODM820-001-2026010,GOM223
ODM821-001-2026010,CMILLER
ODM821-001-2026010,DMDE229
ODM821-001-2026010,ESE253
ODM821-001-2026010,GOM223
ODM821-001-2026010,KBNUSB2
ODM821-001-2026010,KHMC224
ODM821-001-2026010,LAD239
ODM821-001-2026010,MPE307
ODM821-001-2026010,MVRO222
ODM821-001-2026010,RLBL225
ODM821-001-2026010,SPMI227
ODM821-001-2026010,TMU234
ODM821-001-2026030,CMILLER
ODM821-001-2026030,DMDE229
ODM821-001-2026030,ESE253
ODM821-001-2026030,GOM223
ODM821-001-2026030,KBNUSB2
ODM821-001-2026030,KHMC224
ODM821-001-2026030,LAD239
ODM821-001-2026030,MPE307
ODM821-001-2026030,MVRO222
ODM821-001-2026030,RLBL225
ODM821-001-2026030,SPMI227
ODM821-001-2026030,TMU234
ODM825-001-2026030,TMU234
ODM830-001-2026010,CMILLER
ODM830-001-2026010,DMDE229
ODM830-001-2026010,KBNUSB2
ODM830-001-2026010,MVRO222
ODM830-001-2026010,TMU234
ODM830-001-2026030,CMILLER
ODM830-001-2026030,DMDE229
ODM830-001-2026030,KBNUSB2
ODM830-001-2026030,MVRO222
ODM830-001-2026030,TMU234
ODM831-001-2026010,CMILLER
ODM831-001-2026010,DMDE229
ODM831-001-2026010,ESE253
ODM831-001-2026010,GOM223
ODM831-001-2026010,KBNUSB2
ODM831-001-2026010,KHMC224
ODM831-001-2026010,LAD239
ODM831-001-2026010,MPE307
ODM831-001-2026010,MVRO222
ODM831-001-2026010,RLBL225
ODM831-001-2026010,SPMI227
ODM831-001-2026010,TMU234
ODM831-001-2026030,CMILLER
ODM831-001-2026030,DMDE229
ODM831-001-2026030,ESE253
ODM831-001-2026030,GOM223
ODM831-001-2026030,KBNUSB2
ODM831-001-2026030,KHMC224
ODM831-001-2026030,LAD239
ODM831-001-2026030,MPE307
ODM831-001-2026030,MVRO222
ODM831-001-2026030,RLBL225
ODM831-001-2026030,SPMI227
ODM831-001-2026030,TMU234
ODM841-001-2026010,CMILLER
ODM841-001-2026010,DMDE229
ODM841-001-2026010,ESE253
ODM841-001-2026010,GOM223
ODM841-001-2026010,KBNUSB2
ODM841-001-2026010,KHMC224
ODM841-001-2026010,LAD239
ODM841-001-2026010,MPE307
ODM841-001-2026010,MVRO222
ODM841-001-2026010,RLBL225
ODM841-001-2026010,SPMI227
ODM841-001-2026010,TMU234
ODM841-001-2026030,CMILLER
ODM841-001-2026030,DMDE229
ODM841-001-2026030,ESE253
ODM841-001-2026030,GOM223
ODM841-001-2026030,KBNUSB2
ODM841-001-2026030,KHMC224
ODM841-001-2026030,LAD239
ODM841-001-2026030,MPE307
ODM841-001-2026030,MVRO222
ODM841-001-2026030,RLBL225
ODM841-001-2026030,SPMI227
ODM841-001-2026030,TMU234
OFP630-001-2026010,FYA232
OFP631-001-2026010,IMO226
OFP632-001-2026010,FYA232
OFP633-001-2026010,IMO226
OFP634-001-2026010,FYA232
OFP634-001-2026010,IMO226
OFP634-001-2026030,OKESON
OFP636-001-2026010,FYA232
OFP636-001-2026010,IMO226
OFP636-001-2026030,OKESON
OFP699-001-2026010,IMO226
OFP700-001-2026010,FYA232
OFP700-001-2026010,IMO226
OFP700-001-2026030,OKESON
OFP702-001-2026030,IMO226
OFP730-001-2026030,IMO226
OFP731-001-2026030,FYA232
OFP731-001-2026030,IMO226
OFP732-001-2026030,IMO226
OFP733-001-2026030,FYA232
OFP733-001-2026030,IMO226
OFP734-001-2026010,FYA232
OFP734-001-2026010,IMO226
OFP734-001-2026030,IMO226
OFP736-001-2026010,FYA232
OFP736-001-2026010,IMO226
OFP736-001-2026030,IMO226
OFP748-010-2026050,IMO226
OFP748-011-2026050,IMO226
OFP768-001-2026010,IMO226
OFP768-001-2026030,IMO226
OFP768-010-2026050,IMO226
OFP768-011-2026050,IMO226
OFP790-001-2026010,IABO222
OFP790-001-2026030,IMO226
OFP880-001-2026010,MVRO222
OFP880-001-2026030,MVRO222
OHP850-020-2026050,CBEEMAN
OHS850-001-2026030,JKHA222
ONE201-201-2026030,RPALLI
ONE201-201-2026030,TMWILK2
ONE616-001-2026010,YAHE223
ONE616-201-2026010,YAHE223
OPH825-001-2026030,JLSTEV
OPH851-007-2026030,RJALBU2
OPH851-008-2026030,ABA253
OPH851-009-2026030,ABA253
OPH852-007-2026030,JLSTEV
OPH852-008-2026030,ABA253
OPH852-009-2026030,ABA253
OPH890-001-2026010,JLSTEV
OPH890-002-2026010,JLSTEV
OPH890-003-2026010,JLSTEV
OPH890-004-2026010,JLSTEV
OPH890-005-2026010,JLSTEV
OPH890-006-2026010,JLSTEV
OPH931-002-2026010,MFTO224
OPH931-003-2026010,MFTO224
OPH931-005-2026010,MFTO224
OPH931-008-2026030,MFTO224
OPH931-009-2026030,MFTO224
OPH931-010-2026030,MFTO224
OPT650-001-2026010,JLWILLN
OPT650-001-2026030,JLWILLN
OPT820-001-2026010,JLWILLN
OPT820-001-2026030,JLWILLN
OPT822-001-2026030,JLWILLN
OPT830-001-2026010,JLWILLN
OPT832-001-2026030,JLWILLN
OPT840-001-2026010,ACL230
OPT850-001-2026010,JLWILLN
OPT850-001-2026030,JLWILLN
OR525-001-2026030,ASM297
OR525-001-2026030,JWA280
ORT610-001-2026010,CBEEMAN
ORT610-001-2026010,GOM223
ORT610-001-2026010,JKHA222
ORT610-001-2026010,MBA375
ORT610-001-2026010,RDRU224
ORT610-001-2026030,CBEEMAN
ORT610-001-2026030,MBA375
ORT620-001-2026030,CBEEMAN
ORT660-001-2026010,CBEEMAN
ORT660-001-2026010,GTKLUE1
ORT660-001-2026010,JKHA222
ORT660-001-2026010,LSH232
ORT660-001-2026010,MBA375
ORT660-001-2026010,OKESON
ORT660-001-2026010,VANSICK
ORT660-001-2026010,WBCO222
ORT660-010-2026050,LSH232
ORT661-001-2026010,CBEEMAN
ORT661-001-2026010,GTKLUE1
ORT661-001-2026010,JKHA222
ORT661-001-2026010,JNTH227
ORT661-001-2026010,JPWAHL2
ORT661-001-2026010,LSH232
ORT661-001-2026010,MBA375
ORT661-001-2026010,RDRU224
ORT661-001-2026030,GTKLUE1
ORT662-001-2026010,CBEEMAN
ORT662-001-2026010,GTKLUE1
ORT662-001-2026010,JKHA222
ORT662-001-2026010,JNTH227
ORT662-001-2026010,JPWAHL2
ORT662-001-2026010,LSH232
ORT662-001-2026010,MBA375
ORT662-001-2026010,RDRU224
ORT662-001-2026030,CBEEMAN
ORT662-001-2026030,LSH232
ORT664-001-2026010,CBEEMAN
ORT664-001-2026010,EPHICK0
ORT664-001-2026030,CBEEMAN
ORT710-001-2026030,MBA375
ORT748-001-2026010,MBA375
ORT748-001-2026030,CBEEMAN
ORT748-010-2026050,CBEEMAN
ORT748-011-2026050,CBEEMAN
ORT748-012-2026050,CBEEMAN
ORT768-001-2026030,GTKLUE1
ORT770-001-2026010,CBEEMAN
ORT770-001-2026010,GTKLUE1
ORT770-001-2026010,JKHA222
ORT770-001-2026010,MBA375
ORT770-001-2026030,GTKLUE1
ORT770-002-2026030,GTKLUE1
ORT770-003-2026030,GTKLUE1
ORT790-001-2026010,CBEEMAN
ORT790-001-2026030,CBEEMAN
ORT790-002-2026010,CBEEMAN
ORT790-010-2026050,LAMORF2
ORT790-011-2026050,LAMORF2
ORT822-001-2026030,CBEEMAN
ORT822-001-2026030,EEBY223
ORT822-001-2026030,GTKLUE1
ORT822-001-2026030,JKHA222
ORT822-001-2026030,KJHU238
ORT822-001-2026030,KMO306
ORT822-001-2026030,LSH232
ORT822-001-2026030,MAMO231
ORT822-001-2026030,MBA375
ORT822-001-2026030,MEJO246
ORT822-001-2026030,SCO346
ORT841-001-2026010,ASH311
ORT841-001-2026010,BRDU225
ORT841-001-2026010,CBEEMAN
ORT841-001-2026010,EEPA224
ORT841-001-2026010,GTKLUE1
ORT841-001-2026010,LSH232
ORT841-001-2026010,MBA375
ORT841-001-2026010,NERA224
ORT841-001-2026010,SWHA230
ORT841-001-2026010,ZTSM223
ORT841-001-2026030,CBEEMAN
ORT841-001-2026030,MBA375
ORT850-001-2026030,GTKLUE1
OSG651-001-2026010,VANSICK
OSG820-001-2026030,VANSICK
OSG830-001-2026030,EDO226
OSG830-001-2026030,GER222
OSG831-001-2026010,EDO226
OSG831-001-2026010,GCOBE2
OSG831-001-2026010,GER222
OSG831-001-2026010,MSYE222
OSG831-001-2026010,SRTU226
OSG831-001-2026010,TBMCMA2
OSG831-001-2026010,VANSICK
OSG831-001-2026030,EDO226
OSG831-001-2026030,GCOBE2
OSG831-001-2026030,GER222
OSG831-001-2026030,MSYE222
OSG831-001-2026030,SRTU226
OSG831-001-2026030,VANSICK
OSG841-001-2026010,EDO226
OSG841-001-2026010,GCOBE2
OSG841-001-2026010,GER222
OSG841-001-2026010,MSYE222
OSG841-001-2026010,SRTU226
OSG841-001-2026010,VANSICK
OSG841-001-2026030,EDO226
OSG841-001-2026030,GCOBE2
OSG841-001-2026030,GER222
OSG841-001-2026030,MSYE222
OSG841-001-2026030,SRTU226
OSG841-001-2026030,VANSICK
OSG850-001-2026030,VANSICK
OTH856-001-2026010,MLIREL2
OTH856-002-2026010,MLIREL2
OTH856-003-2026010,MLIREL2
OTH856-004-2026010,MLIREL2
OTH856-005-2026010,MLIREL2
OTH856-006-2026010,MLIREL2
OTH931-001-2026010,RRDE225
OTO853-001-2026010,BNMC234
OTO853-002-2026010,BNMC234
OTO853-003-2026010,BNMC234
OTO853-004-2026010,BNMC234
OTO853-005-2026010,BNMC234
OTO853-006-2026010,BNMC234
OTO870-004-2026010,JSHIN3
OTO931-001-2026010,LBMORR2
PA602-201-2026030,CLAN239
PA602-401-2026030,CLAN239
PA621-001-2026010,CLAN239
PA621-201-2026010,CLAN239
PA622-201-2026030,HMHA231
PA622-401-2026030,HMHA231
PA623-201-2026010,MTCH224
PA623-201-2026010,THA330
PA623-202-2026010,MTCH224
PA623-202-2026010,THA330
PA624-001-2026010,JSBUTL3
PA625-201-2026030,ISH235
PA626-210-2026050,JLBUSH2
PA627-201-2026030,JLBUSH2
PA631-201-2026010,ISH235
PA631-401-2026010,ISH235
PA632-201-2026010,CWKI230
PA633-201-2026010,RTRAU2
PA642-201-2026010,JLE240
PA642-401-2026010,JLE240
PA651-201-2026010,DMC307
PA651-401-2026010,DMC307
PA652-201-2026030,RWZIMM00
PA652-401-2026030,RWZIMM00
PA661-201-2026010,BJPI226
PA662-201-2026030,JLE240
PA663-201-2026030,RTRAU2
PA680-001-2026030,WHOYT
PA681-201-2026010,RTRAU2
PA681-201-2026030,RTRAU2
PA681-202-2026030,MTCH224
PA681-202-2026030,THA330
PA681-210-2026050,RTRAU2
PA685-201-2026030,RTRAU2
PA690-401-2026030,JABENI2
PA691-201-2026010,MPL225
PA692-001-2026010,JSBUTL3
PA694-210-2026050,EMONDAY
PA695-201-2026010,JMFOST2
PA696-210-2026050,MMSPRA0
PA697-201-2026030,MPL225
PA711-001-2026010,MCBIRD0
PA711-001-2026030,MCBIRD0
PA711-002-2026010,JLE240
PA711-002-2026030,DKIM7
PA711-003-2026010,DKIM7
PA711-003-2026030,KBLUM1
PA711-004-2026010,CWKI230
PA711-005-2026010,RWZIMM00
PA711-006-2026010,WHOYT
PA711-007-2026010,HMHA231
PA711-201-2026010,MCBIRD0
PA711-201-2026030,MPL225
PA711-202-2026030,JLE240
PA740-401-2026030,THA330
PA751-001-2026010,ARU254
PA752-001-2026010,WHOYT
PA757-001-2026010,CWKI230
PA757-002-2026010,WHOYT
PA757-003-2026010,JSBUTL3
PA757-004-2026010,RWZIMM00
PA767-001-2026030,CWKI230
PA767-002-2026010,RDA247
PA767-002-2026030,RDA247
PA767-003-2026010,JSBUTL3
PA767-003-2026030,WHOYT
PA767-004-2026010,WHOYT
PA767-005-2026010,JLE240
PA767-005-2026030,RWZIMM00
PA767-006-2026010,CWKI230
PA767-006-2026030,JSBUTL3
PA767-007-2026010,RWZIMM00
PA767-007-2026030,JLE240
PA792-001-2026030,RDA247
PA795-001-2026010,JSBUTL3
PA795-201-2026030,WHOYT
PA795-401-2026030,CGU231
PA796-001-2026010,JLE240
PA796-001-2026030,CWKI230
PA796-002-2026010,JSBUTL3
PA796-002-2026030,ARU254
PA796-003-2026010,RWZIMM00
PA796-003-2026030,RWZIMM00
PA796-004-2026010,ISH235
PA796-004-2026030,JSBUTL3
PA796-005-2026010,CWKI230
PA796-006-2026010,WHOYT
PA796-007-2026010,HMHA231
PA796-007-2026030,RDA247
PA796-008-2026010,RDA247
PA796-008-2026030,WHOYT
PA796-009-2026030,JLE240
PA796-010-2026010,ARU254
PA796-011-2026010,JLE240
PA796-201-2026030,RTRAU2
PA796-202-2026030,JLE240
PAS120-001-2026010,CEFRIT2
PAS610-210-2026050,ANSP226
PAS610-210-2026050,LNHAMI2
PAS610-210-2026050,VVA225
PAS610-211-2026050,ANSP226
PAS610-211-2026050,LNHAMI2
PAS610-211-2026050,VVA225
PAS620-201-2026030,KMSCHU01
PAS620-202-2026030,KMSCHU01
PAS640-210-2026050,MRAR224
PAS640-210-2026050,SRIRVI2
PAS640-211-2026050,MRAR224
PAS640-211-2026050,SRIRVI2
PAS645-201-2026010,ANSP226
PAS645-201-2026010,LNHAMI2
PAS645-202-2026010,ANSP226
PAS645-202-2026010,LNHAMI2
PAS646-201-2026030,LNHAMI2
PAS646-202-2026030,LNHAMI2
PAS650-001-2026010,MRAR224
PAS650-002-2026010,MRAR224
PAS650-003-2026010,MRAR224
PAS651-201-2026030,VVA225
PAS651-202-2026030,VVA225
PAS653-210-2026050,RWHU225
PAS653-211-2026050,RWHU225
PAS654-201-2026010,CEFRIT2
PAS654-201-2026010,PAWI222
PAS654-202-2026010,CEFRIT2
PAS654-202-2026010,PAWI222
PAS655-201-2026010,CEFRIT2
PAS655-202-2026010,CEFRIT2
PAS656-201-2026030,HMAN224
PAS656-201-2026030,PAWI222
PAS656-202-2026030,HMAN224
PAS656-202-2026030,PAWI222
PAS656-203-2026030,HMAN224
PAS656-203-2026030,MRAR224
PAS657-201-2026030,ANSP226
PAS657-201-2026030,MRAR224
PAS657-202-2026030,ANSP226
PAS657-202-2026030,MRAR224
PAS658-201-2026030,CEFRIT2
PAS658-201-2026030,PAWI222
PAS658-202-2026030,CEFRIT2
PAS658-202-2026030,PAWI222
PAS672-201-2026010,FROMA2
PAS672-202-2026010,FROMA2
PAS673-201-2026030,FROMA2
PAS673-202-2026030,FROMA2
PAS678-210-2026050,ANSP226
PAS678-211-2026050,ANSP226
PAS680-001-2026010,HMAN224
PAS680-210-2026050,HMAN224
PAT598-001-2026010,BPHI223
PAT849-004-2026010,RMC234
PAT850-001-2026010,JARU244
PAT850-001-2026010,WOCONNO
PAT850-002-2026010,JARU244
PAT850-002-2026010,WOCONNO
PAT850-003-2026010,JARU244
PAT850-003-2026010,WOCONNO
PAT850-004-2026010,JARU244
PAT850-004-2026010,WOCONNO
PAT850-005-2026010,JARU244
PAT850-005-2026010,WOCONNO
PAT850-006-2026010,JARU244
PAT850-006-2026010,WOCONNO
PAT850-007-2026010,JARU244
PAT850-007-2026010,WOCONNO
PAT856-001-2026010,MBU224
PAT856-002-2026010,MBU224
PAT856-003-2026010,MBU224
PAT856-004-2026010,MBU224
PAT856-005-2026010,MBU224
PAT856-006-2026010,MBU224
PAT856-007-2026010,MBU224
PAT901-001-2026010,JELLIS
PAT901-002-2026010,JELLIS
PAT901-003-2026010,JELLIS
PAT901-004-2026010,JELLIS
PAT901-005-2026010,JELLIS
PAT901-006-2026010,JELLIS
PAT901-007-2026010,JELLIS
PCE201-001-2026010,JEHA262
PCE410-001-2026030,JEHA262
PDO610-001-2026010,DANASH
PDO620-001-2026010,DANASH
PDO630-001-2026010,DANASH
PDO640-001-2026010,DANASH
PDO640-002-2026010,DANASH
PDO790-001-2026010,DANASH
PDO822-001-2026030,DSC262
PDO831-001-2026010,CVPE222
PDO831-001-2026010,DSC262
PDO831-001-2026010,JBA404
PDO831-001-2026010,JKE249
PDO831-001-2026010,MMAPPL2
PDO831-001-2026010,MMMU224
PDO831-001-2026010,RLSI223
PDO831-001-2026010,WKHUMP0
PDO831-001-2026030,CVPE222
PDO831-001-2026030,DSC262
PDO831-001-2026030,JBA404
PDO831-001-2026030,JKE249
PDO831-001-2026030,MMAPPL2
PDO831-001-2026030,MMMU224
PDO831-001-2026030,RLSI223
PDO831-001-2026030,WKHUMP0
PDO834-001-2026010,CVPE222
PDO834-001-2026030,RLSI223
PDO841-001-2026010,CVPE222
PDO841-001-2026010,DSC262
PDO841-001-2026010,JBA404
PDO841-001-2026010,JKE249
PDO841-001-2026010,MMAPPL2
PDO841-001-2026010,MMMU224
PDO841-001-2026010,RLSI223
PDO841-001-2026010,WKHUMP0
PDO841-001-2026030,CVPE222
PDO841-001-2026030,DSC262
PDO841-001-2026030,JBA404
PDO841-001-2026030,JKE249
PDO841-001-2026030,MMAPPL2
PDO841-001-2026030,MMMU224
PDO841-001-2026030,RLSI223
PDO841-001-2026030,WKHUMP0
PDO850-001-2026010,CVPE222
PDO850-001-2026030,CVPE222
PED815-001-2026030,MLMA263
PED870-001-2026010,JMHA339
PED870-002-2026010,JMHA339
PED870-003-2026010,JMHA339
PED870-004-2026010,JMHA339
PED870-005-2026010,JMHA339
PED870-006-2026010,JMHA339
PED870-007-2026010,JMHA339
PED888-001-2026010,TCBADG00
PED888-002-2026010,TCBADG00
PED888-003-2026010,TCBADG00
PED888-004-2026010,TCBADG00
PED888-005-2026010,TCBADG00
PED888-006-2026010,TCBADG00
PED888-007-2026010,TCBADG00
PED890-001-2026010,MKKUDU2
PED890-002-2026010,MKKUDU2
PED890-003-2026010,MKKUDU2
PED890-004-2026010,MKKUDU2
PED890-005-2026010,MKKUDU2
PED890-006-2026010,MKKUDU2
PED899-001-2026010,KNORT2
PED899-001-2026010,TRSA222
PED899-002-2026010,KNORT2
PED899-002-2026010,TRSA222
PED899-003-2026010,KNORT2
PED899-003-2026010,TRSA222
PED899-004-2026010,KNORT2
PED899-004-2026010,TRSA222
PED899-005-2026010,KNORT2
PED899-005-2026010,TRSA222
PED899-006-2026010,KNORT2
PED899-006-2026010,TRSA222
PED899-007-2026010,KNORT2
PED899-007-2026010,TRSA222
PER661-001-2026010,DRDAWS0
PER661-001-2026030,DRDAWS0
PER748-001-2026010,DRDAWS0
PER748-001-2026010,MALSA2
PER748-001-2026030,DRDAWS0
PER768-001-2026010,MALSA2
PER770-001-2026010,MALSA2
PER770-001-2026030,MALSA2
PER772-001-2026010,DRDAWS0
PER772-001-2026030,DRDAWS0
PER774-001-2026010,MALSA2
PER774-001-2026030,MALSA2
PER776-001-2026010,DRDAWS0
PER776-001-2026030,DRDAWS0
PER790-001-2026010,DRDAWS0
PER790-001-2026010,MALSA2
PER790-001-2026030,DRDAWS0
PER810-001-2026030,ACMI245
PER810-001-2026030,AHWIEM2
PER810-001-2026030,ASWR223
PER810-001-2026030,DRDAWS0
PER810-001-2026030,LSH263
PER810-001-2026030,MBA231
PER810-001-2026030,MPE307
PER810-001-2026030,OGONZ2
PER810-001-2026030,PMI236
PER820-001-2026010,AMABNE2
PER820-001-2026010,JTO240
PER820-001-2026010,LSH263
PER820-001-2026010,MBA231
PER820-001-2026010,MPE307
PER820-001-2026010,PMI236
PER821-001-2026010,BMCAME2
PER821-001-2026010,EDNEUM2
PER821-001-2026010,JTO240
PER821-001-2026010,LSH263
PER821-001-2026010,MBA231
PER821-001-2026010,MPE307
PER821-001-2026010,OGONZ2
PER821-001-2026010,PMI236
PER821-001-2026030,BMCAME2
PER821-001-2026030,EDNEUM2
PER821-001-2026030,JTO240
PER821-001-2026030,LSH263
PER821-001-2026030,MBA231
PER821-001-2026030,MPE307
PER821-001-2026030,OGONZ2
PER821-001-2026030,PMI236
PER830-001-2026030,DRDAWS0
PER830-001-2026030,PMI236
PER831-001-2026010,AMHA321
PER831-001-2026010,BMCAME2
PER831-001-2026010,EDNEUM2
PER831-001-2026010,JCBR230
PER831-001-2026010,JCU273
PER831-001-2026010,JTO240
PER831-001-2026010,LSH263
PER831-001-2026010,MBA231
PER831-001-2026010,MPE307
PER831-001-2026010,MYA259
PER831-001-2026010,OGONZ2
PER831-001-2026010,PMI236
PER831-001-2026010,SDMA255
PER831-001-2026030,BMCAME2
PER831-001-2026030,EDNEUM2
PER831-001-2026030,JTO240
PER831-001-2026030,LSH263
PER831-001-2026030,MBA231
PER831-001-2026030,MPE307
PER831-001-2026030,OGONZ2
PER831-001-2026030,PMI236
PER841-001-2026010,BMCAME2
PER841-001-2026010,EDNEUM2
PER841-001-2026010,JTO240
PER841-001-2026010,LSH263
PER841-001-2026010,MBA231
PER841-001-2026010,MPE307
PER841-001-2026010,OGONZ2
PER841-001-2026010,PMI236
PER841-001-2026030,BMCAME2
PER841-001-2026030,EDNEUM2
PER841-001-2026030,JTO240
PER841-001-2026030,LSH263
PER841-001-2026030,MBA231
PER841-001-2026030,MPE307
PER841-001-2026030,OGONZ2
PER841-001-2026030,PMI236
PER880-001-2026010,PMI236
PGY206-001-2026010,BPDELI00
PGY206-001-2026010,JACKSON
PGY206-001-2026010,JJMCCA2
PGY206-001-2026030,BPDELI00
PGY206-001-2026030,JACKSON
PGY206-001-2026030,JJMCCA2
PGY206-201-2026030,BPDELI00
PGY206-201-2026030,JACKSON
PGY206-201-2026030,JJMCCA2
PGY206-210-2026050,BPDELI00
PGY206-210-2026050,JACKSON
PGY206-210-2026050,JJMCCA2
PGY207-001-2026010,BPDELI00
PGY207-001-2026030,BPDELI00
PGY207-001-2026030,JACKSON
PGY207-001-2026030,JJMCCA2
PGY207-002-2026010,BPDELI00
PGY207-002-2026030,BPDELI00
PGY207-002-2026030,JACKSON
PGY207-002-2026030,JJMCCA2
PGY208-201-2026010,KBU251
PGY208-201-2026010,TEWI230
PGY208-201-2026030,MCA450
PGY208-201-2026030,TEWI230
PGY208-202-2026010,KBU251
PGY208-202-2026010,TEWI230
PGY208-202-2026030,MJA283
PGY208-202-2026030,TEWI230
PGY208-203-2026010,MCA450
PGY208-203-2026010,TEWI230
PGY208-203-2026030,MJA283
PGY208-203-2026030,TEWI230
PGY208-204-2026010,MCA450
PGY208-204-2026010,TEWI230
PGY208-204-2026030,MJA283
PGY208-204-2026030,TEWI230
PGY208-205-2026010,GLVO222
PGY208-205-2026010,TEWI230
PGY208-205-2026030,SARA244
PGY208-205-2026030,TEWI230
PGY208-206-2026010,GLVO222
PGY208-206-2026010,TEWI230
PGY208-206-2026030,SARA244
PGY208-206-2026030,TEWI230
PGY208-207-2026030,SARA244
PGY208-207-2026030,TEWI230
PGY208-208-2026030,KBU251
PGY208-208-2026030,TEWI230
PGY208-209-2026030,KBU251
PGY208-209-2026030,TEWI230
PGY208-210-2026030,KBU251
PGY208-210-2026030,TEWI230
PGY412G-001-2026010,FHANDR0
PGY412G-001-2026010,JACKSON
PGY412G-001-2026010,RETE222
PGY412G-001-2026030,FHANDR0
PGY412G-001-2026030,JACKSON
PGY412G-001-2026030,RETE222
PGY412G-002-2026010,AVE222
PGY412G-002-2026010,GAGRAF2
PGY412G-002-2026010,JACKSON
PGY412G-002-2026010,JJMCCA2
PGY412G-002-2026030,AVE222
PGY412G-002-2026030,GAGRAF2
PGY412G-002-2026030,JACKSON
PGY412G-002-2026030,JJMCCA2
PGY412G-201-2026010,FHANDR0
PGY412G-201-2026010,JACKSON
PGY412G-201-2026030,FHANDR0
PGY412G-201-2026030,JACKSON
PGY412G-202-2026030,FHANDR0
PGY412G-202-2026030,JACKSON
PGY412G-202-2026030,RETE222
PGY412G-203-2026030,FHANDR0
PGY412G-203-2026030,JACKSON
PGY412G-203-2026030,RETE222
PGY412G-210-2026050,FHANDR0
PGY412G-210-2026050,JACKSON
PGY431-001-2026010,SESTUS2
PGY431-001-2026010,TEWI230
PGY502-001-2026010,JACKSON
PGY502-001-2026010,JSATIN1
PGY502-001-2026010,MCCLINT
PGY502-001-2026010,MNIKOLO
PGY502-001-2026010,SESTUS2
PGY502-001-2026010,TEWI230
PGY512-201-2026010,FHANDR0
PGY512-201-2026030,FHANDR0
PGY512-210-2026050,FHANDR0
PGY535-001-2026010,JPE277
PGY535-001-2026010,JSA269
PGY535-001-2026010,VCASS2
PGY602-001-2026010,JACKSON
PGY602-001-2026010,JSATIN1
PGY602-001-2026010,MCCLINT
PGY602-001-2026010,MNIKOLO
PGY602-001-2026010,SESTUS2
PGY602-001-2026010,TEWI230
PGY605-001-2026010,ABA237
PGY605-001-2026010,AGRAB
PGY605-001-2026010,ANST265
PGY605-001-2026010,AST335
PGY605-001-2026010,DKPOWE2
PGY605-001-2026010,HFA231
PGY605-001-2026010,KRPE234
PGY605-001-2026010,KSAAT2
PGY605-001-2026010,MACH248
PGY605-001-2026010,SRFR223
PGY605-001-2026010,WJAL223
PGY615-001-2026030,TEWI230
PGY616-001-2026030,TEWI230
PGY627-001-2026030,CKAKIN1
PGY630-003-2026010,JCGE224
PGY630-003-2026010,KLTHOMD
PGY630-004-2026030,CFR223
PGY630-004-2026030,EEDUPO2
PGY630-004-2026030,JJMCCA2
PGY630-004-2026030,KSAAT2
PGY630-004-2026030,WJAL223
PGY630-005-2026030,GFROL2
PGY630-006-2026030,GFROL2
PGY650-001-2026010,RLCOOP1
PGY766-001-2026030,MTFILL2
PGY774-001-2026010,GFROL2
PHA200-001-2026010,LEKAVA2
PHA200-001-2026010,MWKILG0
PHA200-001-2026030,LEKAVA2
PHA200-001-2026030,MWKILG0
PHA395-001-2026010,MWKILG0
PHA395-001-2026010,SDE246
PHA395-001-2026030,SJFI230
PHA395-002-2026010,SJFI230
PHA395-002-2026030,XYA222
PHA395-003-2026010,XYA222
PHA395-003-2026030,LEKAVA2
PHA395-004-2026010,TDHI230
PHA395-005-2026010,CDGIPS2
PHA395-006-2026010,YAAL223
PHA395-007-2026010,LEKAVA2
PHA395-008-2026010,ALO243
PHA421G-001-2026030,RJCRAV2
PHA421G-001-2026030,SDE246
PHA422G-001-2026010,HSWAN
PHA422G-001-2026010,KJPE222
PHA423G-001-2026030,GCH222
PHA423G-001-2026030,HSWAN
PHA425G-001-2026030,AMHA283
PHA425G-001-2026030,CNORR2
PHA425G-001-2026030,EMBLAL
PHA425G-001-2026030,MEST227
PHA425G-001-2026030,NADAP
PHA425G-001-2026030,OTHIBAU
PHA425G-001-2026030,RHADLEY
PHA550-202-2026010,SBALFO2
PHA621-001-2026010,BNI226
PHA621-001-2026010,EMBLAL
PHA621-001-2026010,HSWAN
PHA621-001-2026010,MWKILG0
PHA621-001-2026010,OTHIBAU
PHA621-001-2026010,RJCRAV2
PHA621-001-2026010,RPLAT2
PHA622-001-2026030,ALO243
PHA622-001-2026030,LEKAVA2
PHA622-001-2026030,OTHIBAU
PHA622-001-2026030,RJCRAV2
PHA622-001-2026030,SDE246
PHA622-001-2026030,YAAL223
PHA622-002-2026030,AMHA283
PHA622-002-2026030,CNORR2
PHA622-002-2026030,EMBLAL
PHA622-002-2026030,FDE226
PHA622-002-2026030,GCH222
PHA622-002-2026030,NADAP
PHA622-002-2026030,OTHIBAU
PHA622-002-2026030,PSOMP3
PHA622-002-2026030,RJCRAV2
PHA622-002-2026030,YAAL223
PHA622-003-2026030,AMHA283
PHA622-003-2026030,LEKAVA2
PHA622-003-2026030,MWKILG0
PHA622-003-2026030,OTHIBAU
PHA622-003-2026030,RJCRAV2
PHA622-003-2026030,RPLAT2
PHA622-003-2026030,RXU222
PHA622-003-2026030,YWU225
PHA622-004-2026030,CNORR2
PHA622-004-2026030,HSWAN
PHA622-004-2026030,MWKILG0
PHA622-004-2026030,NADAP
PHA622-004-2026030,OTHIBAU
PHA622-004-2026030,RJCRAV2
PHA622-004-2026030,RPLAT2
PHA622-004-2026030,YWU225
PHA630-001-2026010,OTHIBAU
PHA630-001-2026030,RJCRAV2
PHA630-002-2026010,MWKILG0
PHA630-002-2026030,MWKILG0
PHA630-003-2026010,YWU225
PHA630-003-2026030,HSWAN
PHA630-004-2026010,SQI223
PHA630-005-2026010,ZGUO2
PHA630-010-2026050,PHA249
PHA663-001-2026010,CTI240
PHA663-001-2026010,EAL282
PHA663-001-2026010,GXI223
PHA663-001-2026010,TIZ222
PHA749-001-2026010,RHADLEY
PHA750-001-2026010,OTHIBAU
PHA750-001-2026030,OTHIBAU
PHA750-010-2026050,RJCRAV2
PHA750-011-2026050,RJCRAV2
PHA750-012-2026050,RJCRAV2
PHA757-001-2026010,OTHIBAU
PHA767-001-2026010,EMBLAL
PHA767-001-2026030,AMHA283
PHA767-002-2026010,OTHIBAU
PHA767-002-2026030,EMBLAL
PHA767-003-2026010,ALO243
PHA767-003-2026030,ALO243
PHA767-004-2026010,CDGIPS2
PHA767-004-2026030,OTHIBAU
PHA767-005-2026010,AMHA283
PHA767-005-2026030,CNORR2
PHA767-006-2026010,TDHI230
PHA767-006-2026030,SJFI230
PHA767-007-2026010,SJFI230
PHA767-007-2026030,PHA249
PHA767-008-2026010,CNORR2
PHA767-008-2026030,TDHI230
PHA767-009-2026010,JBL235
PHA767-010-2026010,MJO2
PHA767-010-2026030,CDGIPS2
PHA767-011-2026010,PHA249
PHA767-012-2026010,FDE226
PHA767-012-2026030,RPLAT2
PHA767-013-2026010,MEST227
PHA767-013-2026030,FDE226
PHA767-014-2026030,MEST227
PHA768-001-2026010,XYA222
PHA770-001-2026010,ALO243
PHA770-001-2026030,ALO243
PHI100-001-2026010,XYA247
PHI100-001-2026030,JRSA256
PHI100-001-2026030,MKW225
PHI100-002-2026010,SAL451
PHI100-002-2026030,JRSA256
PHI100-002-2026030,MKW225
PHI100-003-2026010,NHA316
PHI100-003-2026030,HNG240
PHI100-003-2026030,JRSA256
PHI100-004-2026010,JPE270
PHI100-004-2026030,HNG240
PHI100-004-2026030,JRSA256
PHI100-005-2026010,KMAD242
PHI100-005-2026030,JCH313
PHI100-006-2026010,SWI324
PHI100-006-2026030,AHMA228
PHI100-007-2026010,JCH313
PHI100-007-2026030,AHMA228
PHI100-008-2026010,AHMA228
PHI100-008-2026030,XYA247
PHI100-009-2026010,CEBATT2
PHI100-009-2026030,JPE270
PHI100-010-2026010,ALFARR00
PHI100-010-2026030,KHBR229
PHI100-011-2026010,ALFARR00
PHI100-012-2026010,AHMA228
PHI100-013-2026010,KHBR229
PHI100-014-2026010,SWI324
PHI100-201-2026010,MWA229
PHI100-201-2026030,JLMC288
PHI100-202-2026010,MWA229
PHI100-202-2026030,KLCH236
PHI120-001-2026010,LMWA234
PHI120-001-2026030,SAL451
PHI120-002-2026010,HKE230
PHI120-002-2026030,RDBA237
PHI120-002-2026030,RSAND1
PHI120-003-2026010,LMWA234
PHI120-003-2026030,BLO230
PHI120-004-2026010,SWI324
PHI120-004-2026030,LMWA234
PHI120-005-2026010,PATU227
PHI120-005-2026030,TDCA229
PHI120-006-2026030,AMO505
PHI120-006-2026030,TSU224
PHI120-007-2026030,HKE230
PHI120-008-2026030,TDCA229
PHI120-201-2026010,LMWA234
PHI120-201-2026030,LMWA234
PHI120-202-2026010,LMWA234
PHI120-202-2026030,SWI324
PHI130-001-2026010,NRBR242
PHI130-001-2026010,PDSK223
PHI130-001-2026030,PDSK223
PHI130-002-2026010,PDSK223
PHI130-002-2026010,RDBA237
PHI130-002-2026030,PDSK223
PHI130-003-2026010,PDSK223
PHI130-003-2026010,RDBA237
PHI130-003-2026030,APA438
PHI130-004-2026010,NRBR242
PHI130-004-2026010,PDSK223
PHI130-004-2026030,PAST230
PHI130-005-2026010,SCHATZKI
PHI130-005-2026030,ALFARR00
PHI130-006-2026010,APA438
PHI130-201-2026010,TDCA229
PHI130-201-2026030,SUPERSON
PHI130-202-2026030,SUPERSON
PHI135-001-2026030,NHA316
PHI150-001-2026010,LEL239
PHI150-001-2026030,CDWI275
PHI150-002-2026030,LEL239
PHI193-001-2026030,MWA229
PHI205-001-2026010,JRSA256
PHI205-001-2026030,OLEAMAN
PHI205-002-2026010,JRSA256
PHI205-002-2026030,OLEAMAN
PHI205-003-2026010,TDCA229
PHI205-003-2026030,RSAND1
PHI205-004-2026010,TDCA229
PHI260-001-2026010,ECSAND2
PHI260-001-2026030,PRO264
PHI270-001-2026010,LOOK
PHI270-001-2026030,JRSA256
PHI300-002-2026030,NNE223
PHI305-001-2026010,KMAD242
PHI305-002-2026010,KMAD242
PHI305-003-2026030,JRBU248
PHI305-004-2026030,JRBU248
PHI305-201-2026010,PAST230
PHI305-201-2026030,TDCA229
PHI310-001-2026010,TRTO227
PHI310-002-2026010,JLMC288
PHI310-002-2026030,DBRADSH
PHI315-001-2026010,MWA229
PHI315-001-2026030,KMAD242
PHI315-002-2026030,PATU227
PHI315-003-2026030,KMAD242
PHI315-201-2026010,SWI324
PHI315-201-2026030,AHMA228
PHI315-202-2026010,AHMA228
PHI315-202-2026030,SWI324
PHI317-001-2026030,JRSA256
PHI320-001-2026010,BLO230
PHI320-001-2026030,PDSK223
PHI330-001-2026030,PDSK223
PHI334-001-2026010,PDSK223
PHI334-001-2026030,AHMA228
PHI334-002-2026010,AHMA228
PHI334-002-2026030,TDCA229
PHI334-201-2026010,PDSK223
PHI334-201-2026030,LMWA234
PHI334-202-2026010,PDSK223
PHI335-001-2026010,JRSA256
PHI335-002-2026030,NNE223
PHI336-001-2026010,RSAND1
PHI336-001-2026030,TRTO227
PHI336-002-2026010,RSAND1
PHI336-002-2026030,LMWA234
PHI337-001-2026010,NNE223
PHI337-001-2026030,KMAD242
PHI337-002-2026030,KMAD242
PHI340-001-2026010,JRSA256
PHI340-002-2026030,JRSA256
PHI343-001-2026010,KMAD242
PHI343-001-2026030,ECSAND2
PHI350-001-2026010,CDWI275
PHI350-001-2026030,CDWI275
PHI375-001-2026010,CEBATT2
PHI375-001-2026030,CEBATT2
PHI380-001-2026010,OLEAMAN
PHI380-001-2026030,ALFARR00
PHI380-002-2026010,OLEAMAN
PHI380-002-2026030,SWI324
PHI380-003-2026010,TDCA229
PHI380-003-2026030,SWI324
PHI393-001-2026030,LOOK
PHI395-001-2026010,CEBATT2
PHI395-002-2026010,SBI223
PHI395-002-2026030,CDWI275
PHI395-003-2026010,DBRADSH
PHI395-004-2026010,JRBU248
PHI395-005-2026010,KLCH236
PHI395-006-2026010,ALFARR00
PHI395-007-2026010,OLEAMAN
PHI395-008-2026010,LOOK
PHI395-009-2026010,NNE223
PHI395-010-2026010,PRO264
PHI395-011-2026010,ECSAND2
PHI395-012-2026010,RSAND1
PHI395-013-2026010,JRSA256
PHI395-014-2026010,TSU224
PHI395-015-2026010,SUPERSON
PHI395-016-2026010,LMWA234
PHI395-017-2026010,MWA229
PHI395-018-2026010,CDWI275
PHI399-001-2026010,ECSAND2
PHI503-001-2026030,DBRADSH
PHI509-001-2026010,LOOK
PHI520-001-2026010,CDWI275
PHI535-001-2026030,ECSAND2
PHI562-001-2026010,SCHATZKI
PHI565-001-2026030,TSU224
PHI575-001-2026030,CEBATT2
PHI592-001-2026010,TSU224
PHI630-001-2026010,NNE223
PHI700-001-2026010,ECSAND2
PHI710-001-2026030,LOOK
PHI715-001-2026030,PRO264
PHI740-001-2026010,ECSAND2
PHI741-001-2026010,CDWI275
PHI741-001-2026010,ECSAND2
PHI741-001-2026010,LOOK
PHI742-001-2026030,DBRADSH
PHI742-001-2026030,LOOK
PHI742-001-2026030,TSU224
PHI749-001-2026010,CEBATT2
PHI749-002-2026010,SBI223
PHI749-002-2026030,CDWI275
PHI749-003-2026010,DBRADSH
PHI749-004-2026010,JRBU248
PHI749-005-2026010,KLCH236
PHI749-006-2026010,ALFARR00
PHI749-007-2026010,OLEAMAN
PHI749-008-2026010,LOOK
PHI749-009-2026010,NNE223
PHI749-010-2026010,PRO264
PHI749-011-2026010,ECSAND2
PHI749-012-2026010,RSAND1
PHI749-013-2026010,JRSA256
PHI749-014-2026010,TSU224
PHI749-015-2026010,SUPERSON
PHI749-016-2026010,MWA229
PHI749-017-2026010,CDWI275
PHI749-017-2026030,MWA229
PHI749-018-2026010,CDWI275
PHI755-001-2026010,CEBATT2
PHI755-002-2026010,SBI223
PHI755-002-2026030,CDWI275
PHI755-003-2026010,DBRADSH
PHI755-004-2026010,JRBU248
PHI755-005-2026010,KLCH236
PHI755-006-2026010,ALFARR00
PHI755-007-2026010,OLEAMAN
PHI755-008-2026010,LOOK
PHI755-009-2026010,NNE223
PHI755-010-2026010,PRO264
PHI755-011-2026010,ECSAND2
PHI755-012-2026010,RSAND1
PHI755-013-2026010,JRSA256
PHI755-014-2026010,SCHATZKI
PHI755-015-2026010,TSU224
PHI755-016-2026010,SUPERSON
PHI755-017-2026010,MWA229
PHI755-017-2026030,MWA229
PHI755-018-2026010,CDWI275
PHI757-001-2026010,CEBATT2
PHI757-002-2026010,SBI223
PHI757-002-2026030,CDWI275
PHI757-003-2026010,DBRADSH
PHI757-004-2026010,JRBU248
PHI757-005-2026010,KLCH236
PHI757-006-2026010,ALFARR00
PHI757-007-2026010,OLEAMAN
PHI757-008-2026010,LOOK
PHI757-009-2026010,NNE223
PHI757-010-2026010,PRO264
PHI757-011-2026010,ECSAND2
PHI757-012-2026010,RSAND1
PHI757-013-2026010,JRSA256
PHI757-014-2026010,SCHATZKI
PHI757-015-2026010,TSU224
PHI757-016-2026010,SUPERSON
PHI757-017-2026010,MWA229
PHI757-018-2026010,CDWI275
PHI767-001-2026010,CEBATT2
PHI767-002-2026030,CDWI275
PHI767-003-2026010,DBRADSH
PHI767-004-2026010,JRBU248
PHI767-005-2026010,KLCH236
PHI767-006-2026010,ALFARR00
PHI767-007-2026010,OLEAMAN
PHI767-008-2026010,LOOK
PHI767-009-2026010,NNE223
PHI767-010-2026010,PRO264
PHI767-011-2026010,ECSAND2
PHI767-012-2026010,RSAND1
PHI767-013-2026010,JRSA256
PHI767-015-2026010,TSU224
PHI767-016-2026010,SUPERSON
PHI767-017-2026010,MWA229
PHI767-017-2026030,MWA229
PHI767-018-2026010,CDWI275
PHI768-001-2026010,CEBATT2
PHI768-002-2026010,SBI223
PHI768-002-2026030,CDWI275
PHI768-003-2026010,DBRADSH
PHI768-004-2026010,JRBU248
PHI768-005-2026010,KLCH236
PHI768-006-2026010,ALFARR00
PHI768-007-2026010,OLEAMAN
PHI768-008-2026010,LOOK
PHI768-009-2026010,NNE223
PHI768-010-2026010,PRO264
PHI768-011-2026010,ECSAND2
PHI768-012-2026010,RSAND1
PHI768-013-2026010,JRSA256
PHI768-014-2026010,SCHATZKI
PHI768-015-2026010,TSU224
PHI768-016-2026010,SUPERSON
PHI768-017-2026010,MWA229
PHI768-017-2026030,MWA229
PHI768-018-2026010,CDWI275
PHI769-001-2026010,CEBATT2
PHI769-002-2026010,SBI223
PHI769-002-2026030,CDWI275
PHI769-003-2026010,DBRADSH
PHI769-004-2026010,JRBU248
PHI769-005-2026010,KLCH236
PHI769-006-2026010,ALFARR00
PHI769-007-2026010,OLEAMAN
PHI769-008-2026010,LOOK
PHI769-009-2026010,NNE223
PHI769-010-2026010,PRO264
PHI769-011-2026010,ECSAND2
PHI769-012-2026010,RSAND1
PHI769-013-2026010,JRSA256
PHI769-014-2026010,SCHATZKI
PHI769-015-2026010,TSU224
PHI769-016-2026010,SUPERSON
PHI769-017-2026010,MWA229
PHI769-018-2026010,CDWI275
PHI790-001-2026010,CEBATT2
PHI790-002-2026010,SBI223
PHI790-002-2026030,CDWI275
PHI790-003-2026010,DBRADSH
PHI790-004-2026010,JRBU248
PHI790-005-2026010,KLCH236
PHI790-006-2026010,ALFARR00
PHI790-007-2026010,OLEAMAN
PHI790-008-2026010,LOOK
PHI790-009-2026010,NNE223
PHI790-010-2026010,PRO264
PHI790-011-2026010,ECSAND2
PHI790-012-2026010,ECSAND2
PHI790-013-2026010,JRSA256
PHI790-014-2026010,SCHATZKI
PHI790-015-2026010,TSU224
PHI790-016-2026010,SUPERSON
PHI790-017-2026010,MWA229
PHI790-017-2026030,MWA229
PHI790-018-2026010,CDWI275
PHR110-001-2026010,ATBL232
PHR110-001-2026030,ATBL232
PHR150-001-2026030,CPDE226
PHR160-001-2026030,OAB234
PHR210-001-2026030,ATBL232
PHR395-001-2026030,BBA236
PHR395-002-2026030,KAMC300
PHR700-001-2026010,DJFEOL2
PHR702-001-2026030,DJFEOL2
PHR903-001-2026010,MMABI2
PHR904-001-2026030,MMABI2
PHR905-001-2026010,MMABI2
PHR906-001-2026030,MMABI2
PHR910-001-2026010,CKE225
PHR910-001-2026010,CMJO268
PHR910-001-2026010,GKTH225
PHR910-002-2026010,CKE225
PHR910-002-2026010,CMJO268
PHR910-002-2026010,GKTH225
PHR910-003-2026010,CKE225
PHR910-003-2026010,CMJO268
PHR910-003-2026010,GKTH225
PHR910-004-2026010,CKE225
PHR910-004-2026010,CMJO268
PHR910-004-2026010,GKTH225
PHR910-005-2026010,CKE225
PHR910-005-2026010,CMJO268
PHR910-005-2026010,GKTH225
PHR910-006-2026010,CKE225
PHR910-006-2026010,CMJO268
PHR910-006-2026010,GKTH225
PHR910-007-2026010,CKE225
PHR910-007-2026010,CMJO268
PHR910-007-2026010,GKTH225
PHR910-008-2026010,CKE225
PHR910-008-2026010,CMJO268
PHR910-008-2026010,GKTH225
PHR911-001-2026010,TPR244
PHR912-001-2026010,JROHR2
PHR913-001-2026010,TWHEA0
PHR914-001-2026010,AKU285
PHR915-001-2026010,TRFREE1
PHR920-001-2026030,CKE225
PHR920-001-2026030,DNBA237
PHR920-002-2026030,CKE225
PHR920-002-2026030,DNBA237
PHR920-003-2026030,CKE225
PHR920-003-2026030,DNBA237
PHR920-004-2026030,CKE225
PHR920-004-2026030,DNBA237
PHR920-005-2026030,CKE225
PHR920-005-2026030,DNBA237
PHR920-006-2026030,CKE225
PHR920-006-2026030,DNBA237
PHR920-007-2026030,CKE225
PHR920-007-2026030,DNBA237
PHR920-008-2026030,CKE225
PHR920-008-2026030,DNBA237
PHR921-001-2026030,BBA236
PHR921-001-2026030,LCZ222
PHR922-001-2026030,VVE228
PHR923-001-2026030,ASTAC1
PHR926-001-2026030,CMART2
PHR926-001-2026030,KAMC300
PHR927-001-2026030,AMCOOK0
PHR927-001-2026030,SVANL3
PHR928-010-2026050,CASI229
PHR928-011-2026050,CASI229
PHR928-012-2026050,CASI229
PHR928-013-2026050,CASI229
PHR929-010-2026050,CASI229
PHR929-011-2026050,CASI229
PHR929-012-2026050,CASI229
PHR929-013-2026050,CASI229
PHR930-001-2026010,CKE225
PHR930-001-2026010,EJWO222
PHR930-002-2026010,CKE225
PHR930-002-2026010,EJWO222
PHR930-003-2026010,CKE225
PHR930-003-2026010,EJWO222
PHR930-004-2026010,CKE225
PHR930-004-2026010,EJWO222
PHR930-005-2026010,CKE225
PHR930-005-2026010,EJWO222
PHR930-006-2026010,CKE225
PHR930-006-2026010,EJWO222
PHR930-007-2026010,CKE225
PHR930-007-2026010,EJWO222
PHR930-008-2026010,CKE225
PHR930-008-2026010,EJWO222
PHR933-001-2026010,CPDE226
PHR936-001-2026010,AJA314
PHR936-001-2026010,DROYLE2
PHR937-001-2026010,JPA454
PHR937-001-2026010,MJONE5
PHR938-001-2026010,HSDIVI1
PHR940-001-2026030,CKE225
PHR940-001-2026030,EJWO222
PHR940-002-2026030,CKE225
PHR940-002-2026030,EJWO222
PHR940-003-2026030,CKE225
PHR940-003-2026030,EJWO222
PHR940-004-2026030,CKE225
PHR940-004-2026030,EJWO222
PHR940-005-2026030,CKE225
PHR940-005-2026030,EJWO222
PHR940-006-2026030,CKE225
PHR940-006-2026030,EJWO222
PHR940-007-2026030,CKE225
PHR940-007-2026030,EJWO222
PHR940-008-2026030,CKE225
PHR940-008-2026030,EJWO222
PHR945-001-2026030,DBU227
PHR945-001-2026030,RKOL225
PHR946-001-2026030,CDLOFT2
PHR946-001-2026030,TEMACA2
PHR947-001-2026030,BDHU224
PHR948-001-2026030,MSDU239
PHR948-001-2026030,YBA222
PHR950-001-2026010,CKE225
PHR950-001-2026010,EAL293
PHR950-002-2026010,CKE225
PHR950-002-2026010,EAL293
PHR950-003-2026010,CKE225
PHR950-003-2026010,EAL293
PHR950-004-2026010,CKE225
PHR950-004-2026010,EAL293
PHR950-005-2026010,CKE225
PHR950-005-2026010,EAL293
PHR950-006-2026010,CKE225
PHR950-006-2026010,EAL293
PHR950-007-2026010,CKE225
PHR950-007-2026010,EAL293
PHR950-008-2026010,CKE225
PHR950-008-2026010,EAL293
PHR952-001-2026010,DMO233
PHR952-001-2026010,FMFU222
PHR954-001-2026010,SJONE3
PHR956-001-2026010,HECHAN2
PHR956-001-2026010,JOR235
PHR957-001-2026010,EPBLAC2
PHR957-001-2026010,VADAM0
PHR960-001-2026030,CKE225
PHR960-001-2026030,EAL293
PHR960-002-2026030,CKE225
PHR960-002-2026030,EAL293
PHR960-003-2026030,CKE225
PHR960-003-2026030,EAL293
PHR960-004-2026030,CKE225
PHR960-004-2026030,EAL293
PHR960-005-2026030,CKE225
PHR960-005-2026030,EAL293
PHR960-006-2026030,CKE225
PHR960-006-2026030,EAL293
PHR960-007-2026030,CKE225
PHR960-007-2026030,EAL293
PHR960-008-2026030,CKE225
PHR960-008-2026030,EAL293
PHR964-001-2026030,JJCAIN00
PHR966-001-2026030,GTHO222
PHR966-001-2026030,LODDER
PHR967-001-2026030,TRMITC2
PHS401-001-2026010,CDLOFT2
PHS502-001-2026010,JROHR2
PHS522-001-2026030,VVE228
PHS601-001-2026010,TPR244
PHS701-001-2026030,BBA236
PHS701-001-2026030,CDLOFT2
PHS701-001-2026030,HMA301
PHS701-001-2026030,JOR235
PHS701-001-2026030,LCZ222
PHS701-001-2026030,MSDU239
PHS701-001-2026030,TPR244
PHS701-001-2026030,VADAM0
PHS701-001-2026030,YBA222
PHS750-001-2026010,SGT229
PHS750-001-2026030,SGT229
PHS757-001-2026010,DJFEOL2
PHS757-001-2026030,DJFEOL2
PHS760-001-2026010,DJFEOL2
PHS760-001-2026030,DJFEOL2
PHS760-002-2026010,HECHAN2
PHS760-002-2026010,JOR235
PHS760-002-2026030,AJA314
PHS760-002-2026030,BBA236
PHS760-002-2026030,EPBLAC2
PHS760-002-2026030,JOR235
PHS760-002-2026030,KAMC300
PHS760-003-2026030,KTI245
PHS767-001-2026010,BBA236
PHS767-001-2026030,DWPA226
PHS767-002-2026010,DJFEOL2
PHS767-002-2026030,JPA454
PHS767-003-2026010,JOR235
PHS767-003-2026030,EPBLAC2
PHS767-004-2026010,JPA454
PHS767-004-2026030,SGT229
PHS767-005-2026010,KTI245
PHS767-005-2026030,CZHAN6
PHS767-006-2026010,VVE228
PHS767-006-2026030,JOR235
PHS767-007-2026010,EPBLAC2
PHS767-007-2026030,VVE228
PHS767-008-2026010,SVANL3
PHS767-008-2026030,SVANL3
PHS767-009-2026010,SGT229
PHS767-009-2026030,TPR244
PHS767-010-2026010,DWPA226
PHS767-010-2026030,KTI245
PHS767-011-2026010,CZHAN6
PHS767-011-2026030,BBA236
PHS767-017-2026010,TPR244
PHS778-001-2026010,JROHR2
PHS778-001-2026030,JROHR2
PHS790-001-2026010,LCZ222
PHS790-001-2026030,KAMC300
PHS790-002-2026010,SVANL3
PHS790-002-2026030,BBA236
PHS790-003-2026010,KAMC300
PHS790-003-2026030,CZHAN6
PHS790-004-2026010,AMA708
PHS790-004-2026030,SVANL3
PHS790-005-2026010,TPR244
PHS790-005-2026030,KTI245
PHS790-006-2026010,KTI245
PHS790-006-2026030,LCZ222
PHS790-007-2026010,VVE228
PHS790-007-2026030,DJFEOL2
PHS790-008-2026010,JOR235
PHS790-008-2026030,VVE228
PHS790-009-2026010,CEGE233
PHS790-009-2026030,YBA222
PHS790-010-2026010,CZHAN6
PHS790-010-2026030,JOR235
PHS790-010-2026050,LODDER
PHS790-011-2026030,AMHA283
PHS790-011-2026050,YBA222
PHS790-012-2026030,TPR244
PHS790-013-2026030,AMA708
PHS790-014-2026030,CEGE233
PHY105-001-2026010,BRPLAS2
PHY130-001-2026030,JSTRALEY
PHY160-001-2026010,JSTRALEY
PHY160-001-2026030,MAN237
PHY160-001-2026030,NCO241
PHY160-002-2026010,MPDE232
PHY160-002-2026030,MPDE232
PHY160-002-2026030,SCLE241
PHY211-001-2026010,CMBROW8
PHY211-001-2026010,DCPI226
PHY211-001-2026010,JCOM222
PHY211-001-2026010,MAN237
PHY211-001-2026030,KWNG
PHY211-001-2026030,MJOV222
PHY211-001-2026030,MRA230
PHY211-002-2026010,CMBROW8
PHY211-002-2026010,JCOM222
PHY211-002-2026010,MAN237
PHY211-002-2026010,VCH253
PHY211-002-2026030,HBO231
PHY211-002-2026030,KWNG
PHY211-002-2026030,MJOV222
PHY211-003-2026010,CMBROW8
PHY211-003-2026010,DCPI226
PHY211-003-2026010,MAN237
PHY211-003-2026010,SABR242
PHY211-003-2026030,KWNG
PHY211-003-2026030,MJOV222
PHY211-003-2026030,MRA230
PHY211-004-2026010,CMBROW8
PHY211-004-2026010,MAN237
PHY211-004-2026010,RTO245
PHY211-004-2026010,SABR242
PHY211-004-2026030,KWNG
PHY211-004-2026030,MRA230
PHY211-004-2026030,RTO245
PHY211-005-2026010,CMBROW8
PHY211-005-2026010,DCPI226
PHY211-005-2026010,JCOM222
PHY211-005-2026010,MAN237
PHY211-005-2026030,KWNG
PHY211-005-2026030,MRA230
PHY211-005-2026030,RTO245
PHY211-006-2026010,CMBROW8
PHY211-006-2026010,JCOM222
PHY211-006-2026010,MAN237
PHY211-006-2026010,VCH253
PHY211-006-2026030,BJAR226
PHY211-006-2026030,JCOM222
PHY211-006-2026030,KWNG
PHY211-007-2026010,CMBROW8
PHY211-007-2026010,KWNG
PHY211-007-2026010,MDA261
PHY211-007-2026010,VCH253
PHY211-007-2026030,HBO231
PHY211-007-2026030,KWNG
PHY211-007-2026030,RTO245
PHY211-008-2026010,ABA452
PHY211-008-2026010,CMBROW8
PHY211-008-2026010,KWNG
PHY211-008-2026010,MDA261
PHY211-008-2026030,JCOM222
PHY211-008-2026030,KWNG
PHY211-008-2026030,MRA230
PHY211-009-2026010,CMBROW8
PHY211-009-2026010,KWNG
PHY211-009-2026010,MDA261
PHY211-009-2026010,SCLE241
PHY211-010-2026010,CMBROW8
PHY211-010-2026010,KWNG
PHY211-010-2026010,MDA261
PHY211-010-2026010,SCLE241
PHY211-010-2026030,BJAR226
PHY211-010-2026030,EZI227
PHY211-010-2026030,KWNG
PHY211-011-2026010,CMBROW8
PHY211-011-2026010,KWNG
PHY211-011-2026010,MDA261
PHY211-011-2026010,MJOV222
PHY211-011-2026030,EZI227
PHY211-011-2026030,HBO231
PHY211-011-2026030,KWNG
PHY211-012-2026010,CMBROW8
PHY211-012-2026010,KWNG
PHY211-012-2026010,SABR242
PHY211-012-2026010,SCLE241
PHY211-012-2026030,EZI227
PHY211-012-2026030,HBO231
PHY211-012-2026030,KWNG
PHY211-013-2026010,CMBROW8
PHY211-013-2026010,KWNG
PHY211-013-2026010,MJOV222
PHY211-013-2026010,SABR242
PHY211-013-2026030,HBO231
PHY211-013-2026030,JCOM222
PHY211-014-2026010,ABA452
PHY211-014-2026010,CMBROW8
PHY211-014-2026010,KWNG
PHY211-014-2026010,MJOV222
PHY211-015-2026010,CMBROW8
PHY211-015-2026010,KWNG
PHY211-015-2026010,RTO245
PHY211-015-2026010,SABR242
PHY211-016-2026010,CMBROW8
PHY211-016-2026010,JCOM222
PHY211-016-2026010,KWNG
PHY211-016-2026010,RTO245
PHY212-001-2026030,GFE235
PHY212-001-2026030,MAN237
PHY213-001-2026010,BPO259
PHY213-001-2026010,DRST222
PHY213-001-2026010,MAN237
PHY213-001-2026010,MHO312
PHY213-001-2026030,DRST222
PHY213-001-2026030,MAN237
PHY213-001-2026030,MEAR236
PHY213-001-2026030,SSH421
PHY213-002-2026010,DRST222
PHY213-002-2026010,GFE235
PHY213-002-2026010,MAN237
PHY213-002-2026010,MHO312
PHY213-002-2026030,DRST222
PHY213-002-2026030,MAN237
PHY213-002-2026030,MEAR236
PHY213-002-2026030,SSH421
PHY213-003-2026010,AAKH242
PHY213-003-2026010,DRST222
PHY213-003-2026010,MAN237
PHY213-003-2026010,MHO312
PHY213-003-2026030,DRST222
PHY213-003-2026030,EDKI230
PHY213-003-2026030,MAN237
PHY213-003-2026030,SSH421
PHY213-004-2026010,AAKH242
PHY213-004-2026010,DRST222
PHY213-004-2026010,ESWR224
PHY213-004-2026010,MAN237
PHY213-004-2026030,DRST222
PHY213-004-2026030,GFE235
PHY213-004-2026030,MAN237
PHY213-004-2026030,SSH421
PHY213-005-2026010,BPO259
PHY213-005-2026010,DRST222
PHY213-005-2026010,ESWR224
PHY213-005-2026010,MAN237
PHY213-005-2026030,DRST222
PHY213-005-2026030,KMCR240
PHY213-005-2026030,MAN237
PHY213-005-2026030,SSH421
PHY213-006-2026010,DRST222
PHY213-006-2026010,ESWR224
PHY213-006-2026010,GFE235
PHY213-006-2026010,MAN237
PHY213-006-2026030,DRST222
PHY213-006-2026030,EDKI230
PHY213-006-2026030,MAN237
PHY213-006-2026030,MHO312
PHY213-007-2026030,BPO259
PHY213-007-2026030,DRST222
PHY213-007-2026030,MAN237
PHY213-007-2026030,MHO312
PHY213-008-2026030,BPO259
PHY213-008-2026030,DRST222
PHY213-008-2026030,MAN237
PHY213-008-2026030,MHO312
PHY213-009-2026030,DRST222
PHY213-009-2026030,GFE235
PHY213-009-2026030,MAN237
PHY213-009-2026030,MHO312
PHY213-010-2026030,AAKH242
PHY213-010-2026030,DRST222
PHY213-010-2026030,MAN237
PHY213-010-2026030,MHO312
PHY213-011-2026030,AAKH242
PHY213-011-2026030,DRST222
PHY213-011-2026030,ESWR224
PHY213-011-2026030,MAN237
PHY228-001-2026030,CBCRAW2
PHY228-001-2026030,ESWR224
PHY231-001-2026010,KKO291
PHY231-001-2026010,SSE227
PHY231-001-2026030,ESWR224
PHY231-001-2026030,RJWI222
PHY231-002-2026010,KKO291
PHY231-002-2026010,SSE227
PHY231-002-2026030,KKO291
PHY231-002-2026030,RJWI222
PHY231-003-2026010,KLFE230
PHY231-003-2026010,SSE227
PHY231-003-2026030,KKO291
PHY231-003-2026030,RJWI222
PHY231-004-2026010,HBO231
PHY231-004-2026010,SSE227
PHY231-004-2026030,AJA343
PHY231-004-2026030,RJWI222
PHY231-005-2026010,KKO291
PHY231-005-2026010,SSE227
PHY231-005-2026030,AJA343
PHY231-005-2026030,WGA238
PHY231-006-2026010,CHU305
PHY231-006-2026010,HBO231
PHY231-006-2026030,MDA261
PHY231-006-2026030,WGA238
PHY231-007-2026010,CHU305
PHY231-007-2026010,KKO291
PHY231-007-2026030,MDA261
PHY231-007-2026030,WGA238
PHY231-008-2026010,CHU305
PHY231-008-2026010,KKO291
PHY231-008-2026030,MDA261
PHY231-008-2026030,WGA238
PHY231-009-2026010,CHU305
PHY231-009-2026010,KLFE230
PHY231-009-2026030,MDA261
PHY231-009-2026030,SSE227
PHY231-010-2026010,HBO231
PHY231-010-2026010,RMA444
PHY231-010-2026030,MDA261
PHY231-010-2026030,SSE227
PHY231-011-2026010,HBO231
PHY231-011-2026010,RMA444
PHY231-011-2026030,AJA343
PHY231-011-2026030,SSE227
PHY231-012-2026010,KLFE230
PHY231-012-2026010,RMA444
PHY231-012-2026030,KKO291
PHY231-012-2026030,SSE227
PHY231-013-2026010,KLFE230
PHY231-013-2026010,RMA444
PHY231-013-2026030,KKO291
PHY231-013-2026030,SSE227
PHY231-014-2026010,HBO231
PHY231-014-2026010,RMA444
PHY231-015-2026010,CMBROW8
PHY231-016-2026010,CMBROW8
PHY232-001-2026010,NCO241
PHY232-001-2026010,RJWI222
PHY232-001-2026030,JSU294
PHY232-001-2026030,KLFE230
PHY232-002-2026010,NCO241
PHY232-002-2026010,RJWI222
PHY232-002-2026030,JSU294
PHY232-002-2026030,KLFE230
PHY232-003-2026010,NCO241
PHY232-003-2026010,RJWI222
PHY232-003-2026030,JSU294
PHY232-003-2026030,KLFE230
PHY232-004-2026010,MKH241
PHY232-004-2026010,RJWI222
PHY232-004-2026030,AJA343
PHY232-004-2026030,RMA422
PHY232-005-2026010,MKH241
PHY232-005-2026010,RJWI222
PHY232-005-2026030,KLFE230
PHY232-005-2026030,RMA422
PHY232-006-2026010,MKH241
PHY232-006-2026010,RLSA239
PHY232-006-2026030,KLFE230
PHY232-006-2026030,RMA422
PHY232-007-2026010,MKH241
PHY232-007-2026010,RLSA239
PHY232-007-2026030,AJA343
PHY232-007-2026030,RMA422
PHY232-008-2026010,MHO312
PHY232-008-2026010,RLSA239
PHY232-009-2026010,MHO312
PHY232-009-2026010,RLSA239
PHY232-010-2026010,MKH241
PHY232-010-2026010,RLSA239
PHY232-013-2026010,KLFE230
PHY232-013-2026010,RMA422
PHY232-014-2026010,NCO241
PHY232-014-2026010,RMA422
PHY232-015-2026010,NCO241
PHY232-015-2026010,RMA422
PHY241-001-2026010,CMBROW8
PHY241-001-2026010,SSH421
PHY241-001-2026030,BMKE241
PHY241-001-2026030,CMBROW8
PHY241-002-2026010,CMBROW8
PHY241-002-2026010,DTO260
PHY241-002-2026030,BMKE241
PHY241-002-2026030,CMBROW8
PHY241-003-2026010,AJA343
PHY241-003-2026010,CMBROW8
PHY241-003-2026030,CMBROW8
PHY241-003-2026030,FRDA222
PHY241-004-2026010,CMBROW8
PHY241-004-2026010,TSJA231
PHY241-004-2026030,CMBROW8
PHY241-004-2026030,FRDA222
PHY241-005-2026010,AJBU274
PHY241-005-2026010,CMBROW8
PHY241-005-2026030,CMBROW8
PHY241-005-2026030,MJA342
PHY241-006-2026010,CMBROW8
PHY241-006-2026010,DTO260
PHY241-006-2026030,AJBU274
PHY241-006-2026030,CMBROW8
PHY241-007-2026010,ATO288
PHY241-007-2026010,CMBROW8
PHY241-007-2026030,AJBU274
PHY241-007-2026030,CMBROW8
PHY241-008-2026010,CMBROW8
PHY241-008-2026010,TSJA231
PHY241-008-2026030,CMBROW8
PHY241-008-2026030,MJA342
PHY241-009-2026010,AJBU274
PHY241-009-2026010,CMBROW8
PHY241-009-2026030,CMBROW8
PHY241-009-2026030,DTO260
PHY241-010-2026010,CMBROW8
PHY241-010-2026010,EZI227
PHY241-010-2026030,CMBROW8
PHY241-010-2026030,DTO260
PHY241-011-2026010,ATO288
PHY241-011-2026010,CMBROW8
PHY241-012-2026010,CMBROW8
PHY241-012-2026010,EZI227
PHY241-012-2026030,CMBROW8
PHY241-012-2026030,DLI305
PHY241-013-2026010,CMBROW8
PHY241-013-2026010,SSH421
PHY241-013-2026030,CMBROW8
PHY241-013-2026030,DLI305
PHY241-014-2026010,CMBROW8
PHY241-014-2026010,JBDI228
PHY241-014-2026030,CMBROW8
PHY241-014-2026030,JBDI228
PHY241-015-2026010,CMBROW8
PHY241-015-2026010,JBDI228
PHY241-015-2026030,CMBROW8
PHY241-015-2026030,JBDI228
PHY241-016-2026010,CMBROW8
PHY241-016-2026010,KMCR240
PHY241-017-2026010,CMBROW8
PHY241-017-2026010,MHI281
PHY242-001-2026010,LANDER
PHY242-001-2026010,MAN237
PHY242-001-2026030,LANDER
PHY242-001-2026030,MAN237
PHY242-002-2026010,MAN237
PHY242-002-2026010,SBH250
PHY242-002-2026030,LANDER
PHY242-002-2026030,MAN237
PHY242-003-2026010,MAN237
PHY242-003-2026010,YSH276
PHY242-003-2026030,MAN237
PHY242-003-2026030,YSH276
PHY242-004-2026010,MAN237
PHY242-004-2026010,SBH250
PHY242-004-2026030,MAN237
PHY242-004-2026030,MHI281
PHY242-005-2026010,DLI305
PHY242-005-2026010,MAN237
PHY242-005-2026030,MAN237
PHY242-005-2026030,SBH250
PHY242-006-2026010,EDKI230
PHY242-006-2026010,MAN237
PHY242-006-2026030,MAN237
PHY242-006-2026030,SBH250
PHY242-007-2026010,MAN237
PHY242-007-2026010,YSH276
PHY242-007-2026030,MAN237
PHY242-007-2026030,YSH276
PHY242-008-2026010,MAN237
PHY242-008-2026010,MJA342
PHY242-009-2026010,DLI305
PHY242-009-2026010,MAN237
PHY242-010-2026010,EDKI230
PHY242-010-2026010,MAN237
PHY242-011-2026010,MAN237
PHY242-011-2026010,TGKNAU00
PHY242-012-2026010,MAN237
PHY242-012-2026010,MJA342
PHY242-013-2026010,LANDER
PHY242-013-2026010,MAN237
PHY306-001-2026030,AMI426
PHY306-001-2026030,VCH253
PHY335-001-2026010,CBCRAW2
PHY361-001-2026030,CMBROW8
PHY361-001-2026030,VCH253
PHY395-001-2026010,JWBRILL
PHY395-002-2026010,CMBROW8
PHY395-003-2026010,YCH224
PHY395-004-2026010,CBCRAW2
PHY395-005-2026010,SRDAS2
PHY395-006-2026010,LANDER
PHY395-007-2026010,DRAPER
PHY395-008-2026010,ADY223
PHY395-009-2026010,MEIDES
PHY395-010-2026010,RHFATE2
PHY395-011-2026010,GARY
PHY395-012-2026010,WGA238
PHY395-013-2026010,SGARD2
PHY395-014-2026010,CASTIMXA
PHY395-015-2026010,RHI235
PHY395-016-2026010,CHU305
PHY395-017-2026010,WKKORS0
PHY395-018-2026010,KOVASH
PHY395-019-2026010,LIU
PHY395-020-2026010,RMA422
PHY395-021-2026010,MURTHY
PHY395-022-2026010,KWNG
PHY395-023-2026010,BRPLAS2
PHY395-024-2026010,RLSA239
PHY395-025-2026010,SSE227
PHY395-026-2026010,SHAPERE
PHY395-027-2026010,SUPER234
PHY395-028-2026010,DRST222
PHY395-029-2026010,JSTRALEY
PHY395-030-2026010,YSU262
PHY395-031-2026010,CASTHOMC
PHY395-032-2026010,RJWI222
PHY395-033-2026010,RMA444
PHY395-034-2026030,RMA444
PHY395-035-2026030,JSU294
PHY395-036-2026030,AMI426
PHY401G-201-2026030,JSTRALEY
PHY401G-202-2026030,JSTRALEY
PHY401G-203-2026030,JSTRALEY
PHY401G-204-2026030,JSTRALEY
PHY401G-205-2026030,JSTRALEY
PHY401G-206-2026030,JSTRALEY
PHY404G-001-2026010,WGA238
PHY416G-001-2026010,WKKORS0
PHY417G-002-2026030,WKKORS0
PHY435-001-2026030,SSE227
PHY472G-001-2026010,DPO246
PHY504-001-2026010,SHAPERE
PHY506-001-2026010,ADY223
PHY507-001-2026030,RHI235
PHY508-001-2026010,CASTIMXA
PHY520-001-2026010,JWBRILL
PHY521-001-2026030,JWBRILL
PHY522-001-2026010,SGARD2
PHY524-001-2026030,LANDER
PHY535-001-2026030,BJAR226
PHY535-001-2026030,SSE227
PHY545-001-2026030,DACH228
PHY546-001-2026010,DACH228
PHY546-001-2026010,ELJJ
PHY556-001-2026030,SGARD2
PHY556-001-2026030,ZCA239
PHY570-001-2026010,CMBROW8
PHY571-001-2026010,CMBROW8
PHY611-001-2026010,MEIDES
PHY613-001-2026030,ABA452
PHY613-001-2026030,MEIDES
PHY614-001-2026010,SRDAS2
PHY615-001-2026030,ABA452
PHY615-001-2026030,SRDAS2
PHY616-001-2026010,RHI235
PHY632-001-2026030,NCO241
PHY632-001-2026030,SUPER234
PHY639-001-2026030,RLSA239
PHY639-001-2026030,RMA260
PHY749-001-2026010,CBCRAW2
PHY757-001-2026010,JWBRILL
PHY757-002-2026010,YCH224
PHY757-003-2026010,CBCRAW2
PHY757-004-2026010,SRDAS2
PHY757-005-2026010,LANDER
PHY757-006-2026010,DRAPER
PHY757-007-2026010,ADY223
PHY757-008-2026010,MEIDES
PHY757-009-2026010,RHFATE2
PHY757-010-2026010,GARY
PHY757-011-2026010,WGA238
PHY757-012-2026010,SGARD2
PHY757-013-2026010,CASTIMXA
PHY757-014-2026010,RHI235
PHY757-015-2026010,CHU305
PHY757-016-2026010,WKKORS0
PHY757-017-2026010,KOVASH
PHY757-018-2026010,LIU
PHY757-019-2026010,RMA422
PHY757-020-2026010,NMARTIN
PHY757-021-2026010,MURTHY
PHY757-022-2026010,KWNG
PHY757-023-2026010,BRPLAS2
PHY757-024-2026010,SSE227
PHY757-025-2026010,SHAPERE
PHY757-026-2026010,SUPER234
PHY757-027-2026010,DRST222
PHY757-028-2026010,JSTRALEY
PHY757-029-2026010,YSU262
PHY757-030-2026010,CASTHOMC
PHY757-031-2026010,RJWI222
PHY757-033-2026030,SRRA248
PHY767-001-2026010,JWBRILL
PHY767-002-2026010,YCH224
PHY767-002-2026030,YCH224
PHY767-003-2026010,CBCRAW2
PHY767-004-2026010,SRDAS2
PHY767-005-2026010,LANDER
PHY767-006-2026010,DRAPER
PHY767-007-2026010,ADY223
PHY767-008-2026010,MEIDES
PHY767-009-2026010,RHFATE2
PHY767-010-2026010,GARY
PHY767-011-2026010,WGA238
PHY767-012-2026010,SGARD2
PHY767-013-2026010,CASTIMXA
PHY767-014-2026010,RHI235
PHY767-015-2026010,CHU305
PHY767-016-2026010,WKKORS0
PHY767-017-2026010,KOVASH
PHY767-018-2026010,LIU
PHY767-019-2026010,RMA422
PHY767-020-2026010,NMARTIN
PHY767-021-2026010,MURTHY
PHY767-022-2026010,KWNG
PHY767-023-2026010,BRPLAS2
PHY767-024-2026010,RLSA239
PHY767-025-2026010,SSE227
PHY767-026-2026010,SHAPERE
PHY767-027-2026010,SUPER234
PHY767-028-2026010,DRST222
PHY767-029-2026010,JSTRALEY
PHY767-030-2026010,YSU262
PHY767-031-2026010,CASTHOMC
PHY767-032-2026010,RJWI222
PHY767-033-2026030,AADE250
PHY768-001-2026010,CASTIMXA
PHY768-002-2026010,CBCRAW2
PHY769-001-2026010,CBCRAW2
PHY769-002-2026010,LIU
PHY770-001-2026010,SHAPERE
PHY770-001-2026030,SHAPERE
PHY781-001-2026010,JWBRILL
PHY781-002-2026010,YCH224
PHY781-003-2026010,CBCRAW2
PHY781-004-2026010,SRDAS2
PHY781-005-2026010,LANDER
PHY781-006-2026010,DRAPER
PHY781-007-2026010,ADY223
PHY781-008-2026010,MEIDES
PHY781-009-2026010,RHFATE2
PHY781-010-2026010,GARY
PHY781-011-2026010,WGA238
PHY781-012-2026010,SGARD2
PHY781-013-2026010,CASTIMXA
PHY781-014-2026010,RHI235
PHY781-015-2026010,CHU305
PHY781-016-2026010,WKKORS0
PHY781-017-2026010,KOVASH
PHY781-018-2026010,LIU
PHY781-019-2026010,RMA422
PHY781-020-2026010,NMARTIN
PHY781-021-2026010,MURTHY
PHY781-022-2026010,KWNG
PHY781-023-2026010,BRPLAS2
PHY781-024-2026010,RLSA239
PHY781-025-2026010,SSE227
PHY781-026-2026010,SHAPERE
PHY781-027-2026010,SUPER234
PHY781-028-2026010,DRST222
PHY781-029-2026010,JSTRALEY
PHY781-030-2026010,YSU262
PHY781-031-2026010,CASTHOMC
PHY781-032-2026010,RJWI222
PHY781-033-2026010,SRRA248
PHY781-034-2026010,RMA444
PHY781-034-2026030,JSU294
PHY781-035-2026010,CMBROW8
PHY781-035-2026030,JTHAST00
PHY781-036-2026030,RMA444
PHY781-037-2026030,CMBROW8
PHY790-001-2026010,JWBRILL
PHY790-002-2026010,YCH224
PHY790-003-2026010,CBCRAW2
PHY790-004-2026010,SRDAS2
PHY790-005-2026010,LANDER
PHY790-006-2026010,DRAPER
PHY790-007-2026010,ADY223
PHY790-008-2026010,MEIDES
PHY790-009-2026010,RHFATE2
PHY790-010-2026010,GARY
PHY790-011-2026010,WGA238
PHY790-012-2026010,SGARD2
PHY790-013-2026010,CASTIMXA
PHY790-014-2026010,RHI235
PHY790-015-2026010,CHU305
PHY790-016-2026010,WKKORS0
PHY790-017-2026010,KOVASH
PHY790-018-2026010,LIU
PHY790-019-2026010,RMA422
PHY790-020-2026010,NMARTIN
PHY790-021-2026010,MURTHY
PHY790-022-2026010,KWNG
PHY790-023-2026010,BRPLAS2
PHY790-024-2026010,RLSA239
PHY790-025-2026010,SSE227
PHY790-026-2026010,SHAPERE
PHY790-027-2026010,SUPER234
PHY790-028-2026010,DRST222
PHY790-029-2026010,JSTRALEY
PHY790-030-2026010,YSU262
PHY790-031-2026010,CASTHOMC
PHY790-032-2026010,RJWI222
PHY790-033-2026030,AMI426
PHY791-001-2026010,JWBRILL
PHY791-002-2026010,CBCRAW2
PHY791-003-2026010,SRDAS2
PHY791-004-2026010,LANDER
PHY791-005-2026010,DRAPER
PHY791-006-2026010,ADY223
PHY791-007-2026010,MEIDES
PHY791-008-2026010,RHFATE2
PHY791-009-2026010,GARY
PHY791-010-2026010,WGA238
PHY791-011-2026010,SGARD2
PHY791-012-2026010,CASTIMXA
PHY791-013-2026010,RHI235
PHY791-014-2026010,WKKORS0
PHY791-015-2026010,KOVASH
PHY791-016-2026010,LIU
PHY791-017-2026010,RMA422
PHY791-018-2026010,NMARTIN
PHY791-019-2026010,MURTHY
PHY791-020-2026010,KWNG
PHY791-021-2026010,BRPLAS2
PHY791-022-2026010,SSE227
PHY791-023-2026010,SHAPERE
PHY791-024-2026010,SUPER234
PHY791-025-2026010,DRST222
PHY791-026-2026010,JSTRALEY
PHY791-027-2026010,YSU262
PHY791-028-2026010,CASTHOMC
PHY791-029-2026010,RJWI222
PHY791-030-2026010,YCH224
PHY791-031-2026010,RMA444
PHY791-032-2026010,RLSA239
PLS103-001-2026010,ECMA251
PLS103-001-2026010,JASMAL3
PLS103-001-2026030,HZHU4
PLS103-001-2026030,SSI325
PLS103-002-2026010,HHA340
PLS103-002-2026010,JASMAL3
PLS103-002-2026030,HZHU4
PLS103-002-2026030,SSI325
PLS103-003-2026010,ECMA251
PLS103-003-2026010,JASMAL3
PLS103-003-2026030,KMI320
PLS103-004-2026010,TPHILLIP
PLS104-001-2026010,MCFO229
PLS104-001-2026010,SRE290
PLS104-001-2026030,HHA340
PLS104-001-2026030,SRE290
PLS104-002-2026010,MCFO229
PLS104-002-2026010,SRE290
PLS104-002-2026030,HHA340
PLS104-002-2026030,SRE290
PLS104-003-2026030,AGMU236
PLS104-003-2026030,SRE290
PLS210-001-2026030,CCBASK0
PLS210-001-2026030,JASMAL3
PLS220-001-2026010,RDURHAM
PLS220-002-2026010,RDURHAM
PLS220-003-2026010,RDURHAM
PLS301-001-2026030,EDOS225
PLS302-001-2026030,LJBR240
PLS366-001-2026010,BEBU228
PLS366-001-2026010,DHMCNE2
PLS366-001-2026030,CJMATO2
PLS366-001-2026030,VIUG222
PLS366-002-2026010,BEBU228
PLS366-002-2026010,DHMCNE2
PLS366-002-2026030,BEBU228
PLS366-002-2026030,CJMATO2
PLS366-003-2026010,DHMCNE2
PLS366-003-2026010,HHA340
PLS366-003-2026030,CJMATO2
PLS366-003-2026030,VIUG222
PLS366-004-2026010,DHMCNE2
PLS366-004-2026010,LPA273
PLS366-004-2026030,AGMU236
PLS366-004-2026030,CJMATO2
PLS366-005-2026030,BEBU228
PLS366-005-2026030,CJMATO2
PLS386-001-2026010,DVS
PLS386-001-2026010,TPHILLIP
PLS386-002-2026010,DVS
PLS386-002-2026010,TPHILLIP
PLS389-001-2026030,HBE257
PLS389-201-2026030,HBE257
PLS390-001-2026030,ERHA235
PLS395-010-2026050,DHMCNE2
PLS396-001-2026010,CBSH232
PLS399-010-2026050,DHMCNE2
PLS406-001-2026030,CBSH232
PLS416G-001-2026010,ERHA235
PLS468G-001-2026010,OOWEND2
PLS470G-001-2026030,HJPO223
PLS502-001-2026010,MSA293
PLS504-001-2026030,ERHA235
PLS510-201-2026010,TPHILLIP
PLS514-001-2026030,TPHILLIP
PLS566-001-2026030,EDOS225
PLS567-001-2026030,EDOS225
PLS575-001-2026010,OOWEND2
PLS576-001-2026010,OOWEND2
PLS597-001-2026010,KMI320
PLS597-002-2026010,CHANLEY
PLS597-201-2026010,RERU226
PLS597-201-2026030,QYI226
PLS597-202-2026030,SRE290
PLS609-001-2026030,DHILD
PLS609-201-2026030,DHILD
PLS620-001-2026010,AGHUNT00
PLS622-001-2026010,ADOWNIE
PLS622-001-2026010,SCHARDL
PLS622-001-2026010,TKA234
PLS630-001-2026030,AGR320
PLS630-001-2026030,CBSH232
PLS664-001-2026030,DVS
PLS675-001-2026010,HJPO223
PLS697-001-2026010,ERHA235
PLS697-002-2026010,ADOWNIE
PLS697-002-2026010,SCHARDL
PLS697-002-2026010,TKA234
PLS748-010-2026050,AGHUNT00
PLS749-010-2026050,AGHUNT00
PLS757-010-2026050,AGHUNT00
PLS799-010-2026050,AGHUNT00
PPA400G-001-2026010,VAILLAN
PPA600-001-2026030,FARMAN
PPA609-001-2026030,DHILD
PPA609-201-2026030,DHILD
PPA650-001-2026030,VAILLAN
PPA670-001-2026010,SCHARDL
PPA670-001-2026030,SCHARDL
PPA673-001-2026010,PK62
PPA770-001-2026030,ARBE243
PPA799-001-2026010,RLHI227
PPA799-001-2026030,RLHI227
PPL201-001-2026010,MCBIRD0
PPL201-001-2026030,MCBIRD0
PPL251-001-2026010,DKHO223
PPL251-001-2026030,DKHO223
PPL301-001-2026010,CWKI230
PPL302-001-2026010,SASA254
PPL302-001-2026030,ARU254
PPL303-001-2026030,JLE240
PPL304-001-2026030,ISH235
PPL306-001-2026010,MCBIRD0
PPL380-001-2026010,JABENI2
PPL393-001-2026010,ERNE222
PPL393-001-2026010,MCBIRD0
PPL393-001-2026030,ERNE222
PPL393-001-2026030,MCBIRD0
PPL395-001-2026010,ARU254
PPL395-001-2026030,MCBIRD0
PPL399-001-2026010,MCBIRD0
PPL399-001-2026030,MCBIRD0
PPL401-001-2026030,MCBIRD0
PPL405-001-2026010,THA330
PPL434-001-2026010,MCBIRD0
PPL580-001-2026030,JABENI2
PPL583-001-2026030,CWKI230
PPL584-001-2026030,DMC307
PPS104-710-2026050,MARYAN1
PPS104-730-2026020,ASTAC1
PPS104-730-2026020,MARYAN1
PPS700-001-2026030,TRFREE1
PPS750-001-2026010,CPDE226
PPS750-001-2026030,CPDE226
PPS757-001-2026010,DJFEOL2
PPS767-001-2026030,DMO233
PPS767-002-2026010,HMA301
PPS767-002-2026030,MSDU239
PPS767-003-2026010,MSDU239
PPS767-003-2026030,IME228
PPS767-004-2026010,IME228
PPS767-004-2026030,DJFEOL2
PPS767-005-2026010,DJFEOL2
PPS778-001-2026010,VADAM0
PPS778-001-2026030,VADAM0
PPS790-001-2026030,HMA301
PPS790-002-2026010,OAB234
PPS790-002-2026010,TRFREE1
PPS790-002-2026030,HMA301
PPS790-011-2026050,AKU285
PPS814-001-2026010,ASTAC1
PPS814-001-2026030,ASTAC1
PPS891-201-2026010,TRFREE1
PPS892-201-2026010,NEPIST2
PPS893-001-2026010,TLPL222
PPS894-001-2026010,ASTAC1
PPS895-001-2026010,BDHU224
PPS895-001-2026030,FROMA2
PPS895-002-2026010,DBU227
PPS895-002-2026030,FROMA2
PPS895-003-2026030,FROMA2
PPS895-004-2026030,FROMA2
PPS895-005-2026030,FROMA2
PPS896-002-2026030,EPBLAC2
PPS896-003-2026030,DROYLE2
PPS896-004-2026030,OAB234
PPS896-005-2026030,FROMA2
PPS897-001-2026030,BDHU224
PPS970-001-2026030,HMUN222
PPS971-710-2026050,MARYAN1
PPS972-001-2026010,AMCOOK0
PPS973-001-2026030,SEST271
PPS974-001-2026030,FROMA2
PPS975-001-2026010,ELFLEI4
PPS978-001-2026010,EAU222
PPS979-001-2026030,JAWOOL2
PPS983-001-2026030,MARYAN1
PPS983-002-2026030,MARYAN1
PPS983-003-2026030,MARYAN1
PPS983-004-2026030,MARYAN1
PPS984-730-2026020,ASTAC1
PPS984-730-2026020,MARYAN1
PPS989-001-2026030,DBU227
PPS989-001-2026030,SCO284
PPS990-001-2026030,KBLUM1
PPS991-010-2026050,HSDIVI1
PPS991-010-2026050,JMMORI00
PPS991-010-2026050,TWHEA0
PPS991-011-2026050,HSDIVI1
PPS991-011-2026050,JMMORI00
PPS991-011-2026050,TWHEA0
PPS991-020-2026050,HSDIVI1
PPS991-020-2026050,JMMORI00
PPS991-020-2026050,TWHEA0
PPS991-021-2026050,HSDIVI1
PPS991-021-2026050,JMMORI00
PPS991-021-2026050,TWHEA0
PPS991-030-2026010,HSDIVI1
PPS991-030-2026010,JMMORI00
PPS991-030-2026010,TWHEA0
PPS991-031-2026010,HSDIVI1
PPS991-031-2026010,JMMORI00
PPS991-031-2026010,TWHEA0
PPS991-040-2026010,HSDIVI1
PPS991-040-2026010,JMMORI00
PPS991-040-2026010,TWHEA0
PPS991-041-2026010,HSDIVI1
PPS991-041-2026010,JMMORI00
PPS991-041-2026010,TWHEA0
PPS991-050-2026010,HSDIVI1
PPS991-050-2026010,JMMORI00
PPS991-050-2026010,TWHEA0
PPS991-051-2026010,HSDIVI1
PPS991-051-2026010,JMMORI00
PPS991-051-2026010,TWHEA0
PPS991-060-2026030,HSDIVI1
PPS991-060-2026030,JMMORI00
PPS991-060-2026030,TWHEA0
PPS991-061-2026030,HSDIVI1
PPS991-061-2026030,JMMORI00
PPS991-061-2026030,TWHEA0
PPS991-070-2026030,HSDIVI1
PPS991-070-2026030,JMMORI00
PPS991-070-2026030,TWHEA0
PPS991-071-2026030,HSDIVI1
PPS991-071-2026030,JMMORI00
PPS991-071-2026030,TWHEA0
PPS991-080-2026030,HSDIVI1
PPS991-080-2026030,JMMORI00
PPS991-080-2026030,TWHEA0
PPS991-081-2026030,HSDIVI1
PPS991-081-2026030,JMMORI00
PPS991-081-2026030,TWHEA0
PPS992-010-2026050,HSDIVI1
PPS992-010-2026050,JMMORI00
PPS992-010-2026050,TWHEA0
PPS992-011-2026050,HSDIVI1
PPS992-011-2026050,JMMORI00
PPS992-011-2026050,TWHEA0
PPS992-020-2026050,HSDIVI1
PPS992-020-2026050,JMMORI00
PPS992-020-2026050,TWHEA0
PPS992-021-2026050,HSDIVI1
PPS992-021-2026050,JMMORI00
PPS992-021-2026050,TWHEA0
PPS992-030-2026010,HSDIVI1
PPS992-030-2026010,JMMORI00
PPS992-030-2026010,TWHEA0
PPS992-031-2026010,HSDIVI1
PPS992-031-2026010,JMMORI00
PPS992-031-2026010,TWHEA0
PPS992-040-2026010,HSDIVI1
PPS992-040-2026010,JMMORI00
PPS992-040-2026010,TWHEA0
PPS992-041-2026010,HSDIVI1
PPS992-041-2026010,JMMORI00
PPS992-041-2026010,TWHEA0
PPS992-050-2026010,HSDIVI1
PPS992-050-2026010,JMMORI00
PPS992-050-2026010,TWHEA0
PPS992-051-2026010,HSDIVI1
PPS992-051-2026010,JMMORI00
PPS992-051-2026010,TWHEA0
PPS992-060-2026030,HSDIVI1
PPS992-060-2026030,JMMORI00
PPS992-060-2026030,TWHEA0
PPS992-061-2026030,HSDIVI1
PPS992-061-2026030,JMMORI00
PPS992-061-2026030,TWHEA0
PPS992-070-2026030,HSDIVI1
PPS992-070-2026030,JMMORI00
PPS992-070-2026030,TWHEA0
PPS992-071-2026030,HSDIVI1
PPS992-071-2026030,JMMORI00
PPS992-071-2026030,TWHEA0
PPS992-080-2026030,HSDIVI1
PPS992-080-2026030,JMMORI00
PPS992-080-2026030,TWHEA0
PPS992-081-2026030,HSDIVI1
PPS992-081-2026030,JMMORI00
PPS992-081-2026030,TWHEA0
PPS993-010-2026050,HSDIVI1
PPS993-010-2026050,JMMORI00
PPS993-010-2026050,TWHEA0
PPS993-011-2026050,HSDIVI1
PPS993-011-2026050,JMMORI00
PPS993-011-2026050,TWHEA0
PPS993-020-2026050,HSDIVI1
PPS993-020-2026050,JMMORI00
PPS993-020-2026050,TWHEA0
PPS993-021-2026050,HSDIVI1
PPS993-021-2026050,JMMORI00
PPS993-021-2026050,TWHEA0
PPS993-030-2026010,HSDIVI1
PPS993-030-2026010,JMMORI00
PPS993-030-2026010,TWHEA0
PPS993-031-2026010,HSDIVI1
PPS993-031-2026010,JMMORI00
PPS993-031-2026010,TWHEA0
PPS993-040-2026010,HSDIVI1
PPS993-040-2026010,JMMORI00
PPS993-040-2026010,TWHEA0
PPS993-041-2026010,HSDIVI1
PPS993-041-2026010,JMMORI00
PPS993-041-2026010,TWHEA0
PPS993-050-2026010,HSDIVI1
PPS993-050-2026010,JMMORI00
PPS993-050-2026010,TWHEA0
PPS993-051-2026010,HSDIVI1
PPS993-051-2026010,JMMORI00
PPS993-051-2026010,TWHEA0
PPS993-060-2026030,HSDIVI1
PPS993-060-2026030,JMMORI00
PPS993-060-2026030,TWHEA0
PPS993-061-2026030,HSDIVI1
PPS993-061-2026030,JMMORI00
PPS993-061-2026030,TWHEA0
PPS993-070-2026030,HSDIVI1
PPS993-070-2026030,JMMORI00
PPS993-070-2026030,TWHEA0
PPS993-071-2026030,HSDIVI1
PPS993-071-2026030,JMMORI00
PPS993-071-2026030,TWHEA0
PPS993-080-2026030,HSDIVI1
PPS993-080-2026030,JMMORI00
PPS993-080-2026030,TWHEA0
PPS993-081-2026030,HSDIVI1
PPS993-081-2026030,JMMORI00
PPS993-081-2026030,TWHEA0
PPS994-010-2026050,HSDIVI1
PPS994-010-2026050,JMMORI00
PPS994-010-2026050,TWHEA0
PPS994-011-2026050,HSDIVI1
PPS994-011-2026050,JMMORI00
PPS994-011-2026050,TWHEA0
PPS994-020-2026050,HSDIVI1
PPS994-020-2026050,JMMORI00
PPS994-020-2026050,TWHEA0
PPS994-021-2026050,HSDIVI1
PPS994-021-2026050,JMMORI00
PPS994-021-2026050,TWHEA0
PPS994-030-2026010,HSDIVI1
PPS994-030-2026010,JMMORI00
PPS994-030-2026010,TWHEA0
PPS994-031-2026010,HSDIVI1
PPS994-031-2026010,JMMORI00
PPS994-031-2026010,TWHEA0
PPS994-040-2026010,HSDIVI1
PPS994-040-2026010,JMMORI00
PPS994-040-2026010,TWHEA0
PPS994-041-2026010,HSDIVI1
PPS994-041-2026010,JMMORI00
PPS994-041-2026010,TWHEA0
PPS994-050-2026010,HSDIVI1
PPS994-050-2026010,JMMORI00
PPS994-050-2026010,TWHEA0
PPS994-051-2026010,HSDIVI1
PPS994-051-2026010,JMMORI00
PPS994-051-2026010,TWHEA0
PPS994-060-2026030,HSDIVI1
PPS994-060-2026030,JMMORI00
PPS994-060-2026030,TWHEA0
PPS994-061-2026030,HSDIVI1
PPS994-061-2026030,JMMORI00
PPS994-061-2026030,TWHEA0
PPS994-070-2026030,HSDIVI1
PPS994-070-2026030,JMMORI00
PPS994-070-2026030,TWHEA0
PPS994-071-2026030,HSDIVI1
PPS994-071-2026030,JMMORI00
PPS994-071-2026030,TWHEA0
PPS994-080-2026030,HSDIVI1
PPS994-080-2026030,JMMORI00
PPS994-080-2026030,TWHEA0
PPS994-081-2026030,HSDIVI1
PPS994-081-2026030,JMMORI00
PPS994-081-2026030,TWHEA0
PPS995-010-2026050,HSDIVI1
PPS995-010-2026050,JMMORI00
PPS995-010-2026050,TWHEA0
PPS995-011-2026050,HSDIVI1
PPS995-011-2026050,JMMORI00
PPS995-011-2026050,TWHEA0
PPS995-020-2026050,HSDIVI1
PPS995-020-2026050,JMMORI00
PPS995-020-2026050,TWHEA0
PPS995-021-2026050,HSDIVI1
PPS995-021-2026050,JMMORI00
PPS995-021-2026050,TWHEA0
PPS995-030-2026010,HSDIVI1
PPS995-030-2026010,JMMORI00
PPS995-030-2026010,TWHEA0
PPS995-031-2026010,HSDIVI1
PPS995-031-2026010,JMMORI00
PPS995-031-2026010,TWHEA0
PPS995-040-2026010,HSDIVI1
PPS995-040-2026010,JMMORI00
PPS995-040-2026010,TWHEA0
PPS995-041-2026010,HSDIVI1
PPS995-041-2026010,JMMORI00
PPS995-041-2026010,TWHEA0
PPS995-050-2026010,HSDIVI1
PPS995-050-2026010,JMMORI00
PPS995-050-2026010,TWHEA0
PPS995-051-2026010,HSDIVI1
PPS995-051-2026010,JMMORI00
PPS995-051-2026010,TWHEA0
PPS995-060-2026030,HSDIVI1
PPS995-060-2026030,JMMORI00
PPS995-060-2026030,TWHEA0
PPS995-061-2026030,HSDIVI1
PPS995-061-2026030,JMMORI00
PPS995-061-2026030,TWHEA0
PPS995-070-2026030,HSDIVI1
PPS995-070-2026030,JMMORI00
PPS995-070-2026030,TWHEA0
PPS995-071-2026030,HSDIVI1
PPS995-071-2026030,JMMORI00
PPS995-071-2026030,TWHEA0
PPS995-080-2026030,HSDIVI1
PPS995-080-2026030,JMMORI00
PPS995-080-2026030,TWHEA0
PPS995-081-2026030,HSDIVI1
PPS995-081-2026030,JMMORI00
PPS995-081-2026030,TWHEA0
PPS996-010-2026050,HSDIVI1
PPS996-010-2026050,JMMORI00
PPS996-010-2026050,TWHEA0
PPS996-011-2026050,HSDIVI1
PPS996-011-2026050,JMMORI00
PPS996-011-2026050,TWHEA0
PPS996-020-2026050,HSDIVI1
PPS996-020-2026050,JMMORI00
PPS996-020-2026050,TWHEA0
PPS996-021-2026050,HSDIVI1
PPS996-021-2026050,JMMORI00
PPS996-021-2026050,TWHEA0
PPS996-030-2026010,HSDIVI1
PPS996-030-2026010,JMMORI00
PPS996-030-2026010,TWHEA0
PPS996-031-2026010,HSDIVI1
PPS996-031-2026010,JMMORI00
PPS996-031-2026010,TWHEA0
PPS996-040-2026010,HSDIVI1
PPS996-040-2026010,JMMORI00
PPS996-040-2026010,TWHEA0
PPS996-041-2026010,HSDIVI1
PPS996-041-2026010,JMMORI00
PPS996-041-2026010,TWHEA0
PPS996-050-2026010,HSDIVI1
PPS996-050-2026010,JMMORI00
PPS996-050-2026010,TWHEA0
PPS996-051-2026010,HSDIVI1
PPS996-051-2026010,JMMORI00
PPS996-051-2026010,TWHEA0
PPS996-060-2026030,HSDIVI1
PPS996-060-2026030,JMMORI00
PPS996-060-2026030,TWHEA0
PPS996-061-2026030,HSDIVI1
PPS996-061-2026030,JMMORI00
PPS996-061-2026030,TWHEA0
PPS996-070-2026030,HSDIVI1
PPS996-070-2026030,JMMORI00
PPS996-070-2026030,TWHEA0
PPS996-071-2026030,HSDIVI1
PPS996-071-2026030,JMMORI00
PPS996-071-2026030,TWHEA0
PPS996-080-2026030,HSDIVI1
PPS996-080-2026030,JMMORI00
PPS996-080-2026030,TWHEA0
PPS996-081-2026030,HSDIVI1
PPS996-081-2026030,JMMORI00
PPS996-081-2026030,TWHEA0
PRD120-001-2026010,PMO227
PRD121-001-2026030,VERNON
PRD130-001-2026010,PMO227
PRD131-001-2026030,PMO227
PRD140-001-2026010,JMI231
PRD141-001-2026030,CAHA319
PRD150-001-2026010,SOB229
PRD151-001-2026030,SOB229
PRD220-001-2026010,JMI231
PRD221-001-2026030,PMO227
PRD230-001-2026010,KABA304
PRD231-001-2026030,JCH381
PRD240-001-2026030,KABA304
PRD260-001-2026010,JMI231
PRD320-001-2026010,KABA304
PRD321-001-2026030,JMI231
PRD330-001-2026010,SOB229
PRD360-001-2026010,PMO227
PRD370-001-2026010,SADE244
PRD420-001-2026010,VERNON
PRD421-001-2026030,CAHA319
PRD450-001-2026010,ETCA226
PRD451-001-2026030,JNAD233
PRD500-001-2026010,VERNON
PRD500-001-2026030,CAHA319
PRD500-002-2026030,SOB229
PRD500-003-2026030,JMI231
PRD501-001-2026030,JMI231
PRD501-002-2026030,KABA304
PRD502-001-2026010,JMI231
PRD502-001-2026030,JMI231
PRD502-002-2026030,JMI231
PRO820-001-2026010,GPI222
PRO820-001-2026010,REFU223
PRO820-001-2026010,RFRAZER
PRO820-001-2026010,RSC266
PRO820-001-2026010,SBJO233
PRO820-001-2026010,SDE338
PRO821-001-2026010,KEL239
PRO821-001-2026010,RFRAZER
PRO821-001-2026010,RJWI234
PRO821-001-2026010,VHO225
PRO821-001-2026030,DPBR230
PRO821-001-2026030,RFRAZER
PRO821-001-2026030,RSC266
PRO821-001-2026030,SDE338
PRO821-001-2026030,SFA240
PRO822-001-2026010,GPI222
PRO822-001-2026010,REFU223
PRO822-001-2026010,RFRAZER
PRO822-001-2026010,RSC266
PRO822-001-2026010,SBJO233
PRO822-001-2026010,SDE338
PRO824-001-2026030,CBCL222
PRO824-001-2026030,RFRAZER
PRO824-001-2026030,RSC266
PRO824-001-2026030,SDE338
PRO831-001-2026010,AKU227
PRO831-001-2026010,BJO260
PRO831-001-2026010,CRO235
PRO831-001-2026010,DPBR230
PRO831-001-2026010,GPI222
PRO831-001-2026010,REFU223
PRO831-001-2026010,RFRAZER
PRO831-001-2026010,RSC266
PRO831-001-2026010,SBJO233
PRO831-001-2026010,SDE338
PRO831-001-2026010,SFA240
PRO831-001-2026030,AKU227
PRO831-001-2026030,BJO260
PRO831-001-2026030,CRO235
PRO831-001-2026030,DPBR230
PRO831-001-2026030,GPI222
PRO831-001-2026030,REFU223
PRO831-001-2026030,RFRAZER
PRO831-001-2026030,RSC266
PRO831-001-2026030,SBJO233
PRO831-001-2026030,SDE338
PRO831-001-2026030,SFA240
PRO834-001-2026010,CBCL222
PRO834-001-2026010,GPI222
PRO834-001-2026010,REFU223
PRO834-001-2026010,RSC266
PRO834-001-2026010,SBJO233
PRO834-001-2026010,SDE338
PRO834-001-2026010,SFA240
PRO834-001-2026030,SDE338
PRO836-001-2026010,REFU223
PRO836-001-2026010,SDE338
PRO836-001-2026030,REFU223
PRO836-001-2026030,SDE338
PRO841-001-2026010,AKU227
PRO841-001-2026010,BJO260
PRO841-001-2026010,CRO235
PRO841-001-2026010,DPBR230
PRO841-001-2026010,DWRO228
PRO841-001-2026010,GPI222
PRO841-001-2026010,REFU223
PRO841-001-2026010,RFRAZER
PRO841-001-2026010,RSC266
PRO841-001-2026010,SBJO233
PRO841-001-2026010,SDE338
PRO841-001-2026010,SFA240
PRO841-001-2026030,AKU227
PRO841-001-2026030,BJO260
PRO841-001-2026030,CRO235
PRO841-001-2026030,DPBR230
PRO841-001-2026030,DWRO228
PRO841-001-2026030,GPI222
PRO841-001-2026030,REFU223
PRO841-001-2026030,RFRAZER
PRO841-001-2026030,RSC266
PRO841-001-2026030,SBJO233
PRO841-001-2026030,SDE338
PRO841-001-2026030,SFA240
PS101-001-2026010,DSVOSS
PS101-001-2026010,GOK224
PS101-001-2026030,DSVOSS
PS101-001-2026030,PLWA228
PS101-002-2026010,DSVOSS
PS101-002-2026010,FIAW222
PS101-002-2026030,DSVOSS
PS101-002-2026030,GOK224
PS101-003-2026010,CPBR234
PS101-003-2026010,DSVOSS
PS101-003-2026030,DSVOSS
PS101-003-2026030,MAL518
PS101-004-2026010,DSVOSS
PS101-004-2026010,FIAW222
PS101-004-2026030,DSVOSS
PS101-004-2026030,PLWA228
PS101-005-2026010,DSVOSS
PS101-005-2026010,FIAW222
PS101-005-2026030,DSVOSS
PS101-005-2026030,PLWA228
PS101-006-2026010,CPBR234
PS101-006-2026010,DSVOSS
PS101-006-2026030,DSVOSS
PS101-006-2026030,GOK224
PS101-007-2026010,DSVOSS
PS101-007-2026010,GOK224
PS101-007-2026030,DSVOSS
PS101-007-2026030,MAL518
PS101-008-2026010,DSVOSS
PS101-008-2026010,GOK224
PS101-009-2026010,CPBR234
PS101-009-2026010,DSVOSS
PS101-010-2026010,JJSH247
PS101-010-2026030,AAS275
PS101-011-2026010,MGMA276
PS101-201-2026010,ABA445
PS101-201-2026030,CDRISK2
PS101-201-2026030,MAZI223
PS101-601-2026010,PLY223
PS101-602-2026010,PLY223
PS101-603-2026010,PLY223
PS101-604-2026010,PLY223
PS101-605-2026010,PLY223
PS101-606-2026010,PLY223
PS210-001-2026010,AJO351
PS210-001-2026010,SKED228
PS210-001-2026030,AJO351
PS210-001-2026030,CCA316
PS210-002-2026010,AJO351
PS210-002-2026010,SKED228
PS210-002-2026030,AJO351
PS210-002-2026030,SKED228
PS210-003-2026010,AJO351
PS210-003-2026010,SKED228
PS210-003-2026030,AJO351
PS210-003-2026030,SKED228
PS210-004-2026010,AJO351
PS210-004-2026010,MAL518
PS210-004-2026030,AJO351
PS210-004-2026030,CCA316
PS210-005-2026010,AJO351
PS210-005-2026010,MAL518
PS210-005-2026030,AJO351
PS210-005-2026030,CCA316
PS210-006-2026010,AJO351
PS210-006-2026010,MAL518
PS210-006-2026030,AJO351
PS210-006-2026030,SKED228
PS210-007-2026010,JMPOWE4
PS210-007-2026030,JLGA259
PS230-001-2026010,DSMORE2
PS230-001-2026010,MSA458
PS230-001-2026030,DGDZ222
PS230-001-2026030,DSMORE2
PS230-002-2026010,DGDZ222
PS230-002-2026010,DSMORE2
PS230-002-2026030,DSMORE2
PS230-002-2026030,FIAW222
PS230-003-2026010,DSMORE2
PS230-003-2026010,MSA458
PS230-003-2026030,DGDZ222
PS230-003-2026030,DSMORE2
PS230-004-2026010,DSMORE2
PS230-004-2026010,MSA458
PS230-004-2026030,FIAW222
PS230-005-2026010,DGDZ222
PS230-005-2026010,DSMORE2
PS230-005-2026030,DSMORE2
PS230-005-2026030,FIAW222
PS230-006-2026010,DGDZ222
PS230-006-2026010,DSMORE2
PS230-006-2026030,DGDZ222
PS230-006-2026030,DSMORE2
PS340-001-2026010,PLWA228
PS351-701-2026010,MCJA225
PS351-701-2026030,MCJA225
PS360-001-2026010,JPWEDE2
PS360-001-2026030,JPWEDE2
PS360-002-2026010,POL164
PS360-002-2026030,CSKI230
PS360-003-2026030,POL164
PS360-201-2026010,CDRISK2
PS363-001-2026030,SASA254
PS372-001-2026010,BAKI231
PS372-001-2026030,HRCA231
PS372-002-2026010,SFTU224
PS372-002-2026030,SFTU224
PS372-003-2026010,BAKI231
PS381-001-2026030,JEHA262
PS382-001-2026030,BDE254
PS391-001-2026030,RWATE2
PS391-002-2026010,JLGA259
PS391-002-2026030,PLY223
PS391-003-2026010,CSKI230
PS391-003-2026030,LKHU235
PS391-004-2026030,TMUTE2
PS391-005-2026030,LPE259
PS391-006-2026030,CLTHYN2
PS391-006-2026030,JMPOWE4
PS391-201-2026010,POL164
PS391-201-2026030,ATSM231
PS391-710-2026050,BAKI231
PS399-001-2026030,DSVOSS
PS399-002-2026030,BDE254
PS399-003-2026030,JEHA262
PS399-004-2026030,LKHU235
PS399-005-2026030,AJO351
PS399-006-2026030,BAKI231
PS399-007-2026030,MGMA276
PS399-008-2026030,DSMORE2
PS399-009-2026030,POL164
PS399-010-2026030,RWATE2
PS399-010-2026050,DSVOSS
PS399-011-2026030,JPWEDE2
PS399-012-2026030,MAZI223
PS399-701-2026030,DSVOSS
PS399-702-2026030,DSVOSS
PS399-710-2026050,DSVOSS
PS399-711-2026050,DSVOSS
PS410-001-2026010,BDE254
PS410-001-2026030,BDE254
PS432-001-2026010,DSMORE2
PS437G-001-2026010,JJSH247
PS439G-001-2026030,JEHA262
PS442G-001-2026030,ECSAND2
PS461G-001-2026010,JJSH247
PS463G-001-2026010,JPWEDE2
PS463G-001-2026030,MAZI223
PS465G-001-2026010,MAZI223
PS465G-001-2026030,PLY223
PS465G-002-2026030,PLY223
PS472G-001-2026010,MGMA276
PS476G-001-2026030,MGMA276
PS479-001-2026030,LKHU235
PS484G-001-2026030,RWATE2
PS489G-001-2026010,RWATE2
PS490-001-2026010,CDRISK2
PS490-002-2026030,JEHA262
PS492-001-2026030,DSVOSS
PS572-001-2026010,BDE254
PS620-001-2026010,AJO351
PS672-001-2026030,MGMA276
PS711-001-2026010,RWATE2
PS711-001-2026030,BAKI231
PS731-001-2026030,DSMORE2
PS738-001-2026010,LKHU235
PS756-001-2026030,AJO351
PS757-001-2026030,JPWEDE2
PS767-001-2026030,JPWEDE2
PSC801-001-2026030,JNORTON
PSC815-001-2026030,JNORTON
PSC815-001-2026030,RMAKER2
PSC815-002-2026030,RBSL222
PSC815-003-2026030,JNORTON
PSC825-001-2026010,JNORTON
PSC825-001-2026030,JNORTON
PSC825-001-2026030,RMAKER2
PSC825-002-2026030,RBSL222
PSC825-003-2026030,JNORTON
PSC849-001-2026010,JDHAWT2
PSC849-002-2026010,JDHAWT2
PSC849-003-2026010,JDHAWT2
PSC849-004-2026010,JDHAWT2
PSC849-005-2026010,JDHAWT2
PSC849-006-2026010,JDHAWT2
PSC849-007-2026010,JDHAWT2
PSC869-007-2026030,CMARTIN
PSC869-008-2026030,CMARTIN
PSC869-009-2026030,CMARTIN
PSC890-001-2026010,JNORTON
PSC890-002-2026010,JNORTON
PSC890-003-2026010,JNORTON
PSC890-004-2026010,JNORTON
PSC890-005-2026010,JNORTON
PSC890-006-2026010,JNORTON
PSC931-001-2026010,TBCHEE0
PSC931-002-2026010,TBCHEE0
PSC931-003-2026010,TBCHEE0
PSC931-008-2026030,TBCHEE0
PSC931-009-2026030,TBCHEE0
PSC931-010-2026030,TBCHEE0
PSY100-001-2026010,ABST257
PSY100-001-2026010,GOLDING
PSY100-001-2026030,ANMA316
PSY100-001-2026030,CARCH2
PSY100-001-2026030,RPER223
PSY100-002-2026010,ABST257
PSY100-002-2026010,GOLDING
PSY100-002-2026030,MAKN230
PSY100-002-2026030,MKH240
PSY100-003-2026010,EMSC262
PSY100-003-2026010,GOLDING
PSY100-003-2026030,EMSC262
PSY100-003-2026030,KAMC279
PSY100-004-2026010,ABST257
PSY100-004-2026010,GOLDING
PSY100-005-2026010,EMSC262
PSY100-005-2026010,GOLDING
PSY100-006-2026010,ABST257
PSY100-006-2026010,GOLDING
PSY100-007-2026010,EMSC262
PSY100-007-2026010,GOLDING
PSY100-008-2026010,EMSC262
PSY100-008-2026010,GOLDING
PSY100-009-2026010,CARCH2
PSY100-010-2026010,KMRU247
PSY100-011-2026010,CCO398
PSY100-012-2026010,ADMA296
PSY100-201-2026010,MAKN230
PSY100-201-2026030,CEWORI2
PSY100-201-2026030,DTE230
PSY100-210-2026050,MAKN230
PSY100-211-2026050,CEWORI2
PSY120-001-2026010,CEWORI2
PSY120-001-2026030,CEWORI2
PSY120-001-2026030,SMCO316
PSY120-710-2026050,SESAUE2
PSY160-201-2026010,EASH235
PSY160-201-2026030,EASH235
PSY160-201-2026030,KEBR275
PSY195-001-2026010,AMFRIE0
PSY195-001-2026030,CCO398
PSY195-001-2026030,KGBR235
PSY195-002-2026010,AMFRIE0
PSY195-002-2026030,CCO398
PSY195-002-2026030,KGBR235
PSY195-003-2026010,AMFRIE0
PSY195-003-2026030,CCO398
PSY195-003-2026030,KGBR235
PSY195-004-2026010,CCO398
PSY195-004-2026030,KGBR235
PSY195-004-2026030,MAKN230
PSY195-005-2026030,KGBR235
PSY195-005-2026030,MAKN230
PSY195-006-2026010,CCO398
PSY195-006-2026030,KGBR235
PSY195-006-2026030,MAKN230
PSY195-007-2026010,MAKN230
PSY195-007-2026030,AMFRIE0
PSY195-007-2026030,KGBR235
PSY195-008-2026010,MAKN230
PSY195-008-2026030,AMFRIE0
PSY195-008-2026030,KGBR235
PSY195-009-2026010,MAKN230
PSY195-009-2026030,AMFRIE0
PSY195-009-2026030,KGBR235
PSY195-010-2026010,CCO398
PSY215-001-2026010,KMRU247
PSY215-001-2026010,PTA250
PSY215-001-2026030,KMRU247
PSY215-001-2026030,SGWY224
PSY215-002-2026010,KBU241
PSY215-002-2026010,KMRU247
PSY215-002-2026030,KMRU247
PSY215-002-2026030,TRFA224
PSY215-003-2026010,KBU241
PSY215-003-2026010,KMRU247
PSY215-003-2026030,KMRU247
PSY215-003-2026030,SGWY224
PSY215-004-2026010,KLA333
PSY215-004-2026010,KMRU247
PSY215-004-2026030,KLA333
PSY215-004-2026030,KMRU247
PSY215-005-2026010,KMRU247
PSY215-005-2026010,PTA250
PSY215-005-2026030,KMRU247
PSY215-005-2026030,RLRI237
PSY215-006-2026010,CCO398
PSY215-006-2026010,KLA333
PSY215-006-2026030,KLA333
PSY215-006-2026030,KMRU247
PSY215-007-2026010,CCO398
PSY215-007-2026010,DJAG223
PSY215-007-2026030,DJAG223
PSY215-007-2026030,KMRU247
PSY215-008-2026010,ANJO286
PSY215-008-2026010,CCO398
PSY215-008-2026030,KMRU247
PSY215-008-2026030,TRFA224
PSY215-009-2026010,ANJO286
PSY215-009-2026010,CCO398
PSY215-009-2026030,CCO398
PSY215-009-2026030,DJAG223
PSY215-010-2026010,CCO398
PSY215-010-2026010,DJAG223
PSY215-010-2026030,CCO398
PSY215-010-2026030,PTA250
PSY215-011-2026030,CCO398
PSY215-011-2026030,RLRI237
PSY215-012-2026030,CCO398
PSY215-012-2026030,PTA250
PSY216-001-2026010,MEWA276
PSY216-001-2026010,SAARTH2
PSY216-001-2026030,SAARTH2
PSY216-001-2026030,SJPE255
PSY216-002-2026010,MEWA276
PSY216-002-2026010,SAARTH2
PSY216-002-2026030,SAARTH2
PSY216-002-2026030,SJPE255
PSY216-003-2026010,HLLE224
PSY216-003-2026010,KALE244
PSY216-003-2026030,DNPE224
PSY216-003-2026030,JRBR298
PSY216-004-2026010,HLLE224
PSY216-004-2026010,KALE244
PSY216-004-2026030,DNPE224
PSY216-004-2026030,JRBR298
PSY216-005-2026010,SAARTH2
PSY216-005-2026010,SJPE255
PSY216-006-2026010,SAARTH2
PSY216-006-2026010,SJPE255
PSY216-006-2026030,JSPA257
PSY216-006-2026030,KALE244
PSY216-007-2026010,JSPA257
PSY216-007-2026010,KALE244
PSY216-007-2026030,APZA225
PSY216-007-2026030,HLLE224
PSY216-008-2026010,JSPA257
PSY216-008-2026010,KALE244
PSY216-008-2026030,APZA225
PSY216-008-2026030,HLLE224
PSY216-009-2026010,APZA225
PSY216-009-2026010,TCBE239
PSY216-010-2026010,APZA225
PSY216-010-2026010,TCBE239
PSY216-203-2026030,MLBL253
PSY216-203-2026030,TCBE239
PSY302-001-2026010,KSMCKE00
PSY302-001-2026030,KSMCKE00
PSY310-001-2026010,AMFRIE0
PSY310-001-2026030,ABST257
PSY310-001-2026030,ADMA296
PSY310-002-2026010,ADMA296
PSY310-002-2026030,ABST257
PSY310-002-2026030,ADMA296
PSY312-001-2026010,LSH223
PSY312-001-2026030,JBE222
PSY312-001-2026030,MMSC226
PSY312-002-2026010,JBE222
PSY312-002-2026030,LSH223
PSY312-002-2026030,MEBO234
PSY313-001-2026010,CEWORI2
PSY313-001-2026030,CEWORI2
PSY313-001-2026030,CNPI222
PSY314-001-2026010,AAR292
PSY314-001-2026030,AAR292
PSY314-001-2026030,SKOH222
PSY314-002-2026010,CARCH2
PSY314-002-2026030,ADMA296
PSY314-002-2026030,SKOH222
PSY314-210-2026050,SAARTH2
PSY315-001-2026010,SAARTH2
PSY315-001-2026030,SAARTH2
PSY320-001-2026010,GOLDING
PSY320-001-2026030,ALMO286
PSY320-001-2026030,KSMCKE00
PSY320-002-2026010,KSMCKE00
PSY320-210-2026050,GOLDING
PSY323-001-2026010,MKI241
PSY323-001-2026030,JMBO291
PSY323-001-2026030,MKI241
PSY323-002-2026010,KMRU247
PSY323-201-2026010,CEWORI2
PSY323-201-2026030,GGI234
PSY323-201-2026030,KBMA253
PSY323-201-2026030,KBU241
PSY323-201-2026030,KMRU247
PSY323-210-2026050,KMRU247
PSY324-001-2026010,ADMA296
PSY325-001-2026010,LSH223
PSY325-710-2026050,CCO398
PSY331-001-2026010,JLBURR4
PSY333-001-2026010,CLBA238
PSY333-001-2026030,CARCH2
PSY333-001-2026030,CJPE247
PSY343-001-2026010,MKI241
PSY350-001-2026030,GOLDING
PSY350-001-2026030,TAGU228
PSY375-001-2026010,CKAKIN1
PSY375-003-2026030,FJGR222
PSY375-710-2026050,CLBA238
PSY375-711-2026050,CCO398
PSY393-001-2026030,CKAKIN1
PSY393-002-2026030,MBARDO
PSY393-003-2026030,JBE222
PSY393-004-2026030,MTFILL2
PSY393-005-2026030,PRENDER
PSY393-006-2026030,LSH223
PSY393-008-2026030,APZA225
PSY394-001-2026030,CKAKIN1
PSY394-002-2026030,CARCH2
PSY394-003-2026030,AAR292
PSY394-004-2026030,SAARTH2
PSY394-005-2026030,CLBA238
PSY394-006-2026030,MBARDO
PSY394-007-2026030,JBE222
PSY394-008-2026030,IABO222
PSY394-009-2026030,JRBR298
PSY394-010-2026030,CSBROW6
PSY394-011-2026030,JLBURR4
PSY394-012-2026030,RHFA223
PSY394-013-2026030,MTFILL2
PSY394-014-2026030,AMFRIE0
PSY394-015-2026030,GOLDING
PSY394-016-2026030,JEKA230
PSY394-017-2026030,PSKE222
PSY394-018-2026030,MKI241
PSY394-019-2026030,MST417
PSY394-020-2026030,AWCRAI2
PSY394-021-2026030,CMA373
PSY394-022-2026030,KALE244
PSY394-023-2026030,MMMA245
PSY394-024-2026030,PRENDER
PSY394-025-2026030,SESAUE2
PSY394-026-2026030,PSI242
PSY394-027-2026030,MMDA265
PSY394-028-2026030,WIDIGER
PSY394-029-2026030,APZA225
PSY395-001-2026030,CKAKIN1
PSY395-002-2026030,CARCH2
PSY395-003-2026030,AAR292
PSY395-004-2026030,SAARTH2
PSY395-005-2026030,CLBA238
PSY395-006-2026030,MBARDO
PSY395-007-2026030,JBE222
PSY395-008-2026030,IABO222
PSY395-009-2026030,JRBR298
PSY395-010-2026030,CSBROW6
PSY395-011-2026030,JLBURR4
PSY395-012-2026030,RHFA223
PSY395-013-2026030,MTFILL2
PSY395-014-2026030,AMFRIE0
PSY395-015-2026030,GOLDING
PSY395-016-2026030,JEKA230
PSY395-017-2026030,PSKE222
PSY395-018-2026030,MKI241
PSY395-019-2026030,MLMA263
PSY395-020-2026030,TKLOGAN
PSY395-021-2026030,FJGR222
PSY395-022-2026030,KALE244
PSY395-023-2026030,MMMA245
PSY395-024-2026030,PRENDER
PSY395-025-2026030,SESAUE2
PSY395-026-2026030,PSI242
PSY395-027-2026030,MST417
PSY395-028-2026030,JHHA232
PSY395-029-2026030,MMDA265
PSY395-030-2026030,APZA225
PSY399-001-2026030,ALBI233
PSY399-002-2026030,PSI242
PSY399-003-2026030,SAARTH2
PSY399-004-2026030,MKI241
PSY399-005-2026030,MAKN230
PSY399-006-2026030,FJGR222
PSY399-007-2026030,AAR292
PSY399-008-2026030,KSMCKE00
PSY399-009-2026030,CARCH2
PSY399-010-2026030,LSH223
PSY399-011-2026030,JLBURR4
PSY440-001-2026030,AMLE289
PSY440-001-2026030,KALE244
PSY456-001-2026010,MBARDO
PSY456-001-2026010,MLBL253
PSY456-002-2026010,MBARDO
PSY456-002-2026010,MLBL253
PSY459-001-2026010,PRENDER
PSY459-001-2026030,CCO398
PSY459-001-2026030,MEWA276
PSY459-002-2026030,PRENDER
PSY495-001-2026010,PSI242
PSY496-001-2026030,CMA373
PSY499-001-2026010,CMA373
PSY499-002-2026010,CMA373
PSY499-003-2026010,CLBA238
PSY499-003-2026030,AMFRIE0
PSY534-001-2026010,MMDA265
PSY535-001-2026010,MAKN230
PSY535-001-2026030,MAKN230
PSY561-001-2026010,WIDIGER
PSY561-001-2026030,MDIENER
PSY561-002-2026030,MST417
PSY561-003-2026030,WIDIGER
PSY562-001-2026030,GOLDING
PSY562-001-2026030,TAGU228
PSY563-001-2026010,PSKE222
PSY563-001-2026030,ALMO286
PSY563-001-2026030,RHFA223
PSY563-002-2026010,PSI242
PSY564-001-2026010,JBE222
PSY564-001-2026030,JBE222
PSY565-001-2026010,CKAKIN1
PSY565-002-2026030,CKAKIN1
PSY565-003-2026030,APZA225
PSY566-001-2026010,CMA373
PSY566-001-2026030,JRBR298
PSY566-002-2026010,JRBR298
PSY566-002-2026030,CMA373
PSY566-003-2026010,KSMCKE00
PSY566-003-2026030,SAARTH2
PSY566-004-2026030,KSMCKE00
PSY603-001-2026010,WIDIGER
PSY610-001-2026010,CFI258
PSY610-001-2026010,PSKE222
PSY611-001-2026030,KEFI231
PSY611-001-2026030,PSKE222
PSY616-001-2026030,CLBA238
PSY625-001-2026010,RHFA223
PSY627-001-2026030,CKAKIN1
PSY629-001-2026010,MDIENER
PSY630-001-2026010,KRTA233
PSY630-001-2026010,MST417
PSY631-001-2026010,KRTA233
PSY631-001-2026010,MST417
PSY632-001-2026030,KRTA233
PSY632-001-2026030,MMDA265
PSY633-001-2026030,KRTA233
PSY633-001-2026030,MMDA265
PSY636-001-2026010,MDIENER
PSY637-001-2026010,SESAUE2
PSY637-001-2026030,ENRI224
PSY637-002-2026010,MDIENER
PSY637-002-2026030,ALBI233
PSY637-003-2026010,ENRI224
PSY637-003-2026030,MDIENER
PSY637-004-2026010,ALBI233
PSY637-004-2026030,COHO223
PSY639-003-2026030,CLBA238
PSY639-010-2026050,ALBI233
PSY708-001-2026030,JLBURR4
PSY708-010-2026050,JLBURR4
PSY710-001-2026010,FJGR222
PSY710-001-2026030,MMMA245
PSY710-002-2026030,WIDIGER
PSY748-001-2026030,MMMA245
PSY757-001-2026030,MBARDO
PSY766-001-2026030,MTFILL2
PSY767-001-2026030,AAR292
PSY767-002-2026030,MBARDO
PSY767-003-2026030,CLBA238
PSY767-004-2026030,JBE222
PSY767-005-2026030,JRBR298
PSY767-006-2026030,JLBURR4
PSY767-007-2026030,RHFA223
PSY767-008-2026030,MTFILL2
PSY767-009-2026030,GOLDING
PSY767-010-2026030,JHU364
PSY767-011-2026030,JEKA230
PSY767-012-2026030,MKI241
PSY767-013-2026030,PSKE222
PSY767-014-2026030,CMA373
PSY767-015-2026030,MMMA245
PSY767-016-2026030,KALE244
PSY767-017-2026030,PRENDER
PSY767-018-2026030,SESAUE2
PSY767-019-2026030,PSI242
PSY767-021-2026030,WIDIGER
PSY767-022-2026030,JALILE2
PSY768-001-2026030,MMMA245
PSY780-001-2026010,ALBI233
PSY780-001-2026030,ALBI233
PSY780-002-2026030,PSKE222
PSY780-003-2026030,JLBURR4
PSY780-004-2026030,RHFA223
PSY790-001-2026030,WWSTOO0
PSY790-002-2026030,MBARDO
PSY790-003-2026030,CLBA238
PSY790-004-2026030,JBE222
PSY790-005-2026030,JRBR298
PSY790-006-2026030,CSBROW6
PSY790-007-2026030,JLBURR4
PSY790-008-2026030,RHFA223
PSY790-009-2026030,MTFILL2
PSY790-010-2026030,AAR292
PSY790-011-2026030,JHU364
PSY790-012-2026030,JEKA230
PSY790-013-2026030,PSKE222
PSY790-014-2026030,MKI241
PSY790-015-2026030,JALILE2
PSY790-016-2026030,CMA373
PSY790-017-2026030,KALE244
PSY790-018-2026030,MMMA245
PSY790-019-2026030,PRENDER
PSY790-020-2026030,SESAUE2
PSY790-021-2026030,PSI242
PSY790-023-2026030,WIDIGER
PSY790-024-2026030,APZA225
PT801-001-2026010,NFJOHN2
PT801-501-2026010,NFJOHN2
PT802-001-2026010,AMST245
PT802-001-2026010,KME284
PT802-501-2026010,AMST245
PT802-501-2026010,KME284
PT803-201-2026010,RPMCGU0
PT803-501-2026010,RPMCGU0
PT804-201-2026010,DOD225
PT804-501-2026010,DOD225
PT805-001-2026030,CRHAZL00
PT805-001-2026030,NFJOHN2
PT805-501-2026030,CRHAZL00
PT805-501-2026030,MLHI224
PT805-501-2026030,NFJOHN2
PT806-010-2026050,KME284
PT806-510-2026050,KME284
PT808-201-2026010,NFJOHN2
PT808-201-2026010,PHKITZ1
PT808-501-2026010,NFJOHN2
PT808-501-2026010,PHKITZ1
PT814-001-2026030,DGKELL1
PT814-001-2026030,HLFRIZ2
PT814-001-2026030,KME284
PT814-001-2026030,MAHEAB2
PT814-001-2026030,MLCAUD3
PT814-501-2026030,DGKELL1
PT814-501-2026030,HLFRIZ2
PT814-501-2026030,KME284
PT814-501-2026030,MLCAUD3
PT815-010-2026050,CLGO223
PT815-010-2026050,DGKELL1
PT815-010-2026050,HLFRIZ2
PT815-010-2026050,MLCAUD3
PT815-010-2026050,MLHI224
PT815-510-2026050,CLGO223
PT815-510-2026050,DGKELL1
PT815-510-2026050,HLFRIZ2
PT815-510-2026050,MLCAUD3
PT815-510-2026050,MLHI224
PT821-010-2026050,DGKELL1
PT821-010-2026050,MAHEAB2
PT821-510-2026050,DGKELL1
PT821-510-2026050,MAHEAB2
PT821-510-2026050,RCA224
PT825-201-2026010,SCL256
PT825-501-2026010,SCL256
PT826-201-2026010,DGKELL1
PT826-501-2026010,DGKELL1
PT828-001-2026030,KME284
PT828-001-2026030,MLCAUD3
PT828-501-2026030,KME284
PT828-501-2026030,MLCAUD3
PT830-010-2026050,CRHAZL00
PT830-010-2026050,RPMCGU0
PT830-510-2026050,CRHAZL00
PT830-510-2026050,RPMCGU0
PT834-201-2026010,PPA302
PT834-201-2026010,RCA224
PT834-501-2026010,RCA224
PT835-001-2026010,HLFRIZ2
PT835-001-2026010,KALYNC00
PT835-010-2026050,KALYNC00
PT835-501-2026010,HLFRIZ2
PT835-501-2026010,KALYNC00
PT835-510-2026050,KALYNC00
PT836-001-2026030,HLFRIZ2
PT836-001-2026030,KALYNC00
PT836-501-2026030,HLFRIZ2
PT836-501-2026030,KALYNC00
PT837-001-2026010,HLFRIZ2
PT837-001-2026010,KALYNC00
PT837-010-2026050,KALYNC00
PT837-501-2026010,HLFRIZ2
PT837-501-2026010,KALYNC00
PT837-510-2026050,KALYNC00
PT838-001-2026010,HLFRIZ2
PT838-001-2026010,KALYNC00
PT838-010-2026050,HLFRIZ2
PT838-010-2026050,KALYNC00
PT838-501-2026010,HLFRIZ2
PT838-501-2026010,KALYNC00
PT838-510-2026050,HLFRIZ2
PT838-510-2026050,KALYNC00
PT839-001-2026010,HLFRIZ2
PT839-001-2026010,KALYNC00
PT839-001-2026030,HLFRIZ2
PT839-001-2026030,KALYNC00
PT839-010-2026050,HLFRIZ2
PT839-010-2026050,KALYNC00
PT839-501-2026010,HLFRIZ2
PT839-501-2026010,KALYNC00
PT839-501-2026030,HLFRIZ2
PT839-501-2026030,KALYNC00
PT839-510-2026050,HLFRIZ2
PT839-510-2026050,KALYNC00
PT840-001-2026010,HLFRIZ2
PT840-001-2026010,KALYNC00
PT840-001-2026030,KALYNC00
PT840-010-2026050,HLFRIZ2
PT840-010-2026050,KALYNC00
PT840-501-2026010,HLFRIZ2
PT840-501-2026010,KALYNC00
PT840-510-2026050,HLFRIZ2
PT840-510-2026050,KALYNC00
PT844-001-2026030,CLGO223
PT844-001-2026030,DOD225
PT844-501-2026030,CLGO223
PT844-501-2026030,DOD225
PT844-501-2026030,MLCAUD3
PT845-001-2026030,DOD225
PT845-001-2026030,HLFRIZ2
PT845-501-2026030,DOD225
PT845-501-2026030,HLFRIZ2
PT846-201-2026010,DOD225
PT846-201-2026010,KALYNC00
PT846-501-2026010,DOD225
PT846-501-2026010,KALYNC00
PT848-201-2026010,CLGO223
PT848-501-2026010,CLGO223
PT850-001-2026030,CRHAZL00
PT850-001-2026030,DGKELL1
PT850-001-2026030,KALYNC00
PT850-501-2026030,CRHAZL00
PT850-501-2026030,DGKELL1
PT850-501-2026030,KALYNC00
PT851-201-2026010,CRHAZL00
PT851-201-2026010,GKVA222
PT851-201-2026010,PPA302
PT851-501-2026010,CRHAZL00
PT851-501-2026010,MLHI224
PT851-501-2026010,PPA302
PT852-001-2026030,CRHAZL00
PT852-001-2026030,MCGR228
PT852-001-2026030,RPMCGU0
PT852-501-2026030,CRHAZL00
PT852-501-2026030,RPMCGU0
PT853-201-2026010,CRHAZL00
PT853-201-2026010,GKVA222
PT853-201-2026010,RPMCGU0
PT853-501-2026010,CRHAZL00
PT853-501-2026010,MLHI224
PT853-501-2026010,RPMCGU0
PT854-201-2026010,AMST245
PT854-201-2026010,DGKELL1
PT854-201-2026010,KME284
PT854-501-2026010,AMST245
PT854-501-2026010,DGKELL1
PT854-501-2026010,KME284
PT856-010-2026050,MLHI224
PT856-010-2026050,RCA224
PT856-010-2026050,RPMCGU0
PT856-510-2026050,MLHI224
PT856-510-2026050,RCA224
PT860-001-2026030,CLGO223
PT860-001-2026030,RCA224
PT860-501-2026030,CLGO223
PT860-501-2026030,RCA224
PT866-001-2026030,SCL256
PT866-501-2026030,SCL256
PT867-010-2026050,MCGR228
PT867-510-2026050,MCGR228
PT876-201-2026010,GKVA222
PT876-201-2026010,RPMCGU0
PT876-501-2026010,RPMCGU0
PT877-010-2026050,KME284
PT877-010-2026050,MAHEAB2
PT877-510-2026050,KME284
PT877-510-2026050,MAHEAB2
PT877-510-2026050,MLCAUD3
PT886-001-2026010,DOD225
PT886-001-2026030,CLGO223
PT886-002-2026010,PPA302
PT886-002-2026030,RCA224
PT886-003-2026030,DGKELL1
PT886-004-2026030,PPA302
PT886-010-2026050,PHKITZ1
PT886-011-2026050,NFJOHN2
PT886-012-2026050,KALYNC00
PT886-013-2026050,DOD225
PT886-014-2026050,PHKITZ1
PT886-015-2026050,PPA302
PT886-016-2026050,PPA302
PT886-017-2026050,DOD225
PT886-018-2026050,KALYNC00
PT886-019-2026050,KALYNC00
PT886-501-2026030,CLGO223
PT886-502-2026010,PPA302
PT886-502-2026030,RCA224
PT886-503-2026030,DGKELL1
PT886-504-2026030,PPA302
PT886-510-2026050,PHKITZ1
PT886-511-2026050,NFJOHN2
PT886-512-2026050,KALYNC00
PT886-513-2026050,DOD225
PT886-514-2026050,PHKITZ1
PT886-515-2026050,PPA302
PT886-516-2026050,PPA302
PT886-517-2026050,DOD225
PT886-518-2026050,KALYNC00
PT886-519-2026050,KALYNC00
PT887-201-2026010,CLGO223
PT887-201-2026010,RCA224
PT887-501-2026010,CLGO223
PT887-501-2026010,RCA224
PT888-001-2026010,RCA224
PT888-001-2026030,CLGO223
PT888-001-2026030,RCA224
PT888-501-2026030,CLGO223
PT888-501-2026030,RCA224
PT890-010-2026050,PPA302
PT890-510-2026050,PPA302
PT895-001-2026030,DGKELL1
PT895-501-2026030,PHKITZ1
PVM201-001-2026030,AAMC264
PVM201-201-2026030,KSKE224
PVM209-201-2026010,AAMC264
PVM209-201-2026030,AAMC264
PYD600-201-2026010,MMAINS
PYD610-201-2026010,CSTAMPER
PYD620-201-2026030,RENO226
RAS472G-001-2026010,DPO246
RAS545-001-2026030,DACH228
RAS546-001-2026010,DACH228
RAS546-001-2026010,ELJJ
RAS601-001-2026030,ELJJ
RAS647-001-2026030,JNZH222
RAS648-001-2026010,GYGE222
RAS648-001-2026010,JNZH222
RAS649-001-2026030,ELJJ
RAS650-001-2026030,WLU224
RAS651-001-2026010,TAPAIN0
RAS695-001-2026010,DACH228
RAS695-001-2026010,DPO246
RAS695-001-2026010,ELJJ
RAS695-001-2026010,SMGE223
RAS695-001-2026010,WLU224
RAS695-001-2026030,DACH228
RAS695-001-2026030,ELJJ
RAS695-001-2026030,SMGE223
RAS695-001-2026030,WLU224
RAS710-001-2026010,DACH228
RAS711-001-2026010,ALIMEIG
RAS711-001-2026010,PAHARD2
RAS711-001-2026010,WLU224
RAS711-001-2026030,ALIMEIG
RAS711-001-2026030,WLU224
RAS757-001-2026010,DPO246
RAS757-001-2026010,WLU224
RAS767-001-2026010,JNZH222
RAS767-001-2026030,JNZH222
RAS767-002-2026010,DPO246
RAS767-002-2026030,DPO246
RAS767-003-2026010,WLU224
RAS767-003-2026030,WLU224
RAS767-004-2026010,QCH238
RAS849-001-2026010,DPO246
RAS849-001-2026030,DACH228
RBM815-001-2026030,EEERLA2
RBM825-001-2026030,EEERLA2
RBM850-002-2026010,SSALL0
RBM850-003-2026010,SSALL0
RBM850-004-2026010,SSALL0
RBM850-005-2026010,SSALL0
RBM850-006-2026010,SSALL0
RHB625-001-2026010,CFR223
RHB625-001-2026030,CFR223
RHB680-001-2026010,NHE232
RHB714-001-2026030,KKO238
RHB714-201-2026030,KKO238
RHB720-001-2026010,EEDUPO2
RHB720-001-2026010,JDU291
RHB720-001-2026010,KKO238
RHB720-201-2026010,EEDUPO2
RHB720-201-2026010,JDU291
RHB720-201-2026010,KKO238
RHB730-210-2026050,JLO229
RHB730-210-2026050,MEALLE2
RHB731-201-2026010,JLO229
RHB732-201-2026030,JLO229
RHB757-001-2026030,EEDUPO2
RHB767-001-2026030,EEDUPO2
RHB767-010-2026050,EEDUPO2
RHB771-001-2026030,PHKITZ1
RHB771-201-2026030,PHKITZ1
RHB772-001-2026010,EEDUPO2
RHB772-201-2026010,EEDUPO2
RHB773-001-2026010,TBUTTE2
RHB773-201-2026010,TBUTTE2
RHB775-001-2026030,CFR223
RHB775-001-2026030,TBUTTE2
RHB775-201-2026030,CFR223
RHB775-201-2026030,TBUTTE2
RHB787-001-2026030,EEDUPO2
RHB787-010-2026050,EEDUPO2
RHB787-201-2026030,EEDUPO2
RHB787-210-2026050,EEDUPO2
RHB788-001-2026030,EEDUPO2
RHB788-010-2026050,EEDUPO2
RHB788-201-2026030,EEDUPO2
RHB788-210-2026050,EEDUPO2
RHB789-001-2026030,EEDUPO2
RHB789-010-2026050,EEDUPO2
RHB789-201-2026030,EEDUPO2
RHB789-210-2026050,EEDUPO2
RM545-001-2026030,DACH228
RM546-001-2026010,DACH228
RM648-001-2026010,GYGE222
RM660-001-2026010,SMGE223
RM660-001-2026030,SMGE223
RM660-002-2026010,SMGE223
RM660-002-2026030,SMGE223
RM660-003-2026010,WLU224
RM660-003-2026030,WLU224
RM660-004-2026010,ALIMEIG
RM660-004-2026030,ALIMEIG
RM660-005-2026010,ELJJ
RM660-005-2026030,ELJJ
RM660-006-2026010,JNZH222
RM660-020-2026050,ELJJ
RM660-020-2026050,SMGE223
RM660-021-2026050,ELJJ
RM660-021-2026050,WLU224
RM660-022-2026050,ALIMEIG
RM660-022-2026050,ELJJ
RM660-023-2026050,GYGE222
RM740-001-2026010,WLU224
RM842-001-2026030,MEBE252
RM852-001-2026010,MKUDR0
RM852-002-2026010,MKUDR0
RM852-003-2026010,MKUDR0
RM852-004-2026010,MKUDR0
RM852-005-2026010,MKUDR0
RM852-006-2026010,MKUDR0
RS330-001-2026010,PRO264
RSD810-001-2026010,DCGRAV3
RSD810-001-2026010,EBERT2
RSD810-001-2026010,HWRO223
RSD810-001-2026010,IFE230
RSD810-001-2026010,MDI274
RSD810-001-2026010,MSADL2
RSD810-001-2026010,SST300
RSD811-001-2026010,DCGRAV3
RSD811-001-2026010,EBERT2
RSD811-001-2026010,GZOLL
RSD811-001-2026010,IFE230
RSD811-001-2026010,RPSTOS0
RSD811-001-2026010,WBCO222
RSD812-001-2026010,DCGRAV3
RSD812-001-2026010,EBERT2
RSD812-001-2026010,IFE230
RSD812-001-2026010,MSADL2
RSD812-001-2026010,RPSTOS0
RSD812-001-2026010,SST300
RSD812-001-2026010,WBCO222
RSD813-001-2026010,HNA226
RSD814-001-2026030,DCGRAV3
RSD814-001-2026030,EBERT2
RSD814-001-2026030,IFE230
RSD814-001-2026030,MDI274
RSD814-001-2026030,MSADL2
RSD814-001-2026030,RPSTOS0
RSD821-001-2026010,DCGRAV3
RSD821-001-2026010,DJHA265
RSD821-001-2026010,EBERT2
RSD821-001-2026010,HNA226
RSD821-001-2026010,IFE230
RSD821-001-2026010,SRO323
RSD821-001-2026010,SST300
RSD821-001-2026010,WBCO222
RSD821-001-2026030,DCGRAV3
RSD821-001-2026030,DJHA265
RSD821-001-2026030,EBERT2
RSD821-001-2026030,HNA226
RSD821-001-2026030,IFE230
RSD821-001-2026030,SRO323
RSD821-001-2026030,SST300
RSD821-001-2026030,WBCO222
RSD822-001-2026030,DCGRAV3
RSD822-001-2026030,EBERT2
RSD822-001-2026030,IFE230
RSD822-001-2026030,MSADL2
RSD822-001-2026030,RPSTOS0
RSD822-001-2026030,SST300
RSD823-001-2026010,EBERT2
RSD823-001-2026010,HNA226
RSD823-001-2026010,IFE230
RSD823-001-2026010,MDI274
RSD823-001-2026010,MSADL2
RSD823-001-2026010,SJAL238
RSD823-001-2026010,SST300
RSD824-001-2026010,EBERT2
RSD824-001-2026010,HNA226
RSD824-001-2026010,IFE230
RSD824-001-2026010,MDI274
RSD824-001-2026010,MSADL2
RSD824-001-2026010,SJAL238
RSD824-001-2026010,SST300
RSD825-001-2026030,DCGRAV3
RSD825-001-2026030,EBERT2
RSD825-001-2026030,HNA226
RSD825-001-2026030,IFE230
RSD825-001-2026030,MDI274
RSD825-001-2026030,MSADL2
RSD826-001-2026030,DCGRAV3
RSD826-001-2026030,EBERT2
RSD826-001-2026030,HNA226
RSD826-001-2026030,IFE230
RSD826-001-2026030,MDI274
RSD826-001-2026030,MSADL2
RSD831-001-2026010,DCGRAV3
RSD831-001-2026010,DJHA265
RSD831-001-2026010,EBERT2
RSD831-001-2026010,HFHO223
RSD831-001-2026010,HNA226
RSD831-001-2026010,HWRO223
RSD831-001-2026010,IFE230
RSD831-001-2026010,MSADL2
RSD831-001-2026010,PCASK2
RSD831-001-2026010,SJAL238
RSD831-001-2026010,SRO323
RSD831-001-2026010,SST300
RSD831-001-2026030,DCGRAV3
RSD831-001-2026030,DJHA265
RSD831-001-2026030,EBERT2
RSD831-001-2026030,HFHO223
RSD831-001-2026030,HNA226
RSD831-001-2026030,HWRO223
RSD831-001-2026030,IFE230
RSD831-001-2026030,MSADL2
RSD831-001-2026030,SJAL238
RSD831-001-2026030,SRO323
RSD831-001-2026030,SST300
RSD835-001-2026030,HNA226
RSD835-001-2026030,IFE230
RSD835-001-2026030,SST300
RSD835-001-2026030,WBCO222
RSD840-001-2026010,ASWR223
RSD840-001-2026010,DRAY2
RSD840-001-2026010,HNA226
RSD840-001-2026010,KAHA232
RSD840-001-2026030,ASWR223
RSD840-001-2026030,HNA226
RSD840-001-2026030,KAHA232
RSD841-001-2026010,ASWR223
RSD841-001-2026010,CBCL222
RSD841-001-2026010,HNA226
RSD841-001-2026010,KAHA232
RSD841-001-2026010,KBHOUR2
RSD841-001-2026010,NGO253
RSD841-001-2026010,SBWI222
RSD841-001-2026030,ASWR223
RSD841-001-2026030,CBCL222
RSD841-001-2026030,HNA226
RSD841-001-2026030,KAHA232
RSD841-001-2026030,KBHOUR2
RSD841-001-2026030,NGO253
RSD841-001-2026030,SBWI222
RSD880-001-2026010,SST300
RSD880-001-2026010,WBCO222
RSD880-001-2026030,SST300
RSD880-001-2026030,WBCO222
RSD883-001-2026030,KAHA232
RTM101-001-2026010,MLEE6
RTM340-201-2026010,RME247
RTM345-201-2026010,YLU232
RTM345-201-2026030,YLU232
RTM425-001-2026010,YKA251
RTM425-001-2026030,YKA251
RTM499-001-2026030,RME247
RTM499-002-2026030,RME247
RTM499-210-2026050,RME247
RTM499-211-2026050,RME247
RTM499-701-2026030,RME247
RTM499-710-2026050,RME247
RTM600-201-2026010,HETLIZ
RTM650-201-2026030,RCA253
RTM690-010-2026050,YLU232
RTM690-210-2026050,YLU232
RTM748-010-2026050,HETLIZ
RTM748-011-2026050,SCWESL2
RTM748-012-2026050,JRSW222
RTM768-010-2026050,HETLIZ
RTM768-011-2026050,SCWESL2
RUS101-001-2026010,ESLEE
RUS101-401-2026010,AVVOSK2
RUS102-401-2026030,AVVOSK2
RUS201-001-2026010,MTBL226
RUS202-001-2026030,AVVOSK2
RUS275-001-2026010,MTBL226
RUS301-001-2026010,AVVOSK2
RUS302-001-2026030,AVVOSK2
RUS370-001-2026030,JROUHIE
RUS371-001-2026010,ESLEE
RUS371-001-2026030,ESLEE
RUS395-001-2026010,AVVOSK2
RUS395-001-2026030,ESLEE
RUS395-002-2026010,MTBL226
RUS395-002-2026030,MTBL226
RUS395-003-2026010,ESLEE
RUS395-003-2026030,AVVOSK2
RUS420G-001-2026030,ESLEE
RUS420G-002-2026010,ESLEE
RUS495G-001-2026010,ESLEE
RUS495G-001-2026030,ESLEE
RUS495G-002-2026030,ESLEE
SAG210-001-2026010,KLJA223
SAG210-201-2026030,PCO277
SAG310-001-2026010,ALMEYE2
SAG310-201-2026030,PCO277
SAG386-001-2026010,DVS
SAG386-001-2026010,TPHILLIP
SAG386-002-2026010,DVS
SAG386-002-2026010,TPHILLIP
SAG390-001-2026030,ERHA235
SAG397-001-2026010,KDDU223
SAG416G-001-2026010,ERHA235
SAG490-001-2026030,KLJA223
SAG490-001-2026030,PCO277
SAG497-010-2026050,KDDU223
SCE610-001-2026010,GER225
SCE610-201-2026010,GER225
SCE631-001-2026030,TGGROL00
SCE631-201-2026030,TGGROL00
SCE635-201-2026010,NLSE225
SCE635-401-2026010,NLSE225
SEM110-001-2026030,SAL251
SEM320-201-2026030,JWI229
SEM328-001-2026010,ESOR223
SEM328-001-2026010,RLMCNA2
SEM328-001-2026030,ESOR223
SEM328-001-2026030,RLMCNA2
SEM328-002-2026010,ESOR223
SEM328-002-2026010,RLMCNA2
SEM328-002-2026030,RLMCNA2
SEM328-003-2026010,LXI226
SEM337-001-2026010,JNTHOM0
SEM337-001-2026030,JAHI260
SEM337-002-2026010,CMJO236
SEM337-002-2026010,EVJO223
SEM337-002-2026030,JAHI260
SEM337-002-2026030,MDSA229
SEM337-003-2026010,JAHI260
SEM345-001-2026030,BKSA232
SEM348-001-2026030,LXI226
SEM348-001-2026030,MEBE287
SEM395-001-2026030,LXI226
SEM421-001-2026030,SKRIFF2
SEM422-002-2026010,LRKR224
SEM423-201-2026030,LRKR224
SEM423-701-2026030,LRKR224
SEM435-001-2026030,LRKR224
SEM435-701-2026030,SAL251
SEM445-001-2026010,LRKR224
SEM448-001-2026010,LXI226
SEM575-001-2026030,BKSA232
SEM603-201-2026010,JWI229
SEM610-201-2026010,SAL251
SEM621-010-2026050,SAL251
SEM631-001-2026010,LRKR224
SEM634-001-2026010,SAL251
SEM706-201-2026030,JNTHOM0
SEM708-201-2026030,LXI226
SEM746-201-2026030,LRKR224
SEM746-202-2026030,LRKR224
SEM748-001-2026030,RLMCNA2
SEM748-002-2026010,MFI223
SEM748-002-2026030,JNTHOM0
SEM748-003-2026010,CMJO236
SEM748-004-2026010,RLMCNA2
SEM757-001-2026010,JWI229
SEM757-001-2026030,JWI229
SEM757-002-2026030,LXI226
SEM767-002-2026010,CMJO236
SEM767-002-2026030,CMJO236
SEM767-003-2026030,SAL251
SEM767-004-2026010,RLMCNA2
SEM767-004-2026030,RLMCNA2
SEM767-005-2026010,JWI229
SEM767-005-2026030,JWI229
SEM767-006-2026010,SAL251
SEM767-006-2026030,XMA2
SEM767-007-2026010,JNTHOM0
SEM767-007-2026030,JNTHOM0
SEM781-001-2026010,JWI229
SEM781-001-2026030,LXI226
SEM781-002-2026010,SAL251
SEM781-002-2026030,SAL251
SEM781-003-2026030,JNTHOM0
SEM781-004-2026010,LXI226
SEM781-010-2026050,RLMCNA2
SEM781-011-2026050,MMOHR2
SFS790-001-2026030,DJGO227
SFS790-001-2026030,KLJA223
SOC101-001-2026010,JAPA293
SOC101-001-2026010,MRKE259
SOC101-001-2026030,MAZA226
SOC101-002-2026010,JAPA293
SOC101-002-2026010,MRKE259
SOC101-002-2026030,CMRE271
SOC101-003-2026010,CMRE271
SOC101-003-2026030,ABNE233
SOC101-201-2026010,ABNE233
SOC101-201-2026030,KMFO229
SOC101-202-2026010,JMCA256
SOC101-202-2026030,KMFO229
SOC101-210-2026050,DLWA249
SOC101-211-2026050,CUEM222
SOC235-001-2026030,CUEM222
SOC235-002-2026010,MEHA319
SOC235-002-2026030,MEHA319
SOC235-201-2026010,KMFO229
SOC235-201-2026030,JARO249
SOC235-202-2026010,KMFO229
SOC235-210-2026050,JARO249
SOC235-211-2026050,DLA260
SOC255-001-2026010,CVBR226
SOC255-001-2026010,KEDI227
SOC255-001-2026030,CVBR226
SOC255-201-2026010,EODA225
SOC255-201-2026010,JAPA293
SOC255-201-2026030,ABA423
SOC255-201-2026030,JAPA293
SOC302-001-2026010,CMHU225
SOC302-001-2026010,HBEV223
SOC302-001-2026030,JTBR243
SOC302-002-2026010,CMHU225
SOC302-002-2026010,HBEV223
SOC303-001-2026010,JPST224
SOC303-001-2026030,JPST224
SOC304-001-2026010,JARO249
SOC304-001-2026030,EWMO222
SOC304-201-2026030,CRE227
SOC334-001-2026010,MAZA226
SOC335-001-2026030,JKCHAH2
SOC338-001-2026010,CUEM222
SOC339-001-2026030,JAPA293
SOC339-002-2026010,NAGA237
SOC339-002-2026010,RELA240
SOC339-201-2026010,NAGA237
SOC339-201-2026010,RELA240
SOC339-201-2026030,JMCA256
SOC339-210-2026050,MKH264
SOC350-001-2026030,DLWA249
SOC350-002-2026010,MAZA226
SOC350-002-2026030,MAZA226
SOC350-003-2026030,CVBR226
SOC350-201-2026030,CLEED2
SOC350-401-2026010,CLEED2
SOC352-201-2026010,CMHU225
SOC352-201-2026030,JAPA293
SOC355-201-2026010,JAPA293
SOC355-201-2026030,JAPA293
SOC355-210-2026050,JAPA293
SOC360-001-2026010,MSCR233
SOC360-001-2026030,MSCR233
SOC360-210-2026050,MSCR233
SOC380-001-2026010,KTANAKA
SOC395-001-2026010,LLAS222
SOC395-001-2026030,LLAS222
SOC395-002-2026010,ABA423
SOC395-002-2026030,ABA423
SOC395-003-2026010,JTBR243
SOC395-003-2026030,JTBR243
SOC395-004-2026010,RLBR237
SOC395-004-2026030,RLBR237
SOC395-005-2026010,CMHU225
SOC395-005-2026030,KSEN223
SOC395-006-2026010,ASLIBE2
SOC395-006-2026030,CMHU225
SOC395-007-2026010,KSEN223
SOC395-007-2026030,RELA240
SOC395-008-2026010,ASLIBE2
SOC395-008-2026030,ASLIBE2
SOC395-009-2026010,SOC168
SOC395-009-2026030,SOC168
SOC395-010-2026010,EWMO222
SOC395-010-2026030,EWMO222
SOC395-011-2026010,CBOSER0
SOC395-011-2026030,CBOSER0
SOC395-012-2026010,CRE227
SOC395-012-2026030,CRE227
SOC395-013-2026010,KRIGN2
SOC395-013-2026030,KRIGN2
SOC395-014-2026010,JPST224
SOC395-014-2026030,JPST224
SOC395-015-2026010,KTANAKA
SOC395-015-2026030,KTANAKA
SOC395-016-2026010,JZIMM
SOC395-016-2026030,JZIMM
SOC399-001-2026010,LLAS222
SOC399-002-2026010,ABA423
SOC399-002-2026030,ABA423
SOC399-003-2026010,JTBR243
SOC399-003-2026030,JTBR243
SOC399-004-2026010,RLBR237
SOC399-004-2026030,RLBR237
SOC399-005-2026010,KSEN223
SOC399-005-2026030,KSEN223
SOC399-006-2026010,CMHU225
SOC399-006-2026030,CMHU225
SOC399-007-2026010,RELA240
SOC399-007-2026030,RELA240
SOC399-008-2026010,ASLIBE2
SOC399-008-2026030,ASLIBE2
SOC399-009-2026010,SOC168
SOC399-009-2026030,SOC168
SOC399-010-2026010,EWMO222
SOC399-010-2026030,EWMO222
SOC399-011-2026010,CBOSER0
SOC399-011-2026030,CBOSER0
SOC399-012-2026010,CRE227
SOC399-012-2026030,CRE227
SOC399-013-2026010,KRIGN2
SOC399-013-2026030,KRIGN2
SOC399-014-2026010,JPST224
SOC399-014-2026030,JPST224
SOC399-015-2026010,KTANAKA
SOC399-015-2026030,KTANAKA
SOC399-016-2026010,JZIMM
SOC399-016-2026030,JZIMM
SOC432-001-2026010,DLWA249
SOC435-201-2026010,ASLIBE2
SOC439-001-2026030,RELA240
SOC439-201-2026010,JMCA256
SOC439-201-2026030,JPST224
SOC508-001-2026010,ERBARR2
SOC517-001-2026010,ALMEYE2
SOC534-001-2026030,KSEN223
SOC551-201-2026030,RLBR237
SOC565-001-2026010,LLAS222
SOC565-001-2026030,LLAS222
SOC565-002-2026010,ABA423
SOC565-002-2026030,ABA423
SOC565-003-2026010,RLBR237
SOC565-003-2026030,JTBR243
SOC565-004-2026010,KSEN223
SOC565-004-2026030,RLBR237
SOC565-005-2026010,RELA240
SOC565-005-2026030,KSEN223
SOC565-006-2026010,ASLIBE2
SOC565-006-2026030,ASLIBE2
SOC565-007-2026010,SOC168
SOC565-007-2026030,SOC168
SOC565-008-2026010,EWMO222
SOC565-008-2026030,EWMO222
SOC565-009-2026010,CBOSER0
SOC565-009-2026030,CBOSER0
SOC565-010-2026010,CRE227
SOC565-010-2026030,CRE227
SOC565-011-2026010,JPST224
SOC565-011-2026030,JPST224
SOC565-012-2026010,KTANAKA
SOC565-012-2026030,KTANAKA
SOC565-013-2026010,JZIMM
SOC565-013-2026030,JZIMM
SOC603-001-2026030,JTBR243
SOC622-201-2026010,SLOLDH2
SOC651-001-2026010,EWMO222
SOC665-201-2026010,OAAD223
SOC680-001-2026010,RLBR237
SOC681-001-2026010,JPST224
SOC685-201-2026010,BHAIN2
SOC720-201-2026010,ASLIBE2
SOC748-001-2026030,LLAS222
SOC748-002-2026030,ABA423
SOC748-003-2026030,JTBR243
SOC748-004-2026030,RLBR237
SOC748-005-2026030,RHUSTED
SOC748-006-2026030,ASLIBE2
SOC748-007-2026030,SOC168
SOC748-008-2026030,EWMO222
SOC748-009-2026030,CBOSER0
SOC748-010-2026030,CRE227
SOC748-011-2026030,JPST224
SOC748-012-2026030,KTANAKA
SOC748-013-2026030,JZIMM
SOC749-001-2026010,LLAS222
SOC749-001-2026030,LLAS222
SOC749-002-2026010,ABA423
SOC749-002-2026030,ABA423
SOC749-003-2026010,RLBR237
SOC749-003-2026030,JTBR243
SOC749-004-2026010,KSEN223
SOC749-004-2026030,RLBR237
SOC749-005-2026010,RELA240
SOC749-005-2026030,RHUSTED
SOC749-006-2026010,ASLIBE2
SOC749-006-2026030,ASLIBE2
SOC749-007-2026010,SOC168
SOC749-007-2026030,SOC168
SOC749-008-2026010,EWMO222
SOC749-008-2026030,EWMO222
SOC749-009-2026010,CBOSER0
SOC749-009-2026030,CBOSER0
SOC749-010-2026010,CRE227
SOC749-010-2026030,CRE227
SOC749-011-2026010,JPST224
SOC749-011-2026030,JPST224
SOC749-012-2026010,KTANAKA
SOC749-012-2026030,KTANAKA
SOC749-013-2026010,JZIMM
SOC749-013-2026030,JZIMM
SOC751-001-2026030,ASLIBE2
SOC757-001-2026010,RLBR237
SOC757-001-2026030,LLAS222
SOC757-002-2026010,RLBR237
SOC757-002-2026030,ABA423
SOC757-003-2026030,JTBR243
SOC757-004-2026030,RLBR237
SOC757-005-2026030,KSEN223
SOC757-006-2026030,CMHU225
SOC757-007-2026030,RELA240
SOC757-008-2026030,ASLIBE2
SOC757-009-2026030,EWMO222
SOC757-010-2026030,CRE227
SOC757-011-2026030,JPST224
SOC757-012-2026030,KTANAKA
SOC757-013-2026030,JZIMM
SOC767-001-2026010,LLAS222
SOC767-001-2026030,LLAS222
SOC767-002-2026010,ABA423
SOC767-002-2026030,ABA423
SOC767-003-2026010,RLBR237
SOC767-003-2026030,JTBR243
SOC767-004-2026010,KSEN223
SOC767-004-2026030,RLBR237
SOC767-005-2026010,RELA240
SOC767-005-2026030,KSEN223
SOC767-006-2026010,ASLIBE2
SOC767-006-2026030,RELA240
SOC767-007-2026010,SOC168
SOC767-007-2026030,ASLIBE2
SOC767-008-2026010,EWMO222
SOC767-008-2026030,SOC168
SOC767-009-2026010,CBOSER0
SOC767-009-2026030,EWMO222
SOC767-010-2026010,CRE227
SOC767-010-2026030,CBOSER0
SOC767-011-2026010,JPST224
SOC767-011-2026030,CRE227
SOC767-012-2026010,KTANAKA
SOC767-012-2026030,JPST224
SOC767-013-2026010,JZIMM
SOC767-013-2026030,KTANAKA
SOC767-014-2026030,JZIMM
SOC768-001-2026030,LLAS222
SOC768-002-2026030,ABA423
SOC768-003-2026030,JTBR243
SOC768-004-2026030,RLBR237
SOC768-005-2026030,KSEN223
SOC768-006-2026030,RELA240
SOC768-007-2026030,ASLIBE2
SOC768-008-2026030,SOC168
SOC768-009-2026030,EWMO222
SOC768-010-2026030,CBOSER0
SOC768-011-2026030,CRE227
SOC768-012-2026030,SCHATZKI
SOC768-013-2026030,JPST224
SOC768-014-2026030,KTANAKA
SOC768-015-2026030,JZIMM
SOC769-001-2026010,LLAS222
SOC769-001-2026030,LLAS222
SOC769-002-2026010,ABA423
SOC769-002-2026030,ABA423
SOC769-003-2026010,RLBR237
SOC769-003-2026030,JTBR243
SOC769-004-2026010,KSEN223
SOC769-004-2026030,RLBR237
SOC769-005-2026010,RELA240
SOC769-005-2026030,KSEN223
SOC769-006-2026010,ASLIBE2
SOC769-006-2026030,RELA240
SOC769-007-2026010,SOC168
SOC769-007-2026030,ASLIBE2
SOC769-008-2026010,EWMO222
SOC769-008-2026030,SOC168
SOC769-009-2026010,CBOSER0
SOC769-009-2026030,EWMO222
SOC769-010-2026010,CRE227
SOC769-010-2026030,CBOSER0
SOC769-011-2026010,JPST224
SOC769-011-2026030,CRE227
SOC769-012-2026010,KTANAKA
SOC769-012-2026030,JPST224
SOC769-013-2026010,JZIMM
SOC769-013-2026030,KTANAKA
SOC769-014-2026030,JZIMM
SOC780-001-2026010,JPST224
SOC780-001-2026030,RLBR237
SOC780-002-2026010,RLBR237
SOC781-001-2026030,RELA240
SOC790-001-2026010,LLAS222
SOC790-001-2026030,LLAS222
SOC790-002-2026010,ABA423
SOC790-002-2026030,ABA423
SOC790-003-2026010,RLBR237
SOC790-003-2026030,JTBR243
SOC790-004-2026010,ASLIBE2
SOC790-004-2026030,RLBR237
SOC790-005-2026010,KSEN223
SOC790-005-2026030,KSEN223
SOC790-006-2026030,RELA240
SOC790-007-2026010,SOC168
SOC790-007-2026030,ASLIBE2
SOC790-008-2026010,EWMO222
SOC790-008-2026030,SOC168
SOC790-009-2026010,CBOSER0
SOC790-009-2026030,EWMO222
SOC790-010-2026010,CRE227
SOC790-010-2026030,CBOSER0
SOC790-011-2026010,JPST224
SOC790-011-2026030,CRE227
SOC790-012-2026010,KTANAKA
SOC790-012-2026030,SCHATZKI
SOC790-013-2026010,JZIMM
SOC790-013-2026030,JPST224
SOC790-014-2026030,KTANAKA
SOC790-015-2026030,JZIMM
SOC792-001-2026010,LLAS222
SOC792-001-2026030,LLAS222
SOC792-002-2026010,ABA423
SOC792-002-2026030,ABA423
SOC792-003-2026010,RLBR237
SOC792-003-2026030,JTBR243
SOC792-004-2026010,ASLIBE2
SOC792-004-2026030,RLBR237
SOC792-005-2026010,KSEN223
SOC792-005-2026030,KSEN223
SOC792-006-2026030,RELA240
SOC792-007-2026010,SOC168
SOC792-007-2026030,ASLIBE2
SOC792-008-2026010,EWMO222
SOC792-008-2026030,SOC168
SOC792-009-2026010,CBOSER0
SOC792-009-2026030,EWMO222
SOC792-010-2026010,CRE227
SOC792-010-2026030,CBOSER0
SOC792-011-2026010,JPST224
SOC792-011-2026030,CRE227
SOC792-012-2026010,KTANAKA
SOC792-012-2026030,SCHATZKI
SOC792-013-2026010,JZIMM
SOC792-013-2026030,JPST224
SOC792-014-2026030,KTANAKA
SOC792-015-2026030,JZIMM
SOC797-001-2026010,LLAS222
SOC797-001-2026030,LLAS222
SOC797-002-2026010,ABA423
SOC797-002-2026030,ABA423
SOC797-003-2026010,RLBR237
SOC797-003-2026030,JTBR243
SOC797-004-2026010,ASLIBE2
SOC797-004-2026030,RLBR237
SOC797-005-2026010,KSEN223
SOC797-005-2026030,KSEN223
SOC797-006-2026010,MMO272
SOC797-006-2026030,RELA240
SOC797-007-2026010,SOC168
SOC797-007-2026030,ASLIBE2
SOC797-008-2026010,EWMO222
SOC797-008-2026030,SOC168
SOC797-009-2026010,CBOSER0
SOC797-009-2026030,EWMO222
SOC797-010-2026010,CRE227
SOC797-010-2026030,CBOSER0
SOC797-011-2026010,JPST224
SOC797-011-2026030,CRE227
SOC797-012-2026010,KTANAKA
SOC797-012-2026030,SCHATZKI
SOC797-013-2026010,JZIMM
SOC797-013-2026030,JPST224
SOC797-014-2026030,KTANAKA
SOC797-015-2026030,JZIMM
SPA011-201-2026010,HACAMP1
SPA101-001-2026010,LLLI224
SPA101-001-2026030,JABR352
SPA101-002-2026010,LLLI224
SPA101-002-2026030,JABR352
SPA101-003-2026010,LEEN226
SPA101-003-2026030,BRJA230
SPA101-004-2026010,LEEN226
SPA101-004-2026030,BRJA230
SPA101-005-2026010,SRO379
SPA101-005-2026030,JSSM233
SPA101-006-2026010,SRO379
SPA101-007-2026010,GTO233
SPA101-008-2026010,GTO233
SPA101-009-2026010,KRAR234
SPA101-010-2026010,JABR352
SPA101-011-2026010,JABR352
SPA101-012-2026010,HHO251
SPA101-201-2026010,BRJA230
SPA101-201-2026030,DWBA233
SPA101-202-2026010,RPO231
SPA101-202-2026030,JPO289
SPA101-203-2026010,ASA351
SPA101-203-2026030,ASA351
SPA101-401-2026010,HHO251
SPA101-401-2026030,RPO231
SPA101-601-2026010,RREHLE0
SPA102-001-2026010,EGJA225
SPA102-001-2026030,LLLI224
SPA102-002-2026010,EGJA225
SPA102-002-2026030,LLLI224
SPA102-003-2026010,JPO289
SPA102-003-2026030,LEEN226
SPA102-004-2026010,JPO289
SPA102-004-2026030,GTO233
SPA102-005-2026010,GMEDI00
SPA102-005-2026030,LEEN226
SPA102-006-2026010,AVVA223
SPA102-006-2026030,GTO233
SPA102-007-2026010,AVVA223
SPA102-007-2026030,KRAR234
SPA102-008-2026010,FDE246
SPA102-008-2026030,SRO379
SPA102-009-2026010,FDE246
SPA102-009-2026030,SRO379
SPA102-010-2026030,ASA351
SPA102-011-2026030,GMEDI00
SPA102-012-2026030,DCA348
SPA102-201-2026010,DWBA233
SPA102-201-2026030,DWBA233
SPA102-202-2026010,RPO231
SPA102-202-2026030,JSSM233
SPA102-203-2026010,DWBA233
SPA102-203-2026030,RPO231
SPA102-401-2026010,ASA351
SPA102-601-2026030,RREHLE0
SPA111-001-2026030,DRE243
SPA151-201-2026030,HACAMP1
SPA201-001-2026010,JSSM233
SPA201-002-2026010,JFE234
SPA201-002-2026030,JSSM233
SPA201-003-2026010,JSSM233
SPA201-003-2026030,JSSM233
SPA201-004-2026010,JSSM233
SPA201-004-2026030,MFE270
SPA201-005-2026010,JFE234
SPA201-005-2026030,MFE270
SPA201-006-2026010,MFE270
SPA201-006-2026030,AVVA223
SPA201-007-2026010,LNRO242
SPA201-007-2026030,RREHLE0
SPA201-008-2026010,MJLO232
SPA201-008-2026030,AVVA223
SPA201-009-2026010,LNRO242
SPA201-009-2026030,MRI297
SPA201-010-2026030,MRI297
SPA201-201-2026010,JFE234
SPA201-201-2026030,JFE234
SPA202-001-2026010,DCA348
SPA202-001-2026030,HHO251
SPA202-002-2026010,MRI297
SPA202-002-2026030,HHO251
SPA202-003-2026010,MRI297
SPA202-003-2026030,LNRO242
SPA202-004-2026010,DRE243
SPA202-004-2026030,LNRO242
SPA202-005-2026010,YBLABA0
SPA202-005-2026030,YBLABA0
SPA202-006-2026010,JSSM233
SPA202-006-2026030,AVBROW2
SPA202-201-2026030,JFE234
SPA203-001-2026010,BRJA230
SPA203-002-2026010,BRJA230
SPA203-002-2026030,DCA348
SPA203-003-2026010,RUEDA
SPA205-001-2026010,MFE270
SPA208-001-2026030,FDE246
SPA210-001-2026010,RUEDA
SPA210-001-2026030,JPO289
SPA210-002-2026010,HSYME2
SPA210-002-2026030,JFE234
SPA210-003-2026010,YBLABA0
SPA211-001-2026010,MRCA225
SPA211-001-2026030,HSYME2
SPA211-002-2026010,AVBROW2
SPA211-002-2026030,MRCA225
SPA215-001-2026030,FDE246
SPA296-001-2026010,DVA225
SPA310-001-2026010,GMEDI00
SPA310-001-2026030,GMEDI00
SPA310-002-2026010,GMEDI00
SPA310-002-2026030,GMEDI00
SPA312-001-2026010,MRCA225
SPA313-001-2026030,BRJA230
SPA315-001-2026030,MRCA225
SPA321-001-2026010,HACAMP1
SPA323-001-2026010,DCA348
SPA323-001-2026030,MFE270
SPA330-001-2026010,HSYME2
SPA371-001-2026030,MJLO232
SPA372-001-2026010,CMO233
SPA397-015-2026030,HSYME2
SPA399-010-2026030,GMEDI00
SPA423-001-2026030,HACAMP1
SPA430-001-2026030,YBLABA0
SPA464-001-2026010,DRE243
SPA474-001-2026030,MJLO232
SPA480-001-2026010,RREHLE0
SPA539-001-2026010,MJLO232
SPA539-001-2026030,DRE243
SPA553-001-2026010,BRJA230
SPA602-001-2026010,AVBROW2
SPA602-001-2026030,HSYME2
SPA740-001-2026030,RUEDA
SPA749-001-2026030,CMO233
SPA757-001-2026030,AVBROW2
SPA757-002-2026030,MRCA225
SPA757-003-2026030,FDE246
SPA757-004-2026030,MJLO232
SPA757-005-2026030,CMO233
SPA757-006-2026030,YBLABA0
SPA757-007-2026030,DRE243
SPA757-008-2026030,RUEDA
SPA757-009-2026030,HSYME2
SPA767-010-2026030,MDI235
SPA768-001-2026030,CMO233
SPA769-001-2026030,CMO233
ST600-001-2026010,ERBARR2
ST600-001-2026010,EWWI223
STA210-001-2026010,JCMODE2
STA210-001-2026010,TDNG226
STA210-001-2026030,JCMODE2
STA210-001-2026030,ZWGI224
STA210-002-2026010,AGFI231
STA210-002-2026030,JCMODE2
STA210-002-2026030,MNG243
STA210-003-2026010,AAKARK2
STA210-003-2026010,GMA326
STA210-003-2026030,AAKARK2
STA210-003-2026030,AVI286
STA210-004-2026010,RAYENS
STA210-004-2026030,AAKARK2
STA210-004-2026030,EAST280
STA210-005-2026010,KBA387
STA210-005-2026010,NSKO223
STA210-005-2026030,CLU258
STA210-006-2026010,AAKARK2
STA210-006-2026030,PCH276
STA210-007-2026010,CLU258
STA210-007-2026030,RMSC249
STA210-008-2026010,RMSC249
STA210-008-2026030,JCMODE2
STA210-008-2026030,MAL627
STA210-201-2026010,JOON225
STA210-201-2026010,NSKO223
STA210-201-2026030,NSKO223
STA210-201-2026030,PKGY223
STA210-202-2026010,AABR264
STA210-202-2026010,AAKARK2
STA210-202-2026030,CHGI226
STA210-203-2026010,CHGI226
STA210-203-2026030,AGFI231
STA210-204-2026030,AGFI231
STA210-211-2026050,NSKO223
STA210-230-2026020,NSKO223
STA210-601-2026030,AAKARK2
STA210-601-2026030,ZRHA235
STA210-603-2026030,AAKARK2
STA210-604-2026030,AAKARK2
STA210-605-2026030,AAKARK2
STA296-001-2026010,AVI286
STA296-001-2026010,XSH229
STA296-001-2026030,AABR264
STA296-001-2026030,XSH229
STA296-002-2026010,CYE229
STA296-002-2026030,KDA314
STA296-002-2026030,XSH229
STA296-003-2026010,EAST280
STA296-003-2026010,XSH229
STA296-003-2026030,BAAL240
STA296-003-2026030,KCO326
STA296-004-2026010,MAL627
STA296-004-2026010,XSH229
STA296-004-2026030,KBA387
STA296-004-2026030,XSH229
STA296-005-2026010,NSKO223
STA296-005-2026010,PKGY223
STA296-005-2026030,BAB237
STA296-005-2026030,NSKO223
STA296-006-2026010,AAKARK2
STA296-006-2026010,ZRHA235
STA296-006-2026030,LPA242
STA296-007-2026010,JECO266
STA296-007-2026030,JECO266
STA296-008-2026010,LPA242
STA296-008-2026030,TKTH222
STA296-009-2026010,TKTH222
STA296-010-2026010,PCH276
STA296-011-2026010,JCMODE2
STA296-011-2026010,ZWGI224
STA296-201-2026010,JCMODE2
STA296-201-2026010,MNG243
STA296-201-2026030,NSKO223
STA296-201-2026030,TDNG226
STA296-202-2026010,MHSA227
STA296-202-2026030,JOON225
STA296-202-2026030,KCO326
STA296-203-2026030,GMA326
STA296-203-2026030,SRINI
STA296-210-2026050,JCMODE2
STA296-211-2026050,XSH229
STA296-230-2026020,XSH229
STA300-002-2026010,ASM297
STA300-002-2026010,JWA280
STA305-002-2026010,JZH302
STA305-002-2026010,TLE274
STA305-003-2026010,JZH302
STA305-003-2026010,TLE274
STA310-001-2026030,TLE274
STA310-001-2026030,WGRIF
STA320-001-2026010,BAB237
STA320-001-2026010,SRINI
STA320-001-2026030,PSA270
STA320-002-2026010,BAB237
STA320-002-2026010,SRINI
STA320-002-2026030,NDNG224
STA320-003-2026030,SRINI
STA320-003-2026030,ZRHA235
STA335-001-2026010,CBCRAW2
STA381-001-2026030,KCO326
STA381-001-2026030,MHSA227
STA381-002-2026030,KCO326
STA381-002-2026030,MHSA227
STA381-201-2026010,KCO326
STA381-201-2026030,KCO326
STA381-201-2026030,LMGO248
STA381-210-2026050,KCO326
STA417G-001-2026030,ABA223
STA525-001-2026030,ASM297
STA525-001-2026030,JWA280
STA570-201-2026010,KDA314
STA570-201-2026010,MQFLET00
STA570-201-2026030,AAS268
STA570-201-2026030,MQFLET00
STA600-001-2026010,MQFLET00
STA602-001-2026010,JZH302
STA603-001-2026030,JZH302
STA605-001-2026010,ASM297
STA606-001-2026030,CYE229
STA607-001-2026010,SHA274
STA623-001-2026010,WGRIF
STA629-001-2026030,ZWA281
STA630-001-2026030,YJI278
STA643-001-2026010,YTA245
STA645-201-2026010,MQFLET00
STA646-201-2026010,RJI226
STA646-201-2026010,WGRIF
STA648-201-2026030,CYE229
STA649-201-2026010,AAS268
STA649-201-2026010,DYO227
STA650-201-2026010,RAYENS
STA652-201-2026030,ZWA281
STA656-201-2026030,JWA280
STA656-201-2026030,WGRIF
STA659-201-2026030,DYO227
STA661-001-2026010,SHA274
STA674-201-2026010,RAYENS
STA674-201-2026030,RAYENS
STA677-201-2026030,RAYENS
STA678-201-2026010,SAK256
STA678-201-2026010,YJI278
STA692-001-2026030,MQFLET00
STA693-001-2026030,GSHAWK2
STA697-001-2026010,WGRIF
STA698-001-2026030,CYE229
STA699-001-2026010,WGRIF
STA700-001-2026010,WGRIF
STA701-001-2026030,SHA274
STA703-001-2026030,YTA245
STA705-001-2026010,DYO227
STA707-001-2026030,DYO227
STA748-010-2026050,DYO227
STA748-011-2026050,DYO227
STA749-010-2026050,DYO227
STA749-011-2026050,DYO227
STA767-010-2026050,DYO227
STA767-011-2026050,DYO227
STA768-010-2026050,DYO227
STA768-011-2026050,DYO227
STA769-010-2026050,DYO227
STA769-011-2026050,DYO227
STO601-201-2026010,ARBE243
STO602-201-2026030,ARBE243
STO603-201-2026010,OAAD223
STO650-201-2026010,JHENNING
STO784-001-2026010,CHANLEY
SUR815-001-2026030,JVALE00
SUR815-002-2026030,JIOCO2
SUR815-003-2026030,RCCASS2
SUR815-004-2026030,DLDAVE0
SUR825-001-2026010,JVALE00
SUR825-001-2026030,JVALE00
SUR825-002-2026030,JIOCO2
SUR825-003-2026030,RCCASS2
SUR825-004-2026010,DLDAVE0
SUR825-004-2026030,DLDAVE0
SUR852-007-2026030,JPA277
SUR852-008-2026030,EFMA224
SUR852-009-2026030,EFMA224
SUR857-007-2026030,JPA277
SUR857-008-2026030,EFMA224
SUR857-009-2026030,EFMA224
SUR860-007-2026030,STO223
SUR860-008-2026030,STO223
SUR860-009-2026030,STO223
SUR862-007-2026030,JPA277
SUR862-008-2026030,EFMA224
SUR862-009-2026030,EFMA224
SUR862-010-2026030,EFMA224
SUR862-017-2026030,DWVI222
SUR862-018-2026030,DWVI222
SUR862-019-2026030,DWVI222
SUR865-007-2026030,JPA277
SUR865-008-2026030,JPA277
SUR865-009-2026030,JPA277
SUR866-007-2026030,JPA277
SUR866-008-2026030,DLDAVE0
SUR866-009-2026030,DLDAVE0
SUR866-010-2026030,DLDAVE0
SUR868-001-2026010,PPA297
SUR868-002-2026010,PPA297
SUR868-003-2026010,PPA297
SUR868-004-2026010,PPA297
SUR868-005-2026010,PPA297
SUR868-006-2026010,PPA297
SUR868-007-2026010,PPA297
SUR869-007-2026030,JPA277
SUR869-008-2026030,EFMA224
SUR869-009-2026030,EFMA224
SUR871-006-2026030,JVALE00
SUR871-008-2026030,JVALE00
SUR871-009-2026030,JVALE00
SUR872-006-2026030,JPA277
SUR872-007-2026030,JPA277
SUR872-009-2026030,JPA277
SUR890-001-2026010,EFMA224
SUR890-002-2026010,EFMA224
SUR890-003-2026010,EFMA224
SUR890-004-2026010,EFMA224
SUR890-005-2026010,EFMA224
SUR890-006-2026010,EFMA224
SUR933-001-2026010,PMO244
SUR934-003-2026010,MFTO224
SUR934-004-2026010,MFTO224
SUR934-006-2026010,MFTO224
SUR961-002-2026010,ZFGLEN2
SUR961-004-2026010,ZFGLEN2
SUR961-005-2026010,ZFGLEN2
SW124-001-2026010,ACBE232
SW124-001-2026030,KZE225
SW124-002-2026010,KKSH225
SW124-002-2026030,JMNADZ2
SW124-002-2026030,MSHO240
SW124-003-2026010,JMNADZ2
SW124-003-2026010,WLI296
SW124-201-2026010,LCBO243
SW124-201-2026030,KKSH225
SW124-201-2026030,MSHO240
SW124-202-2026010,KZE225
SW124-202-2026030,ACBE232
SW124-203-2026010,LAGARN4
SW124-203-2026030,JASPEN0
SW124-230-2026020,LCBO243
SW180-201-2026030,MAMO320
SW222-001-2026010,ACBE232
SW222-001-2026030,RAHILL4
SW240-001-2026030,ACBE232
SW240-002-2026030,ECKINC0
SW240-003-2026030,KDI222
SW240-201-2026030,BBTO222
SW300-001-2026010,DRO260
SW300-001-2026030,DRO260
SW300-001-2026030,SAH262
SW300-201-2026010,FMC234
SW300-201-2026030,FMC234
SW322-201-2026010,GLI240
SW322-201-2026030,EMA313
SW322-202-2026010,EMA313
SW322-203-2026010,STO241
SW323-001-2026010,PJBL226
SW323-001-2026030,MMTR244
SW323-002-2026030,NCMC240
SW323-201-2026010,RLCO271
SW323-201-2026030,RLCO271
SW323-202-2026010,JJBUCH2
SW323-202-2026030,MMTR244
SW323-203-2026010,GEST254
SW323-204-2026010,LNJONE2
SW325-001-2026010,ACTR231
SW325-001-2026030,ACTR231
SW350-001-2026010,EXNYER2
SW350-001-2026030,EXNYER2
SW350-201-2026010,SBE316
SW350-201-2026030,LEL245
SW354-201-2026030,EFAK223
SW354-202-2026010,PDYK
SW354-202-2026030,EFAK223
SW395-001-2026010,TJNE236
SW395-001-2026030,CMKI265
SW395-003-2026010,TJNE236
SW400-001-2026010,RAHILL4
SW400-001-2026030,RAHILL4
SW400-201-2026010,RAHILL4
SW400-201-2026030,GLI240
SW401-201-2026030,EJMAYH2
SW421-001-2026010,AKMA234
SW421-001-2026030,TDRI228
SW421-201-2026010,SLEUK00
SW421-201-2026030,SLEUK00
SW422-001-2026010,DRO260
SW422-001-2026030,AKMA234
SW422-201-2026010,DRO260
SW422-201-2026030,SBE316
SW430-001-2026010,AKMA234
SW430-001-2026030,RGCOLL0
SW430-201-2026010,MAHA390
SW430-201-2026030,NAL355
SW435-001-2026010,DGRUBL0
SW435-001-2026030,DGRUBL0
SW435-201-2026010,AWE304
SW435-201-2026030,DGRUBL0
SW444-001-2026010,SBCH224
SW444-001-2026030,SBCH224
SW444-201-2026010,SBCH224
SW444-201-2026030,SBCH224
SW445-001-2026010,JRI305
SW445-001-2026010,SHRATL2
SW445-001-2026030,ACBE232
SW445-201-2026010,JRI305
SW445-201-2026030,JRI305
SW450-001-2026010,CMKI265
SW450-001-2026030,KJWA240
SW450-201-2026010,KJWA240
SW450-201-2026030,GZO222
SW460-001-2026010,BBTO222
SW460-001-2026030,MLANDE0
SW460-201-2026010,ZDSL222
SW460-201-2026030,ZDSL222
SW470-001-2026010,JFDU227
SW470-001-2026030,JFDU227
SW470-201-2026010,SLEUK00
SW470-201-2026030,SLJA249
SW505-201-2026010,EJMAYH2
SW505-201-2026030,YMA269
SW505-202-2026010,YMA269
SW510-201-2026010,LBR290
SW510-201-2026030,JRI305
SW510-202-2026030,KMGL234
SW510-203-2026030,KMGL234
SW510-204-2026030,LBR290
SW510-205-2026010,KMGL234
SW510-205-2026030,ZDSL222
SW510-206-2026010,KMGL234
SW510-206-2026030,JMHA431
SW510-207-2026010,ZDSL222
SW510-207-2026030,JMHA431
SW510-208-2026010,BMDR227
SW510-208-2026030,TLPH224
SW510-209-2026010,AWE281
SW510-209-2026030,BMDR227
SW510-210-2026010,BMDR227
SW510-211-2026010,JMHA431
SW510-211-2026030,BMDR227
SW510-212-2026010,TLPH224
SW510-212-2026030,VBR234
SW510-230-2026020,ZDSL222
SW519-201-2026030,JLGAMB00
SW519-202-2026030,KKSH225
SW520-201-2026010,RJNE227
SW520-201-2026030,BHA351
SW520-202-2026010,RMPA228
SW520-202-2026030,RMPA228
SW521-201-2026010,JLGAMB00
SW521-201-2026030,AKMCCO3
SW521-202-2026010,KECR224
SW521-203-2026030,KBHE231
SW521-204-2026010,KBHE231
SW521-204-2026030,KBHE231
SW521-205-2026010,KBHE231
SW521-205-2026030,CMC270
SW521-206-2026010,AKMCCO3
SW521-206-2026030,ANSM230
SW521-207-2026010,CMC270
SW521-207-2026030,CMC270
SW521-208-2026010,JMOW224
SW521-208-2026030,BMROBE2
SW521-209-2026010,ROBL222
SW521-210-2026010,KJGO222
SW521-211-2026010,NKWE222
SW521-212-2026010,LSU241
SW521-213-2026010,ANSM230
SW521-213-2026030,ROBL222
SW521-214-2026010,JFU253
SW521-214-2026030,JFU253
SW521-215-2026010,AEHOWE2
SW521-215-2026030,CWH275
SW521-216-2026010,KECR224
SW521-216-2026030,JFU253
SW521-217-2026010,CMC270
SW521-217-2026030,ROBL222
SW521-218-2026010,AKMCCO3
SW521-219-2026010,JFU253
SW521-220-2026010,LSU241
SW521-221-2026010,ANSM230
SW521-223-2026010,ADMU232
SW524-201-2026010,MDOTIS00
SW524-201-2026030,YRO227
SW524-202-2026010,MDOTIS00
SW524-202-2026030,NAL355
SW530-201-2026030,CWFLAH2
SW530-202-2026030,TLOL222
SW540-201-2026010,RGCOLL0
SW541-201-2026030,CLRU234
SW550-201-2026010,MLBLAK2
SW550-201-2026030,MLBLAK2
SW550-203-2026030,MLBLAK2
SW580-201-2026010,TNWEBB3
SW580-201-2026030,TNWEBB3
SW580-202-2026010,DCOA222
SW580-202-2026030,ALWO249
SW580-203-2026010,LRROWE0
SW580-203-2026030,LLAZZ2
SW580-204-2026010,CJLY224
SW580-205-2026010,CJLY224
SW580-205-2026030,DCH333
SW580-207-2026030,TMO310
SW580-208-2026010,EJO268
SW580-208-2026030,EJO268
SW580-209-2026010,SLJA249
SW580-209-2026030,SYPICK2
SW580-210-2026030,SLJA249
SW580-701-2026030,DNLARS0
SW580-701-2026030,NDPO224
SW580-702-2026030,AEJO251
SW580-702-2026030,SMBA259
SW600-201-2026010,SMBA259
SW600-201-2026030,KMU290
SW600-202-2026010,STO241
SW600-202-2026030,CJLY224
SW600-203-2026010,CLRU234
SW600-203-2026030,DRFR227
SW600-204-2026010,JAAK222
SW600-204-2026030,STO241
SW600-205-2026010,MLBLAK2
SW600-205-2026030,RCR254
SW600-206-2026010,BMROBE2
SW600-206-2026030,CLRU234
SW600-207-2026010,KBBA225
SW600-207-2026030,STO241
SW600-208-2026010,WKTAYL00
SW600-208-2026030,TNJO222
SW600-209-2026010,KMU290
SW600-209-2026030,PJE233
SW600-210-2026010,PJE233
SW600-211-2026010,CLRU234
SW600-212-2026010,HLMA242
SW600-213-2026010,TFBOWL2
SW600-213-2026030,JAAK222
SW600-214-2026010,JCHATT3
SW600-214-2026030,KBBA225
SW600-215-2026010,KBBA225
SW600-216-2026010,ALJO319
SW600-216-2026030,WKTAYL00
SW600-217-2026010,DMPA252
SW600-217-2026030,KBBA225
SW600-218-2026010,MESI227
SW602-201-2026010,CACO300
SW602-201-2026030,LAGARN4
SW602-202-2026010,DRFR227
SW602-202-2026030,CACO300
SW602-203-2026010,EJO268
SW602-203-2026030,CACO300
SW602-204-2026010,CLBUFO00
SW602-204-2026030,KLHOLL9
SW602-205-2026030,DKHA236
SW602-206-2026010,DKHA236
SW602-206-2026030,DKHA236
SW602-207-2026010,KJSC257
SW602-207-2026030,GEBO227
SW602-208-2026010,KJSC257
SW602-208-2026030,DSBL230
SW602-209-2026010,AJEM226
SW602-209-2026030,SMELLI4
SW602-210-2026010,EXNYER2
SW602-211-2026010,DSBL230
SW602-211-2026030,CLBUFO00
SW602-213-2026030,JRI305
SW602-214-2026030,TRWI224
SW602-215-2026030,PNAD223
SW602-216-2026030,CLBUFO00
SW602-217-2026030,AJEM226
SW616-201-2026010,LLAZZ2
SW616-202-2026010,LBESHA0
SW620-201-2026010,ARBR288
SW620-201-2026030,TLBRAN4
SW620-202-2026010,AWE304
SW620-202-2026030,TMU250
SW620-203-2026010,TLBRAN4
SW620-203-2026030,HMOA222
SW620-204-2026010,HMOA222
SW620-204-2026030,JCHATT3
SW620-205-2026010,HMOA222
SW620-205-2026030,JCHATT3
SW620-206-2026010,TLBRAN4
SW620-206-2026030,HMOA222
SW620-207-2026010,TDRI228
SW620-207-2026030,TLBRAN4
SW620-208-2026010,AJHI231
SW620-209-2026010,TDRI228
SW620-210-2026010,RCO297
SW620-211-2026010,HJDE225
SW620-212-2026010,KECLAR3
SW620-212-2026030,AJHI231
SW620-213-2026010,NAPA231
SW620-213-2026030,RCO297
SW620-214-2026010,KECLAR3
SW620-214-2026030,LAGARN4
SW620-215-2026030,NAPA231
SW620-216-2026010,HJDE225
SW620-216-2026030,MCH342
SW620-217-2026010,JCHATT3
SW620-218-2026010,MCH342
SW620-218-2026030,GRHO235
SW625-201-2026010,KJGO222
SW625-201-2026030,JGE264
SW625-202-2026010,JGE264
SW625-202-2026030,DRFR227
SW625-203-2026010,LBE279
SW625-203-2026030,EJO268
SW625-204-2026010,TLOL222
SW625-204-2026030,TLOL222
SW625-205-2026010,TAPE237
SW625-205-2026030,TAPE237
SW625-206-2026010,TRNE224
SW625-206-2026030,TAPE237
SW625-207-2026010,EHFE225
SW625-207-2026030,MMO463
SW625-208-2026010,MMO463
SW625-208-2026030,MMO463
SW625-209-2026010,LBESHA0
SW625-209-2026030,AKMCCO3
SW625-210-2026010,MMO463
SW625-211-2026010,AEVA224
SW625-212-2026010,AEVA224
SW625-212-2026030,TRNE224
SW625-213-2026010,TLOL222
SW625-213-2026030,EHFE225
SW625-214-2026010,CBR302
SW625-215-2026010,CBR302
SW625-216-2026010,JGE264
SW625-216-2026030,LBESHA0
SW625-217-2026010,TDO254
SW625-217-2026030,ECKINC0
SW625-218-2026010,CLBUFO00
SW625-218-2026030,EHFE225
SW625-219-2026010,DCOA222
SW625-220-2026010,DKHA236
SW625-221-2026010,YCH312
SW630-201-2026010,CMMA331
SW630-201-2026030,HKEL223
SW630-202-2026010,BHA351
SW630-202-2026030,CJLY224
SW630-203-2026010,JAMA341
SW630-203-2026030,HKEL223
SW630-204-2026010,HKEL223
SW630-204-2026030,ABPA222
SW630-205-2026010,JSU287
SW630-205-2026030,CRST235
SW630-206-2026010,KRO321
SW630-206-2026030,ABPA222
SW630-207-2026010,HECLIF2
SW630-207-2026030,JAMA341
SW630-208-2026010,KRO321
SW630-208-2026030,CRST235
SW630-209-2026010,HECLIF2
SW630-209-2026030,HECLIF2
SW630-210-2026010,CRST235
SW630-210-2026030,HECLIF2
SW630-211-2026010,HRGOOD2
SW630-212-2026010,JRHARL3
SW630-212-2026030,JRHARL3
SW630-213-2026010,HMJE227
SW630-213-2026030,KRO321
SW630-214-2026010,HRGOOD2
SW630-215-2026010,JRHARL3
SW630-215-2026030,JRHARL3
SW630-216-2026010,CACO300
SW630-216-2026030,HRGOOD2
SW630-217-2026010,MEPRIC2
SW630-218-2026010,BLWE225
SW630-219-2026010,ABPA222
SW630-220-2026010,CRST235
SW636-201-2026010,AMBU323
SW636-201-2026030,AKMA234
SW636-202-2026010,TRWI224
SW636-202-2026030,AMBU323
SW636-203-2026010,KZE225
SW636-203-2026030,KRHA313
SW636-204-2026010,DWA241
SW636-204-2026030,ACBU276
SW636-205-2026010,TNJO222
SW636-205-2026030,DWA241
SW636-206-2026010,RBA319
SW636-206-2026030,AEHOWE2
SW636-207-2026010,ACBU276
SW636-207-2026030,TNJO222
SW636-208-2026010,MCMOON2
SW636-208-2026030,RBA319
SW636-209-2026010,KZE225
SW636-209-2026030,ACBU276
SW636-210-2026030,DWA241
SW636-211-2026030,IWE225
SW636-216-2026030,KZE225
SW636-217-2026030,BKMI230
SW636-218-2026030,MCMOON2
SW636-220-2026030,JHO318
SW636-221-2026030,KZE225
SW636-222-2026030,HRGOOD2
SW640-201-2026010,MDSCAN0
SW640-201-2026030,REMA222
SW640-202-2026010,JNMCCA2
SW640-202-2026030,EJOHN2
SW640-203-2026010,JNMCCA2
SW640-203-2026030,NSM239
SW640-204-2026010,MMCCL2
SW640-204-2026030,MMCCL2
SW640-205-2026010,KMHAVE2
SW640-205-2026030,AHA617
SW640-206-2026010,KMHAVE2
SW640-206-2026030,EMO303
SW640-207-2026010,TAPE237
SW640-207-2026030,BRSALL0
SW640-208-2026010,SHA481
SW640-208-2026030,SHA481
SW640-209-2026010,HQU225
SW640-209-2026030,HQU225
SW640-210-2026010,CGFULT0
SW640-210-2026030,CGFULT0
SW640-210-2026050,SYPICK2
SW640-211-2026010,ECMC249
SW640-211-2026030,ECMC249
SW640-211-2026050,MRLE245
SW640-212-2026010,ECMC249
SW640-212-2026030,ECMC249
SW640-213-2026030,JGWITH2
SW640-214-2026030,YFAICH2
SW640-215-2026030,WJDOBS2
SW640-216-2026030,CGFULT0
SW640-217-2026030,DMPA252
SW641-210-2026050,MRLE245
SW641-211-2026050,SYPICK2
SW650-201-2026010,KJWA240
SW650-201-2026030,DRO260
SW650-201-2026030,SAH262
SW650-202-2026010,SECO232
SW650-202-2026030,KJWA240
SW650-203-2026030,GCBI224
SW650-204-2026010,LMO261
SW650-204-2026030,MAOL224
SW650-205-2026010,GZO222
SW650-205-2026030,ADMU232
SW650-206-2026010,CFE251
SW650-206-2026030,MBO368
SW650-207-2026010,CFE251
SW650-207-2026030,SECO232
SW650-208-2026010,TDO254
SW650-208-2026030,SECO232
SW650-209-2026010,MEPRIC2
SW650-209-2026030,CFE251
SW650-210-2026010,MBO368
SW650-210-2026030,CFE251
SW650-211-2026030,MBO368
SW650-212-2026030,LBR337
SW650-213-2026030,LMO261
SW650-216-2026030,HLMA242
SW650-217-2026030,KJGO222
SW650-218-2026030,KJGO222
SW650-221-2026030,BWA325
SW650-222-2026030,TDO254
SW650-223-2026030,TDO254
SW650-224-2026030,JDSI243
SW704-201-2026030,SDSMIT5
SW704-202-2026030,DCOA222
SW704-203-2026030,SPO309
SW704-204-2026030,SJINGR00
SW711-201-2026010,IGMANI2
SW711-201-2026030,IGMANI2
SW711-202-2026030,IGMANI2
SW711-203-2026030,RJBE244
SW711-205-2026010,IGMANI2
SW711-206-2026010,RJBE244
SW711-206-2026030,RJBE244
SW711-207-2026010,HASH222
SW711-207-2026030,HASH222
SW711-208-2026010,YRO227
SW711-208-2026030,LHST230
SW711-230-2026020,SLCL240
SW712-201-2026010,JMLE294
SW712-201-2026030,ASKE230
SW712-202-2026010,ASKE230
SW712-202-2026030,JMLE294
SW712-203-2026030,WKTAYL00
SW712-208-2026030,CCA458
SW722-201-2026010,WKTAYL00
SW722-201-2026030,LMNEWS2
SW722-202-2026010,CWFLAH2
SW722-202-2026030,LMNEWS2
SW722-203-2026010,MAOL224
SW722-203-2026030,DDDI226
SW722-204-2026010,LLWI236
SW722-204-2026030,DDDI226
SW722-205-2026010,DDDI226
SW722-205-2026030,MLHATF0
SW722-206-2026010,MLHATF0
SW722-206-2026030,MLHATF0
SW722-207-2026010,ODHO224
SW722-207-2026030,RSO255
SW722-208-2026010,ODHO224
SW722-208-2026030,BMROBE2
SW722-209-2026010,DDDI226
SW722-210-2026010,MLHATF0
SW722-210-2026030,VKDE222
SW722-211-2026010,ENST229
SW722-211-2026030,ENST229
SW722-212-2026010,DSBL230
SW722-212-2026030,DSBL230
SW722-213-2026010,CGBRYA2
SW722-213-2026030,BHE282
SW722-214-2026010,RSO255
SW722-214-2026030,TDRI228
SW722-215-2026010,CGBRYA2
SW722-215-2026030,ODHO224
SW722-216-2026010,BMROBE2
SW722-216-2026030,ODHO224
SW722-217-2026010,CMRI241
SW722-218-2026010,LMNEWS2
SW722-219-2026010,LMNEWS2
SW722-220-2026010,SDSMIT5
SW722-221-2026010,NAL355
SW722-222-2026010,KPBL231
SW722-223-2026010,JACO340
SW724-201-2026010,KJSC257
SW724-201-2026030,RDGR231
SW724-202-2026010,VKDE222
SW724-202-2026030,NASH229
SW724-203-2026010,CJLY224
SW724-203-2026030,NKWE222
SW724-204-2026010,TMU250
SW724-204-2026030,SJINGR00
SW724-205-2026010,RDGR231
SW724-205-2026030,ADE320
SW724-206-2026010,VKDE222
SW724-206-2026030,NKWE222
SW724-207-2026010,NASH229
SW724-207-2026030,EJOHN2
SW724-208-2026010,NKWE222
SW724-208-2026030,ADE320
SW724-209-2026010,EXNYER2
SW724-210-2026010,EXNYER2
SW724-211-2026010,SJINGR00
SW724-212-2026010,SMELLI4
SW724-212-2026030,SEREIC2
SW724-213-2026010,AFTHOM3
SW724-213-2026030,JLA280
SW724-214-2026010,ADE320
SW724-214-2026030,JLA280
SW724-215-2026010,JLA280
SW724-215-2026030,SEREIC2
SW724-216-2026010,NASH229
SW724-216-2026030,NASH229
SW724-217-2026010,JLA280
SW724-217-2026030,RDGR231
SW724-218-2026010,SJINGR00
SW724-219-2026010,RDGR231
SW724-220-2026010,RBA319
SW724-221-2026010,EJOHN2
SW724-222-2026010,SEREIC2
SW724-223-2026010,SEREIC2
SW724-224-2026010,SECO232
SW726-201-2026010,KAGE235
SW726-201-2026030,AMRA255
SW726-202-2026010,KAGE235
SW726-202-2026030,MESI227
SW726-203-2026010,AMRA255
SW726-203-2026030,JBO328
SW726-204-2026010,MESI227
SW726-204-2026030,LHST230
SW726-205-2026010,CMBA231
SW726-205-2026030,MESI227
SW726-206-2026010,JBO328
SW726-206-2026030,TSCALH2
SW726-207-2026010,LHST230
SW726-208-2026010,MGPE223
SW726-209-2026010,CMBA231
SW726-210-2026010,JRI305
SW726-211-2026010,JRI305
SW726-211-2026030,CMBA231
SW726-212-2026010,TSCALH2
SW726-213-2026010,TSCALH2
SW726-214-2026030,AWE304
SW726-215-2026030,TSCALH2
SW726-216-2026030,MGPE223
SW728-201-2026010,CNO238
SW728-201-2026030,CNO238
SW728-202-2026010,TFBOWL2
SW728-202-2026030,TFBOWL2
SW728-203-2026010,JCSM242
SW728-203-2026030,JCSM242
SW728-204-2026010,TNWEBB3
SW728-204-2026030,TNWEBB3
SW728-205-2026010,JLSC235
SW728-205-2026030,JLSC235
SW728-206-2026010,CNO238
SW728-206-2026030,SMCA282
SW728-207-2026030,JLSC235
SW728-208-2026030,EKST241
SW728-211-2026030,AEN249
SW728-212-2026030,TFBOWL2
SW728-214-2026030,CWA320
SW728-215-2026030,CNO238
SW728-216-2026030,AWE281
SW730-201-2026010,TOO222
SW730-201-2026030,DGDITO2
SW730-202-2026010,GCBI224
SW730-202-2026030,TEI222
SW730-203-2026010,LEL245
SW730-203-2026030,TOO222
SW730-204-2026010,DGDITO2
SW730-204-2026030,TOO222
SW730-205-2026010,TEI222
SW730-205-2026030,CBNALL2
SW730-206-2026010,TOO222
SW730-206-2026030,DGDITO2
SW730-207-2026010,DGDITO2
SW730-207-2026030,KECR224
SW730-211-2026030,LEL245
SW730-214-2026030,CGBRYA2
SW730-215-2026030,KECR224
SW730-216-2026030,CGBRYA2
SW731-201-2026010,DNLARS0
SW731-201-2026030,DNLARS0
SW731-202-2026010,NGU251
SW731-202-2026030,LBE279
SW731-203-2026010,MAOL224
SW731-203-2026030,JMTA240
SW731-204-2026010,YCH312
SW731-204-2026030,CWA291
SW731-205-2026010,AMB229
SW731-205-2026030,IPA241
SW731-206-2026010,CWA291
SW731-206-2026030,IPA241
SW731-207-2026010,LRE277
SW731-207-2026030,KDMO230
SW731-208-2026010,IPA241
SW731-208-2026030,KDMO230
SW731-209-2026010,CWA291
SW731-209-2026030,JMTA240
SW731-210-2026010,KDMO230
SW731-210-2026030,CWA291
SW731-211-2026010,KDMO230
SW731-211-2026030,AWE304
SW731-212-2026010,RAHILL4
SW731-213-2026010,JSBOWL3
SW731-214-2026010,JSBOWL3
SW731-214-2026030,MLGOLD2
SW731-215-2026010,MLGOLD2
SW731-215-2026030,DLBARN0
SW731-216-2026010,JMTA240
SW731-216-2026030,MCMOON2
SW731-217-2026010,JMTA240
SW731-217-2026030,LRE277
SW731-218-2026010,DLBARN0
SW731-218-2026030,DLBARN0
SW731-219-2026010,DLBARN0
SW731-221-2026010,MCMOON2
SW731-222-2026010,REST249
SW731-223-2026010,KRAT224
SW731-224-2026010,BGA272
SW731-225-2026010,BGA272
SW731-226-2026010,AMB229
SW731-227-2026010,RAHILL4
SW731-230-2026020,TBDO222
SW733-201-2026010,JMNADZ2
SW733-201-2026030,RAHILL4
SW733-202-2026010,GCBI224
SW733-202-2026030,JMNADZ2
SW733-203-2026010,SKI308
SW733-203-2026030,JMOW224
SW733-204-2026010,ACBE232
SW733-204-2026030,RMFO231
SW733-205-2026010,RMFO231
SW733-205-2026030,NAPA231
SW733-206-2026010,JMOW224
SW733-206-2026030,EKE247
SW733-207-2026010,BLWE225
SW733-207-2026030,RSTIL3
SW733-208-2026010,NAPA231
SW733-208-2026030,HJDE225
SW733-209-2026010,SAKRUS2
SW733-209-2026030,SKI308
SW733-210-2026010,RSTIL3
SW733-210-2026030,BLWE225
SW733-211-2026010,CNSA222
SW733-211-2026030,THO307
SW733-212-2026010,BPO271
SW733-212-2026030,BPO271
SW733-213-2026010,ACBE232
SW733-213-2026030,KRO321
SW733-214-2026030,SEBRYA3
SW733-220-2026030,HJDE225
SW733-221-2026030,JSBOWL3
SW733-222-2026030,JSBOWL3
SW733-223-2026030,KDU257
SW733-225-2026030,AJA345
SW733-226-2026030,RBA333
SW733-227-2026030,LSU241
SW733-228-2026030,DBE320
SW738-001-2026010,KALA254
SW738-201-2026010,CWFLAH2
SW738-201-2026030,CWFLAH2
SW740-201-2026010,REMA222
SW740-201-2026030,MDSCAN0
SW740-202-2026010,DROBI3
SW740-202-2026030,SAKRUS2
SW740-203-2026010,DROBI3
SW740-203-2026030,TNKN224
SW740-204-2026010,CDADAM2
SW740-204-2026030,MLNO231
SW740-205-2026010,RPWO222
SW740-205-2026030,MLNO231
SW740-206-2026010,RPWO222
SW740-206-2026030,MJTAYL0
SW740-207-2026010,PRMCCL0
SW740-207-2026030,PDRO229
SW740-208-2026010,DMPA252
SW740-208-2026030,YRO227
SW740-209-2026010,ADMU232
SW740-210-2026010,KGDOTS2
SW740-210-2026030,HMJE227
SW740-211-2026010,KGDOTS2
SW740-211-2026030,SAKRUS2
SW740-212-2026010,UK09287
SW740-212-2026030,TNKN224
SW740-213-2026010,RLSMIT1
SW740-214-2026010,KLREAM0
SW740-215-2026010,MBTH227
SW740-216-2026010,ANMAU2
SW740-217-2026010,EFLI222
SW740-218-2026010,ARPA222
SW740-219-2026010,ARPA222
SW740-220-2026010,JWDOSS2
SW741-201-2026010,MDSCAN0
SW741-201-2026030,ANMAU2
SW741-202-2026010,SAKRUS2
SW741-202-2026030,DROBI3
SW741-203-2026010,TNKN224
SW741-203-2026030,DROBI3
SW741-204-2026010,MLNO231
SW741-204-2026030,CDADAM2
SW741-205-2026010,MLNO231
SW741-205-2026030,RPWO222
SW741-206-2026010,MJTAYL0
SW741-206-2026030,RPWO222
SW741-207-2026010,PDRO229
SW741-207-2026030,PRMCCL0
SW741-208-2026010,YRO227
SW741-208-2026030,DMPA252
SW741-209-2026030,ADMU232
SW741-210-2026010,HMJE227
SW741-210-2026030,KGDOTS2
SW741-211-2026030,KGDOTS2
SW741-212-2026030,UK09287
SW741-213-2026030,RLSMIT1
SW741-214-2026030,KLREAM0
SW741-215-2026030,KLREAM0
SW741-216-2026030,ANMAU2
SW741-217-2026030,EFLI222
SW741-218-2026030,ARPA222
SW741-219-2026030,ARPA222
SW741-220-2026030,JWDOSS2
SW745-201-2026010,JLGAMB00
SW745-201-2026030,JLGAMB00
SW745-202-2026030,MRLE245
SW745-203-2026030,SYPICK2
SW745-204-2026030,JLGAMB00
SW746-201-2026010,KMEU222
SW746-201-2026030,KMEU222
SW746-202-2026010,KMEU222
SW746-202-2026030,KMEU222
SW750-201-2026010,MSHO240
SW750-201-2026030,RLBO238
SW750-201-2026030,WLI296
SW750-202-2026010,GZO222
SW750-202-2026030,GZO222
SW750-203-2026010,LAGARN4
SW750-203-2026030,RJNE227
SW750-204-2026010,JKWE234
SW750-204-2026030,MAOL224
SW750-205-2026030,GCBI224
SW750-206-2026010,KCA351
SW750-206-2026030,KCA351
SW750-207-2026010,RGCOLL0
SW750-207-2026030,JKWE234
SW750-208-2026010,NME251
SW750-208-2026030,DCO315
SW750-209-2026010,NME251
SW750-209-2026030,KCA351
SW750-210-2026030,DFL248
SW750-211-2026030,CJMC278
SW750-212-2026030,KCH316
SW750-213-2026030,THO307
SW750-214-2026030,THO307
SW750-215-2026030,RGCOLL0
SW750-216-2026030,RGCOLL0
SW750-221-2026030,DCH333
SW750-222-2026030,MCH342
SW750-223-2026030,HASH222
SW750-225-2026030,RSO255
SW750-226-2026030,THO307
SW750-227-2026030,KPBL231
SW750-228-2026030,NCO281
SW750-229-2026030,DWO250
SW750-230-2026030,KGA327
SW757-001-2026010,NDPO224
SW757-001-2026030,NDPO224
SW767-001-2026010,NDPO224
SW767-001-2026030,NDPO224
SW767-010-2026050,NDPO224
SW770-001-2026010,MAMO320
SW771-001-2026030,AEJO251
SW772-001-2026030,NDPO224
SW772-002-2026030,MAHA390
SW775-001-2026010,AEJO251
SW780-001-2026010,LRROWE0
SW780-001-2026030,KJSC257
SW780-002-2026010,SLCL240
SW780-002-2026030,LRROWE0
SW780-003-2026010,AEJO251
SW780-201-2026010,JLGAMB00
SW780-210-2026050,AJDISH2
SW782-001-2026010,KKSH225
SW783-001-2026030,TJNE236
SW785-001-2026030,NDPO224
SW786-001-2026010,KJSC257
SW786-001-2026030,KALA254
SW786-002-2026010,MAHA390
SW786-002-2026030,KKSH225
SW786-003-2026010,TBDO222
SW786-004-2026010,CMMA331
SW786-004-2026030,AEJO251
SW786-005-2026010,SLCL240
SW786-005-2026030,CMKI265
SW786-006-2026030,LRROWE0
SW786-007-2026030,XWA302
SW786-008-2026030,LCBO243
SW786-009-2026030,TBDO222
SW786-011-2026030,SLCL240
SW786-012-2026030,XWA302
SW787-001-2026030,ACTR231
SW787-002-2026030,SMBA259
SW790-001-2026010,LDST243
SW852-201-2026030,EXNYER2
SW852-202-2026030,CMRI241
SW852-203-2026030,CJBARN0
SW852-204-2026030,CJBARN0
SW852-205-2026030,NNPE224
SW852-206-2026030,NNPE224
SW852-207-2026030,JMIM226
SW852-208-2026030,JMIM226
SW853-201-2026010,JACO340
SW853-202-2026010,AMBU323
SW855-201-2026010,ALJO319
SW855-202-2026010,RJNE227
SW855-203-2026010,PTU227
SW855-204-2026010,SMELLI4
SW855-205-2026010,ZTMC224
SW855-206-2026010,SKBUCK2
SW855-207-2026010,KLHOLL9
SW855-208-2026010,KLHOLL9
SW855-209-2026010,JMLE294
SW855-211-2026010,LBE279
SW855-214-2026010,HPE231
SW855-215-2026010,NNPE224
SW855-216-2026010,NNPE224
SW855-217-2026010,AKE251
SW855-218-2026010,AKE251
SW855-219-2026010,KMMA271
SW855-220-2026010,HBA241
SW856-201-2026010,MLANDE0
SW856-202-2026010,TAT227
SW856-204-2026010,CJBARN0
SW856-205-2026010,CJBARN0
SW856-206-2026010,SKBUCK2
SW856-207-2026010,AJMC292
SW856-208-2026010,AJMC292
SW856-209-2026010,MRE281
SW856-210-2026010,SHBU222
SW856-211-2026010,SHBU222
SW856-212-2026010,TAT227
SW856-213-2026010,JMIM226
SW856-214-2026010,JMIM226
SW856-215-2026010,ALPI230
SW856-216-2026010,ELSL226
SW856-217-2026010,HPE231
SW859-201-2026010,JKN231
SW859-201-2026030,EXNYER2
SW859-202-2026030,ACTR231
SW859-203-2026010,CMRI241
SW859-203-2026030,NEPO236
SW859-204-2026010,WHROBI1
SW859-204-2026030,NEPO236
SW859-205-2026010,CRCART3
SW859-205-2026030,CMRI241
SW859-206-2026010,CRCART3
SW859-206-2026030,KJGANN2
SW859-207-2026010,KJGANN2
SW859-207-2026030,JKN231
SW859-208-2026010,KJGANN2
SW859-208-2026030,MRLO231
SW859-209-2026010,MRLO231
SW859-210-2026010,NEPO236
SW859-211-2026010,NEPO236
SW859-212-2026010,ABPA222
SW860-201-2026030,AWE304
SW860-203-2026030,XWA302
SW860-204-2026030,PTU227
SW860-205-2026030,DCH333
SW860-206-2026030,JCO316
SW860-207-2026030,PTU227
SW860-208-2026030,DCH333
SW860-214-2026030,HBA241
SW860-215-2026030,LSC260
SW860-216-2026030,KAGE235
SW860-217-2026030,SKBUCK2
SW860-218-2026030,CRCART3
SW860-219-2026030,CSH336
SW860-220-2026030,RSTIL3
SW861-201-2026030,TAT227
SW861-202-2026030,WHROBI1
SW861-203-2026030,KJGANN2
SW861-204-2026030,SHBU222
SW862-201-2026010,ALPI230
SW862-202-2026010,PTU227
SW862-203-2026010,SAGR230
SW862-204-2026010,LSC260
SW863-201-2026010,AHI288
SW863-202-2026010,JCA350
SW863-203-2026010,ZTMC224
SW863-204-2026010,LEES227
SW864-201-2026030,LAGARN4
SW864-203-2026030,SFL248
SW864-204-2026030,AKE251
SW864-205-2026030,ELSL226
SW864-206-2026030,JACO340
SW864-207-2026030,LBE279
SW864-208-2026030,CRCART3
SW864-214-2026030,NCO250
SW864-215-2026030,ZTMC224
SW864-216-2026030,SHBU222
SW864-217-2026030,ALJO319
SW864-218-2026030,ALJO319
SW864-219-2026030,DMMI266
SW864-220-2026030,KDI222
SW865-201-2026030,JCA350
SW865-203-2026030,KDI222
SW865-204-2026030,KPBL231
SW865-205-2026030,SAGR230
SW865-206-2026030,SAGR230
SW865-207-2026030,AJMC292
SW865-208-2026030,AJMC292
SW865-209-2026030,TRWI224
SW865-210-2026030,SMELLI4
SW865-211-2026030,JACO340
SW865-212-2026030,AMBU323
SW871-201-2026030,MLANDE0
SW871-202-2026030,LAGARN4
SW871-203-2026030,JVA241
SW871-204-2026030,MRE281
SW872-201-2026010,JVA241
SW872-202-2026010,LAGARN4
SW872-203-2026010,NCO250
SW872-204-2026010,MRE281
SW872-205-2026010,AWE304
SW873-201-2026010,PNO231
SW873-202-2026010,KDI222
SW873-203-2026010,ASKE230
SW873-204-2026010,JCO316
SW873-205-2026010,ELSL226
SW873-206-2026010,RSTIL3
SW875-201-2026010,DNLARS0
SW875-202-2026010,LDST243
SW876-201-2026010,TRWI224
SW876-202-2026010,KTWEBB2
SW877-201-2026030,ALPI230
SW877-202-2026030,HPE231
SW881-201-2026010,MRLO231
SW882-201-2026030,MRE281
SW884-201-2026010,TJNE236
SW885-201-2026030,CMKI265
SW893-201-2026030,JMLE294
SW893-202-2026030,RJNE227
SW893-203-2026030,DMMI266
SW894-201-2026030,PNO231
SW894-203-2026030,NME251
SW894-204-2026030,MRLO231
SW894-205-2026030,SKBUCK2
SW894-206-2026030,ASKE230
SW894-207-2026030,ELSL226
SW894-208-2026030,AKE251
SW894-209-2026030,ZTMC224
SW894-210-2026030,VKDE222
SW894-211-2026030,KLHOLL9
SW894-212-2026030,HPE231
SW894-216-2026030,TAT227
TA110-001-2026010,CRI224
TA110-001-2026030,CRI224
TA110-002-2026010,CRI224
TA120-001-2026010,LMWOOD3
TA120-001-2026030,LMWOOD3
TA120-002-2026010,LMWOOD3
TA120-002-2026030,LMWOOD3
TA126-001-2026010,JLGI222
TA126-002-2026010,PST227
TA150-001-2026010,TWA242
TA150-001-2026030,JVKE226
TA150-002-2026030,TWA242
TA150-201-2026010,TWA242
TA150-202-2026010,KEFI224
TA225-001-2026010,PST227
TA237-001-2026030,JLGI222
TA237-002-2026030,JLGI222
TA244-001-2026030,PST227
TA260-001-2026010,ZST223
TA265-001-2026010,TWA242
TA275-001-2026030,MJE227
TA300-001-2026010,NCJONE0
TA311-001-2026010,JLGI222
TA316-001-2026010,HDFARR2
TA340-001-2026010,PST227
TA340-001-2026030,PST227
TA348-001-2026030,SKI352
TA350-001-2026010,JVKE226
TA361-001-2026030,KEFI224
TA364-001-2026010,LJWI252
TA365-001-2026030,TWA242
TA367-001-2026030,JVKE226
TA369-001-2026010,JVKE226
TA374-001-2026010,KEFI224
TA385-001-2026010,CRI224
TA386-001-2026030,CRI224
TA390-001-2026010,LJWI252
TA390-001-2026030,LJWI252
TA390-002-2026010,LJWI252
TA390-002-2026030,LJWI252
TA390-003-2026010,STH236
TA390-003-2026030,LJWI252
TA390-004-2026010,KEFI224
TA390-004-2026030,KEFI224
TA390-005-2026010,KEFI224
TA390-005-2026030,KEFI224
TA390-006-2026010,KEFI224
TA390-006-2026030,JVKE226
TA390-007-2026010,JLGI222
TA390-007-2026030,JVKE226
TA390-008-2026010,CRI224
TA390-008-2026030,JVKE226
TA390-009-2026010,ZST223
TA390-009-2026030,ZST223
TA390-010-2026010,ZST223
TA390-010-2026030,ZST223
TA390-011-2026010,ZST223
TA390-011-2026030,ZST223
TA390-012-2026010,JVKE226
TA390-012-2026030,STH236
TA390-013-2026010,JVKE226
TA390-013-2026030,HDFARR2
TA390-014-2026010,NCJONE0
TA392-001-2026010,JVKE226
TA392-001-2026030,LJWI252
TA392-002-2026010,KEFI224
TA392-002-2026030,KEFI224
TA392-003-2026010,ZST223
TA392-003-2026030,JVKE226
TA392-004-2026010,LJWI252
TA392-004-2026030,ZST223
TA395-001-2026010,TWA242
TA395-001-2026030,LJWI252
TA395-002-2026010,HDFARR2
TA395-002-2026030,HDFARR2
TA395-003-2026010,KEFI224
TA395-003-2026030,KEFI224
TA395-004-2026010,JLGI222
TA395-004-2026030,JLGI222
TA395-005-2026010,NCJONE0
TA395-005-2026030,NCJONE0
TA395-006-2026010,CRI224
TA395-006-2026030,JVKE226
TA395-007-2026010,JVKE226
TA395-007-2026030,CRI224
TA395-008-2026010,ZST223
TA395-008-2026030,PST227
TA395-009-2026010,PST227
TA395-009-2026030,ZST223
TA416-001-2026030,HDFARR2
TA426-001-2026030,CRI224
TA436-001-2026030,HDFARR2
TA465-001-2026030,LJWI252
TA470-001-2026030,ZST223
TA474-001-2026030,KEFI224
TA483-001-2026010,HDFARR2
TA490-001-2026010,NCJONE0
TAD140-001-2026010,JDMO277
TAD140-001-2026030,JDMO277
TAD140-002-2026010,JDMO277
TAD140-002-2026030,NCLA228
TAD140-201-2026050,STH236
TAD140-203-2026010,ENBE223
TAD141-001-2026010,MTBA228
TAD141-001-2026030,MTBA228
TAD141-002-2026010,ACWI258
TAD142-001-2026010,NCLA228
TAD142-001-2026030,MTBA228
TAD143-001-2026010,ACWI258
TAD143-001-2026030,ACWI258
TAD149-001-2026030,JDMO277
TAD241-001-2026010,MTBA228
TAD241-001-2026030,NCLA228
TAD242-001-2026010,NCLA228
TAD242-001-2026030,DRDU229
TAD243-001-2026010,JDMO277
TAD243-001-2026030,ACWI258
TAD244-001-2026010,NCLA228
TAD341-001-2026030,MTBA228
TAD342-001-2026010,MTBA228
TAD342-001-2026030,DRDU229
TAD343-001-2026010,STH236
TAD344-001-2026030,NCLA228
TAD370-001-2026010,NCLA228
TAD392-001-2026030,TWA242
TAD392-002-2026010,MTBA228
TAD392-002-2026030,MTBA228
TAD392-003-2026010,MTBA228
TAD392-003-2026030,NCLA228
TAD392-004-2026010,NCLA228
TAD392-004-2026030,NCLA228
TAD392-005-2026010,NCLA228
TAD392-005-2026030,ZST223
TAD392-006-2026010,STH236
TAD392-006-2026030,NCLA228
TAD392-007-2026010,STH236
TAD392-007-2026030,JDMO277
TAD392-008-2026010,ZST223
TAD392-008-2026030,STH236
TAD392-009-2026010,JVKE226
TAD395-001-2026010,NCLA228
TAD395-001-2026030,NCLA228
TAD395-002-2026010,STH236
TAD395-002-2026030,STH236
TAD440-001-2026030,STH236
TAD444-001-2026030,JDMO277
TAD447-001-2026010,JDMO277
TAD470-001-2026030,STH236
TAD492-001-2026010,STH236
TEK100-201-2026010,KLTHOMD
TEK100-201-2026010,TSTHE2
TEK100-201-2026030,KLTHOMD
TEK100-201-2026030,TSTHE2
TEK209-002-2026010,JLWAHR2
TEK209-002-2026010,JRBU248
TEK300-001-2026010,JASC249
TEK300-001-2026010,KAPA238
TEK300-001-2026030,MRBAKE00
TEK300-001-2026030,PDHISL2
TEK300-002-2026030,HCHO223
TEK300-002-2026030,JCMU241
TEK300-003-2026030,CLTHYN2
TEK300-003-2026030,JMPOWE7
TOX395-010-2026050,DJONES
TOX395-011-2026050,DJONES
TOX509-001-2026030,CTI240
TOX509-001-2026030,QWE223
TOX509-001-2026030,YYZAYT2
TOX600-001-2026030,BSPEAR
TOX600-001-2026030,CFBR226
TOX600-001-2026030,HLBULLO
TOX600-001-2026030,HSWAN
TOX600-001-2026030,MSROSE2
TOX600-001-2026030,MUP225
TOX600-001-2026030,NTI224
TOX600-001-2026030,RCGRON0
TOX600-001-2026030,YYZAYT2
TOX663-001-2026010,CTI240
TOX663-001-2026010,EAL282
TOX663-001-2026010,GXI223
TOX663-001-2026010,TIZ222
TOX680-001-2026010,CTI240
TOX680-001-2026010,DKORRE2
TOX680-001-2026010,EAL282
TOX680-001-2026010,GXI223
TOX680-001-2026010,HYANG3
TOX680-001-2026010,KFO241
TOX680-001-2026010,LCH257
TOX680-001-2026010,MEMO308
TOX680-001-2026010,TIZ222
TOX680-001-2026010,XLI369
TOX680-001-2026010,YYZAYT2
TOX680-001-2026010,ZLI343
TOX748-001-2026030,MELLON
TOX749-001-2026030,MELLON
TOX749-010-2026050,MELLON
TOX749-011-2026050,MELLON
TOX757-001-2026030,YYZAYT2
TOX767-010-2026050,MELLON
TOX767-011-2026050,MELLON
TOX768-001-2026030,MELLON
TOX768-020-2026050,MELLON
TOX769-001-2026030,MELLON
TOX769-010-2026050,MELLON
TOX769-011-2026050,MELLON
TOX770-001-2026010,ZLI343
TOX770-001-2026030,ZLI343
TOX770-002-2026010,DJONES
TOX770-002-2026010,NLVAND0
TOX770-002-2026010,XLI369
TOX780-001-2026010,WMI237
TOX780-001-2026030,JYA273
TOX780-001-2026030,XLI369
TOX780-002-2026030,MELLON
TOX780-002-2026030,WMI237
TOX780-003-2026030,MELLON
TOX790-001-2026010,MELLON
TOX790-001-2026010,YYZAYT2
TOX790-010-2026050,MELLON
TOX790-011-2026050,MELLON
TOX800-001-2026010,CTI240
TOX800-001-2026010,DJONES
TOX800-001-2026010,KFO241
TOX800-001-2026010,PAK222
TOX800-001-2026010,QWE223
TOX800-001-2026010,RMHI222
TOX800-001-2026010,WMI237
TOX800-002-2026010,DJONES
TOX800-002-2026010,KFO241
TOX800-002-2026010,PAK222
TOX800-002-2026010,QWE223
TOX800-002-2026010,RMHI222
TOX800-002-2026010,WMI237
TOX800-002-2026010,ZLI343
TOX810-001-2026010,GJDAVIS
TOX810-001-2026010,NLVAND0
TOX810-001-2026010,WMI237
TOX820-001-2026030,GJDAVIS
TOX820-001-2026030,NLVAND0
TOX820-001-2026030,WMI237
TOX830-001-2026030,DKORRE2
TOX830-001-2026030,QWE223
TOX830-001-2026030,TIZ222
TOX840-001-2026030,DJONES
TOX840-001-2026030,WMI237
TOX860-001-2026010,WMI237
TOX880-001-2026010,MELLON
TOX880-001-2026010,WMI237
TOX910-001-2026010,CFBR226
TOX910-001-2026010,CWA236
TOX910-001-2026010,DKORRE2
TOX910-001-2026010,LADA237
TOX910-001-2026010,MELLON
TOX910-001-2026010,TIZ222
TOX920-001-2026010,RMHI222
TOX920-001-2026010,TIZ222
TOX920-001-2026010,WMI237
TOX980-010-2026050,MELLON
TSL560-001-2026030,OYA226
TSL597-001-2026030,SHDUBR2
TSL675-001-2026030,SHDUBR2
TSL697-001-2026010,SHDUBR2
TSL697-001-2026030,SHDUBR2
UCF300-001-2026030,NPWI222
UCF410-001-2026030,HNCLAR2
UED501-001-2026030,JNFUGA0
UED501-002-2026010,JNFUGA0
UED601-001-2026010,JNFUGA0
UED612-001-2026010,JNFUGA0
UK101-001-2026010,THE259
UK101-001-2026010,TMRO246
UK101-001-2026030,JDO293
UK101-002-2026010,ALGE222
UK101-003-2026030,NKI255
UK101-004-2026010,DMA356
UK101-005-2026010,SMNA228
UK101-006-2026010,RJA246
UK101-007-2026010,KGGI222
UK101-008-2026010,ADME224
UK101-009-2026010,NKI255
UK101-010-2026010,NESEAV0
UK101-010-2026030,MCPAGE0
UK101-011-2026010,JDO293
UK101-012-2026010,KRBO251
UK101-013-2026010,RMTH244
UK101-014-2026010,CGAD222
UK101-015-2026010,BRMI231
UK101-016-2026010,LLOCK2
UK101-017-2026010,KMJO311
UK101-018-2026010,JNSTRA3
UK101-019-2026010,MECO288
UK101-020-2026010,AKALI2
UK101-021-2026010,DELA230
UK101-022-2026010,JOW239
UK101-023-2026010,ASTH226
UK101-024-2026010,ERNE222
UK101-025-2026010,MMPA252
UK101-026-2026010,BKDA231
UK101-027-2026010,LTKH222
UK101-028-2026010,CFO253
UK101-029-2026010,RRBR222
UK101-030-2026010,KHA386
UK101-031-2026010,TMARTIN
UK101-032-2026010,ATPE224
UK101-033-2026010,NMC265
UK101-034-2026010,ATBL232
UK101-036-2026010,CAST278
UK101-037-2026010,DTFLEN2
UK101-038-2026010,JNRH222
UK101-039-2026010,JLRI282
UK101-040-2026010,NSA251
UK101-041-2026010,CROGE3
UK101-042-2026010,MLDI226
UK101-043-2026010,MLCO262
UK101-044-2026010,DGABB2
UK101-045-2026010,KRSH240
UK101-047-2026010,HLMETZ0
UK101-048-2026010,MCHO243
UK101-049-2026010,BLBR255
UK101-050-2026010,JCMU245
UK101-051-2026010,GLMEAN2
UK101-052-2026010,AJFAST2
UK101-053-2026010,KMSLAY0
UK101-054-2026010,JMNE243
UK101-055-2026010,JLGEUR2
UK101-056-2026010,CMBR259
UK101-056-2026010,JNRH222
UK101-057-2026010,LRMU231
UK101-058-2026010,MRCATL0
UK101-059-2026010,AWILLIAM
UK101-061-2026010,RAPU222
UK101-064-2026010,DLPE224
UK101-065-2026010,DLPE224
UK101-066-2026010,BMDI233
UK101-067-2026010,JGPA225
UK101-068-2026010,JGPA225
UK101-069-2026010,WAAARO0
UK101-070-2026010,RDSC232
UK101-071-2026010,WAAARO0
UK101-072-2026010,DDFREE1
UK101-073-2026010,PAJO232
UK101-074-2026010,DJLEWI5
UK101-075-2026010,DHDA223
UK101-076-2026010,LMWH225
UK101-077-2026010,DAMI234
UK101-078-2026010,JNSAWY2
UK101-079-2026010,DJLEWI5
UK101-080-2026010,DDFREE1
UK101-081-2026010,LMWH225
UK101-082-2026010,SLGI225
UK101-083-2026010,LSCO229
UK101-084-2026010,TAKI230
UK101-085-2026010,HJO252
UK101-086-2026010,AANO233
UK101-087-2026010,JMC229
UK101-088-2026010,RLCH236
UK101-089-2026010,JKJA228
UK101-090-2026010,MDWI245
UK101-091-2026010,ATRALP0
UK101-092-2026010,TSBL223
UK101-093-2026010,SASA254
UK101-094-2026010,THE259
UK101-095-2026010,SMSM282
UK101-097-2026010,SBCONL0
UK101-098-2026010,TLHU242
UK101-099-2026010,JASPEN0
UK101-100-2026010,KGPH224
UK101-101-2026010,REWI250
UK101-102-2026010,MCPAGE0
UK101-103-2026010,DMALONE
UK101-104-2026010,AMBASS2
UK101-105-2026010,BSM225
UK101-106-2026010,ZDMO223
UK101-107-2026010,BDHAYD2
UK101-109-2026010,SSI269
UK101-110-2026010,LTLE00
UK101-111-2026010,SSI269
UK101-112-2026010,LTLE00
UK101-113-2026010,RKST222
UK101-114-2026010,CEJONE00
UK101-115-2026010,SMWR229
UK101-116-2026010,AAHA249
UK101-117-2026010,HBBL223
UK101-118-2026010,HLMETZ0
UK101-119-2026010,CVDE223
UK101-120-2026010,DDI253
UK101-121-2026010,JDCA224
UK101-122-2026010,BHA259
UK101-123-2026010,ANY233
UK101-124-2026010,JST243
UK101-125-2026010,CJJOHN5
UK101-126-2026010,SKETT2
UK101-127-2026010,AKCRUM2
UK101-128-2026010,AKALI2
UK101-129-2026010,BNGA232
UK101-130-2026010,MJPR228
UK101-131-2026010,ADSENS3
UK101-132-2026010,DBO291
UK101-133-2026010,MJPR228
UK101-134-2026010,JDO293
UK101-135-2026010,CDJO227
UK101-136-2026010,SMFE226
UK101-137-2026010,HLDU231
UK101-138-2026010,KTWO227
UK101-139-2026010,RTTICH2
UK101-140-2026010,BHA259
UK101-141-2026010,DBO291
UK101-142-2026010,NJE226
UK101-143-2026010,JHI307
UK101-144-2026010,CYA254
UK101-145-2026010,WCA240
UK101-146-2026010,AAL457
UK101-147-2026010,BWI298
UK101-148-2026010,AAB322
UK101-149-2026010,CYA254
UK101-150-2026010,SGA305
UK101-151-2026010,BFU224
UK101-152-2026010,QLFA222
UK101-156-2026010,WLLI224
UK101-157-2026010,BDHAYD2
UK101-158-2026010,SJBR244
UK101-159-2026010,NJE226
UK105-001-2026010,CHMA225
UK105-001-2026030,MEMARQ0
UK105-002-2026030,KGGI222
UK105-003-2026030,ADME224
UK105-004-2026030,BHA259
UK105-006-2026030,DRO326
UK105-007-2026030,JEHORN1
UK105-009-2026030,BGMU223
UK105-010-2026030,JNPR229
UK105-011-2026030,ALGE222
UK105-012-2026030,RJA246
UK105-013-2026030,DGABB2
UK105-014-2026030,WMA256
UK105-016-2026030,CLHO252
UK105-018-2026030,SLGI225
UK105-201-2026030,AANO233
UK105-202-2026030,TAKI230
UK150-710-2026050,ALGE222
UK150-710-2026050,ARPE242
UK150-710-2026050,BHA259
UK150-710-2026050,CSBU242
UK150-710-2026050,DMA356
UK150-710-2026050,EZCA222
UK150-710-2026050,JKSC235
UK150-710-2026050,JLJO232
UK150-710-2026050,JLRI282
UK150-710-2026050,KRBO251
UK150-710-2026050,MTR242
UK150-710-2026050,TNTI223
UK150-710-2026050,TSU234
UK150-711-2026050,BHA259
UK150-711-2026050,DMA356
UK150-711-2026050,TNTI223
UK150-712-2026050,BHA259
UK150-712-2026050,CSBU242
UK150-712-2026050,DMA356
UK150-712-2026050,JLRI282
UK150-713-2026050,BHA259
UK150-713-2026050,DMA356
UK150-713-2026050,EZCA222
UK150-713-2026050,KRBO251
UK150-714-2026050,ALGE222
UK150-714-2026050,BHA259
UK150-714-2026050,DMA356
UK150-714-2026050,TSU234
UK150-715-2026050,BHA259
UK150-715-2026050,DMA356
UK150-715-2026050,JLJO232
UK150-715-2026050,MTR242
UK150-716-2026050,ARPE242
UK150-716-2026050,BHA259
UK150-716-2026050,DMA356
UK150-716-2026050,JKSC235
UK201-002-2026010,KEMCDO3
UK201-005-2026010,LTLE00
UK201-006-2026010,VHHY222
UK201-007-2026010,JLYO236
UK201-008-2026010,ELWE225
UK201-009-2026010,TFHE225
UK205-001-2026010,JEHORN1
UK205-001-2026030,CHMA225
UK205-002-2026010,CMBR259
UK205-002-2026010,MCHO243
UK205-004-2026010,VGHAHN2
UK205-006-2026010,CTGR227
UK205-008-2026010,JNPR229
UK205-010-2026010,CLHO252
UK205-012-2026010,MBDEFF2
UK205-201-2026010,BSDU223
UK300-001-2026010,IES222
UK300-001-2026030,IES222
UKC290-001-2026010,HSYME2
UKC290-001-2026010,MFE270
UKC290-001-2026010,OYA226
UKC291-001-2026010,EBE235
UKC291-001-2026010,RSAND1
URO849-002-2026010,PJHE223
URO849-003-2026010,PJHE223
URO849-004-2026010,PJHE223
URO849-005-2026010,PJHE223
URO849-006-2026010,PJHE223
URO849-007-2026010,PJHE223
URO854-001-2026010,JPA277
URO854-002-2026010,JPA277
URO854-003-2026010,JPA277
URO854-004-2026010,JPA277
URO854-005-2026010,JPA277
URO854-006-2026010,JPA277
URO854-007-2026030,JPA277
URO854-008-2026030,EFMA224
URO854-009-2026030,EFMA224
URO963-008-2026030,AOA222
URO963-009-2026030,AOA222
URO963-010-2026030,AOA222
USB201-001-2026010,ELBU226
USB201-001-2026030,ELBU226
USB201-201-2026010,ELBU226
USB201-201-2026030,ELBU226
USB399-001-2026030,SMLYON3
USB399-002-2026030,ELBU226
USB399-010-2026050,ELBU226
USB495-201-2026010,ELBU226
USB495-201-2026030,ELBU226
VS300-001-2026030,MASM264
VS300-002-2026030,BSP245
VS500-001-2026030,BLA290
VS500-001-2026030,HEL226
VS575-001-2026010,DKHOWE2
VS597-001-2026030,CLSHAF2
VS597-002-2026030,TSKA223
VS597-003-2026030,TSKA223
VS597-004-2026030,HEL226
VS748-010-2026050,TSKA223
VS749-010-2026050,TSKA223
VS768-008-2026010,DWA240
VS770-001-2026010,ENAD222
VS770-001-2026030,ENAD222
VS770-001-2026030,TSKA223
VS777-001-2026010,HEL226
VS791-010-2026050,AAADAM3
VS791-011-2026050,ENAD222
VS791-012-2026050,AEPA225
WRD110-001-2026010,ALI307
WRD110-001-2026030,SJGE223
WRD110-002-2026010,SJGE223
WRD110-002-2026030,SJGE223
WRD110-003-2026010,JCMU241
WRD110-003-2026030,EAMEUS2
WRD110-004-2026010,LJBI228
WRD110-004-2026030,JJRO228
WRD110-005-2026010,MSA459
WRD110-005-2026030,EAMEUS2
WRD110-006-2026010,ALI307
WRD110-006-2026030,RAEL225
WRD110-007-2026010,SJGE223
WRD110-007-2026030,SBROLF2
WRD110-008-2026010,JCMU241
WRD110-008-2026030,RWAD223
WRD110-009-2026010,ELZE223
WRD110-009-2026030,ZCGRIF2
WRD110-010-2026010,LJBI228
WRD110-010-2026030,ZCGRIF2
WRD110-011-2026010,AWMA252
WRD110-011-2026030,RWAD223
WRD110-012-2026010,RAEL225
WRD110-013-2026010,TEKI226
WRD110-014-2026010,MSA459
WRD110-015-2026010,ELZE223
WRD110-016-2026010,MRHU252
WRD110-017-2026010,CBCO252
WRD110-018-2026010,MDLA261
WRD110-019-2026010,EAMEUS2
WRD110-020-2026010,PMBI225
WRD110-021-2026010,CIMO225
WRD110-022-2026010,MJI231
WRD110-023-2026010,SRRA249
WRD110-024-2026010,AJZA226
WRD110-025-2026010,MRHU252
WRD110-026-2026010,MDLA261
WRD110-027-2026010,TEKI226
WRD110-028-2026010,EAMEUS2
WRD110-029-2026010,PMBI225
WRD110-030-2026010,CBCO252
WRD110-031-2026010,CIMO225
WRD110-032-2026010,SRRA249
WRD110-033-2026010,ICWI226
WRD110-034-2026010,EBKA222
WRD110-035-2026010,IFMA224
WRD110-036-2026010,HJDE227
WRD110-037-2026010,SJGE223
WRD110-038-2026010,AWMA252
WRD110-039-2026010,IFMA224
WRD110-040-2026010,EBKA222
WRD110-041-2026010,TEKI226
WRD110-042-2026010,JECH245
WRD110-043-2026010,EAMEUS2
WRD110-044-2026010,MJI231
WRD110-045-2026010,ICWI226
WRD110-046-2026010,SJGE223
WRD110-047-2026010,EAMEUS2
WRD110-048-2026010,HJDE227
WRD110-049-2026010,TEKI226
WRD110-050-2026010,AJZA226
WRD110-051-2026010,JECH245
WRD110-052-2026010,TEKI226
WRD110-053-2026010,EAMEUS2
WRD110-054-2026010,JCQU223
WRD110-055-2026010,JCMU241
WRD110-056-2026010,ADTI225
WRD110-057-2026010,DEJO232
WRD110-058-2026010,LGCO239
WRD110-059-2026010,MDKO226
WRD110-060-2026010,SJSO228
WRD110-061-2026010,JCQU223
WRD110-062-2026010,JJRO228
WRD110-063-2026010,RWAD223
WRD110-064-2026010,LGCO239
WRD110-065-2026010,CACR223
WRD110-066-2026010,JCMU241
WRD110-067-2026010,JRI237
WRD110-067-2026010,LMSCHR2
WRD110-068-2026010,CACR223
WRD110-069-2026010,ADTI225
WRD110-070-2026010,CCH397
WRD110-071-2026010,JJRO228
WRD110-072-2026010,JJRO228
WRD110-073-2026010,JQWI223
WRD110-074-2026010,DEJO232
WRD110-075-2026010,SBROLF2
WRD110-076-2026010,ZCGRIF2
WRD110-077-2026010,MDKO226
WRD110-078-2026010,RWAD223
WRD110-079-2026010,SBROLF2
WRD110-080-2026010,CCH397
WRD110-081-2026010,JJRO228
WRD110-082-2026010,GWSE223
WRD110-083-2026010,RWAD223
WRD110-084-2026010,JQWI223
WRD110-085-2026010,ZCGRIF2
WRD110-086-2026010,RWAD223
WRD110-087-2026010,JQWI223
WRD110-088-2026010,JCO323
WRD110-089-2026010,VEAT222
WRD110-090-2026010,SJSO228
WRD110-091-2026010,DMSC240
WRD110-092-2026010,GWSE223
WRD110-093-2026010,JQWI223
WRD110-094-2026010,DGI262
WRD110-095-2026010,LBA286
WRD110-201-2026010,BSU234
WRD110-201-2026030,ALI307
WRD110-202-2026010,BSU234
WRD110-202-2026030,ADTI225
WRD110-203-2026010,CIMO225
WRD110-203-2026030,ADTI225
WRD110-204-2026010,ZCGRIF2
WRD110-205-2026010,BSU234
WRD110-206-2026010,KMKO233
WRD110-207-2026010,KMKO233
WRD110-208-2026010,BSU234
WRD110-209-2026010,ZCGRIF2
WRD110-601-2026010,LEHA291
WRD110-601-2026030,ESA274
WRD110-602-2026010,CTKING0
WRD110-602-2026030,ESA274
WRD110-603-2026010,CTKING0
WRD110-603-2026030,KOW228
WRD110-604-2026010,JLO305
WRD110-605-2026010,KOW228
WRD110-606-2026010,JLO305
WRD110-607-2026010,ATBO226
WRD110-608-2026010,MMPR238
WRD110-609-2026010,MMPR238
WRD110-610-2026010,DEMC242
WRD110-611-2026010,HMC246
WRD110-612-2026010,HMC246
WRD110-613-2026010,LAVA242
WRD110-614-2026010,LAVA242
WRD110-615-2026010,LAVA242
WRD110-616-2026010,LAVA242
WRD110-617-2026010,CTKING0
WRD111-001-2026010,KMKO233
WRD111-001-2026030,JCMU241
WRD111-002-2026010,KMKO233
WRD111-002-2026030,SJGE223
WRD111-003-2026010,ALI307
WRD111-003-2026030,EAMEUS2
WRD111-004-2026010,ALI307
WRD111-004-2026030,JCMU241
WRD111-005-2026010,AJZA226
WRD111-005-2026030,PMBI225
WRD111-006-2026010,AJZA226
WRD111-006-2026030,CIMO225
WRD111-007-2026010,SBROLF2
WRD111-007-2026030,MDLA261
WRD111-008-2026010,SBROLF2
WRD111-008-2026030,HJDE227
WRD111-009-2026010,JTBA226
WRD111-009-2026030,ELZE223
WRD111-010-2026030,IFMA224
WRD111-011-2026030,MSA459
WRD111-012-2026030,CCH397
WRD111-013-2026030,PMBI225
WRD111-014-2026030,AWMA252
WRD111-015-2026030,MDLA261
WRD111-016-2026030,CIMO225
WRD111-017-2026030,IFMA224
WRD111-018-2026030,MSA459
WRD111-019-2026030,JECH245
WRD111-020-2026030,AWMA252
WRD111-021-2026030,HJDE227
WRD111-022-2026030,ELZE223
WRD111-023-2026030,JECH245
WRD111-024-2026030,JCQU223
WRD111-025-2026030,MRHU252
WRD111-026-2026030,CCH397
WRD111-027-2026030,MDKO226
WRD111-028-2026030,SJGE223
WRD111-029-2026030,ICWI226
WRD111-030-2026030,JCQU223
WRD111-031-2026030,MDKO226
WRD111-032-2026030,DMSC240
WRD111-033-2026030,MRHU252
WRD111-034-2026030,CIMO225
WRD111-035-2026030,ICWI226
WRD111-036-2026030,JJRO228
WRD111-037-2026030,CIMO225
WRD111-038-2026030,EAMEUS2
WRD111-039-2026030,BMER226
WRD111-040-2026030,JJRO228
WRD111-041-2026030,JCMU241
WRD111-042-2026030,LJBI228
WRD111-043-2026030,LGCO239
WRD111-044-2026030,JCMU241
WRD111-045-2026030,LGCO239
WRD111-046-2026030,JMU262
WRD111-047-2026030,SBROLF2
WRD111-048-2026030,DEJO232
WRD111-049-2026030,GWSE223
WRD111-050-2026030,EBKA222
WRD111-051-2026030,CBCO252
WRD111-052-2026030,MJI231
WRD111-053-2026030,LJBI228
WRD111-054-2026030,RWAD223
WRD111-055-2026030,SRRA249
WRD111-056-2026030,JCO323
WRD111-057-2026030,DEJO232
WRD111-058-2026030,SJSO228
WRD111-059-2026030,TEKI226
WRD111-060-2026030,JMU262
WRD111-061-2026030,SJSO228
WRD111-062-2026030,SBROLF2
WRD111-063-2026030,JMU262
WRD111-064-2026030,MJI231
WRD111-065-2026030,CBCO252
WRD111-066-2026030,TEKI226
WRD111-067-2026030,EBKA222
WRD111-068-2026030,RWAD223
WRD111-069-2026030,SRRA249
WRD111-070-2026030,SBROLF2
WRD111-071-2026030,JMU262
WRD111-072-2026030,ALI307
WRD111-073-2026030,TEKI226
WRD111-074-2026030,JTBA226
WRD111-075-2026030,TEKI226
WRD111-076-2026030,GWSE223
WRD111-201-2026010,JMU262
WRD111-201-2026030,SSYA222
WRD111-202-2026010,JMU262
WRD111-202-2026030,SSYA222
WRD111-203-2026010,JMU262
WRD111-203-2026030,KMKO233
WRD111-204-2026010,JMU262
WRD111-204-2026030,KMKO233
WRD111-205-2026030,KMKO233
WRD111-206-2026030,JJRO228
WRD111-601-2026010,ESA274
WRD111-601-2026030,LEHA291
WRD111-602-2026030,CTKING0
WRD111-603-2026030,CTKING0
WRD111-604-2026030,CTKING0
WRD111-605-2026030,ESA274
WRD111-606-2026030,JLO305
WRD111-607-2026030,JLO305
WRD111-608-2026030,KOW228
WRD111-609-2026030,KOW228
WRD111-610-2026030,CACR223
WRD111-613-2026030,DEMC242
WRD111-614-2026030,HMC246
WRD111-615-2026030,HMC246
WRD111-616-2026030,LAVA242
WRD111-617-2026030,LAVA242
WRD111-618-2026030,LAVA242
WRD111-619-2026030,LAVA242
WRD112-001-2026010,CIMO225
WRD112-001-2026030,EACONN3
WRD112-002-2026010,TMARK2
WRD112-002-2026030,JQWI223
WRD112-003-2026010,EACONN3
WRD112-003-2026030,AJZA226
WRD112-004-2026010,BMSC225
WRD112-004-2026030,JQWI223
WRD112-005-2026010,JTBA226
WRD112-005-2026030,AJZA226
WRD112-006-2026010,JTBA226
WRD112-006-2026030,JQWI223
WRD112-007-2026010,BMER226
WRD112-007-2026030,AJZA226
WRD112-008-2026010,JCMU241
WRD112-008-2026030,JQWI223
WRD112-009-2026010,BMER226
WRD112-009-2026030,AJZA226
WRD112-010-2026030,CACR223
WRD112-011-2026030,CACR223
WRD112-012-2026030,JJWE230
WRD112-013-2026030,JJWE230
WRD112-014-2026030,ZCGRIF2
WRD112-015-2026030,ZCGRIF2
WRD152-001-2026030,JRI236
WRD200-001-2026010,JRI236
WRD203-201-2026030,BSU234
WRD203-202-2026030,BSU234
WRD203-203-2026030,BSU234
WRD203-204-2026030,BSU234
WRD204-001-2026010,DAHEVE2
WRD204-001-2026030,HFOSBO2
WRD204-002-2026010,DAHEVE2
WRD204-002-2026030,HFOSBO2
WRD204-004-2026010,DAHEVE2
WRD204-004-2026030,HFOSBO2
WRD204-005-2026010,DAHEVE2
WRD204-005-2026030,DAHEVE2
WRD204-006-2026010,HFOSBO2
WRD204-006-2026030,DAHEVE2
WRD204-007-2026010,HFOSBO2
WRD204-007-2026030,DAHEVE2
WRD204-008-2026010,HFOSBO2
WRD204-010-2026030,KLROGE1
WRD204-201-2026010,BMSC225
WRD204-201-2026030,JTBA226
WRD204-202-2026010,GTE223
WRD204-202-2026030,JTBA226
WRD204-203-2026010,GTE223
WRD204-203-2026030,GTE223
WRD204-204-2026010,JTBA226
WRD204-204-2026030,GTE223
WRD204-205-2026030,JTBA226
WRD204-206-2026030,DAHEVE2
WRD204-207-2026030,LECA233
WRD204-211-2026050,JTBA226
WRD205-001-2026010,KLROGE1
WRD205-001-2026030,TMARK2
WRD210-001-2026010,MCPE225
WRD210-001-2026030,MCPE225
WRD222-001-2026010,KLROGE1
WRD222-001-2026030,BMER226
WRD300-001-2026010,JRI236
WRD300-001-2026030,BJMC227
WRD301-001-2026010,EACONN3
WRD301-001-2026030,BMSC225
WRD304-001-2026010,KLROGE1
WRD304-001-2026030,HFOSBO2
WRD304-002-2026010,HFOSBO2
WRD304-002-2026030,GTE223
WRD304-003-2026010,GTE223
WRD304-003-2026030,KLROGE1
WRD304-004-2026010,JJWE230
WRD305-001-2026030,KLROGE1
WRD306-001-2026030,MCPE225
WRD307-001-2026010,RAEL225
WRD307-001-2026030,RAEL225
WRD310-001-2026010,BMSC225
WRD310-001-2026030,ALI307
WRD310-002-2026010,LECA233
WRD310-002-2026030,BMSC225
WRD310-003-2026030,ALI307
WRD312-001-2026010,TMARK2
WRD312-001-2026030,TMARK2
WRD322-001-2026010,JJWE230
WRD323-001-2026010,JHRI223
WRD323-001-2026030,CACR223
WRD323-002-2026030,HCHO223
WRD323-002-2026030,JCMU241
WRD324-001-2026030,LMSCHR2
WRD350-001-2026030,JMAB224
WRD395-001-2026030,JRI237
WRD399-001-2026030,EACONN3
WRD399-002-2026030,EACONN3
WRD399-003-2026030,EACONN3
WRD399-004-2026030,EACONN3
WRD399-005-2026030,EACONN3
WRD401-001-2026010,SSYA222
WRD401-002-2026030,EACONN3
WRD401-003-2026030,TMARK2
WRD401-004-2026030,JHRI223
WRD405-001-2026030,EACONN3
WRD406-001-2026010,EACONN3
WRD410-001-2026010,TMARK2
WRD410-001-2026030,JRI236
WRD418-001-2026010,JHRI223
WRD418-001-2026030,JHRI223
WRD430-001-2026030,BJMC227
WRD569-001-2026010,JWFE223
WRD612-201-2026010,MCPE225
WRD614-201-2026010,JRI237
WRD702-201-2026030,RECO242
WRD704-201-2026030,BMSC225
WRD750-201-2026030,KMKO233
